Index,Amplitude (0-4096)
0,745
1,733
2,747
3,802
4,827
5,861
6,898
7,913
8,885
9,674
10,538
11,783
12,1318
13,1860
14,2444
15,2987
16,3262
17,3113
18,2762
19,2341
20,1915
21,1603
22,1373
23,1184
24,1040
25,976
26,1039
27,1145
28,1092
29,1009
30,1069
31,995
32,930
33,873
34,822
35,773
36,713
37,668
38,640
39,656
40,716
41,862
42,911
43,971
44,999
45,1049
46,1069
47,1109
48,1119
49,1143
50,1162
51,1197
52,1200
53,1235
54,1232
55,1264
56,1259
57,1275
58,1365
59,1631
60,2107
61,2676
62,3208
63,3537
64,3441
65,3039
66,2611
67,2174
68,1789
69,1462
70,1199
71,989
72,899
73,909
74,1003
75,1093
76,1239
77,1258
78,1235
79,1114
80,987
81,900
82,805
83,752
84,744
85,723
86,749
87,777
88,911
89,974
90,1039
91,1083
92,1106
93,1097
94,1143
95,1133
96,1135
97,1156
98,1246
99,1557
100,2031
101,2559
102,3091
103,3417
104,3358
105,2965
106,2559
107,2143
108,1776
109,1472
110,1190
111,966
112,874
113,846
114,864
115,935
116,1023
117,1099
118,1130
119,1075
120,917
121,827
122,751
123,722
124,698
125,676
126,704
127,731
128,871
129,922
130,967
131,998
132,1047
133,1061
134,1072
135,1095
136,1196
137,1495
138,1991
139,2582
140,3136
141,3477
142,3414
143,3021
144,2605
145,2159
146,1793
147,1477
148,1223
149,1011
150,883
151,834
152,833
153,894
154,946
155,979
156,965
157,927
158,858
159,794
160,719
161,691
162,656
163,655
164,665
165,688
166,815
167,883
168,918
169,958
170,997
171,1060
172,1072
173,1090
174,1126
175,1127
176,1146
177,1170
178,1329
179,1695
180,2262
181,2883
182,3540
183,3860
184,3579
185,3041
186,2559
187,2153
188,1773
189,1462
190,1199
191,1005
192,891
193,878
194,899
195,949
196,994
197,1040
198,1039
199,967
200,885
201,822
202,752
203,685
204,687
205,679
206,693
207,722
208,859
209,897
210,934
211,977
212,1019
213,1019
214,1056
215,1140
216,1366
217,1811
218,2399
219,2952
220,3329
221,3355
222,3035
223,2625
224,2201
225,1807
226,1475
227,1212
228,995
229,845
230,789
231,815
232,877
233,957
234,1040
235,1081
236,1039
237,903
238,837
239,741
240,715
241,683
242,662
243,691
244,737
245,825
246,873
247,941
248,962
249,1008
250,1050
251,1090
252,1118
253,1147
254,1131
255,1174
256,1265
257,1525
258,2075
259,2722
260,3382
261,3798
262,3734
263,3252
264,2709
265,2251
266,1858
267,1535
268,1291
269,1097
270,944
271,880
272,857
273,881
274,913
275,960
276,938
277,902
278,848
279,789
280,722
281,678
282,656
283,650
284,657
285,684
286,784
287,845
288,891
289,947
290,979
291,1040
292,1053
293,1082
294,1090
295,1122
296,1121
297,1167
298,1371
299,1819
300,2415
301,3053
302,3648
303,3772
304,3427
305,2913
306,2435
307,2032
308,1685
309,1411
310,1191
311,1018
312,877
313,864
314,877
315,880
316,891
317,921
318,899
319,846
320,797
321,750
322,692
323,655
324,624
325,639
326,683
327,720
328,817
329,848
330,905
331,958
332,1008
333,1031
334,1072
335,1082
336,1104
337,1135
338,1179
339,1377
340,1808
341,2381
342,2971
343,3479
344,3572
345,3266
346,2794
347,2384
348,1983
349,1665
350,1389
351,1152
352,976
353,907
354,896
355,911
356,958
357,989
358,1002
359,969
360,912
361,850
362,767
363,727
364,672
365,676
366,691
367,719
368,815
369,890
370,912
371,957
372,1001
373,1040
374,1046
375,1099
376,1200
377,1487
378,1964
379,2554
380,3070
381,3409
382,3315
383,2950
384,2559
385,2160
386,1825
387,1523
388,1266
389,1052
390,897
391,836
392,847
393,883
394,934
395,957
396,961
397,920
398,871
399,791
400,741
401,695
402,655
403,653
404,672
405,717
406,830
407,876
408,918
409,953
410,993
411,1023
412,1083
413,1100
414,1113
415,1139
416,1149
417,1176
418,1178
419,1278
420,1609
421,2160
422,2800
423,3511
424,3945
425,3841
426,3351
427,2832
428,2384
429,1986
430,1669
431,1387
432,1175
433,999
434,911
435,869
436,862
437,891
438,933
439,896
440,874
441,816
442,752
443,691
444,635
445,621
446,620
447,633
448,665
449,753
450,823
451,867
452,922
453,968
454,992
455,1035
456,1050
457,1057
458,1071
459,1127
460,1331
461,1753
462,2334
463,2934
464,3479
465,3680
466,3389
467,2933
468,2480
469,2078
470,1742
471,1462
472,1234
473,1040
474,921
475,846
476,842
477,863
478,881
479,895
480,895
481,847
482,790
483,737
484,693
485,689
486,673
487,703
488,796
489,861
490,930
491,1005
492,1050
493,1081
494,1115
495,1165
496,1147
497,1119
498,1161
499,1424
500,1847
501,2407
502,2917
503,3245
504,3186
505,2852
506,2438
507,2047
508,1675
509,1391
510,1168
511,963
512,814
513,744
514,761
515,767
516,805
517,846
518,834
519,827
520,787
521,720
522,654
523,609
524,593
525,606
526,609
527,688
528,779
529,835
530,871
531,940
532,982
533,1008
534,1050
535,1067
536,1088
537,1105
538,1123
539,1119
540,1157
541,1267
542,1616
543,2179
544,2829
545,3463
546,3811
547,3618
548,3122
549,2636
550,2210
551,1872
552,1639
553,1386
554,1158
555,1001
556,878
557,833
558,817
559,816
560,839
561,832
562,815
563,753
564,718
565,656
566,624
567,611
568,615
569,644
570,693
571,784
572,818
573,866
574,907
575,925
576,962
577,999
578,1023
579,1039
580,1056
581,1095
582,1115
583,1132
584,1127
585,1157
586,1168
587,1251
588,1530
589,2038
590,2661
591,3295
592,3803
593,3772
594,3330
595,2843
596,2377
597,1994
598,1677
599,1437
600,1219
601,1043
602,931
603,885
604,896
605,902
606,913
607,902
608,869
609,827
610,778
611,721
612,690
613,651
614,650
615,673
616,691
617,807
618,858
619,880
620,922
621,970
622,992
623,1041
624,1067
625,1094
626,1115
627,1127
628,1156
629,1168
630,1170
631,1186
632,1228
633,1409
634,1771
635,2312
636,2870
637,3378
638,3598
639,3394
640,2979
641,2554
642,2148
643,1793
644,1477
645,1214
646,1035
647,931
648,918
649,971
650,1008
651,1073
652,1077
653,1072
654,995
655,911
656,851
657,784
658,731
659,703
660,711
661,739
662,765
663,880
664,906
665,947
666,987
667,1012
668,1046
669,1074
670,1103
671,1111
672,1111
673,1167
674,1361
675,1759
676,2278
677,2800
678,3248
679,3395
680,3199
681,2827
682,2438
683,2060
684,1703
685,1408
686,1152
687,990
688,898
689,894
690,938
691,974
692,1040
693,1065
694,1017
695,987
696,894
697,838
698,769
699,735
700,719
701,746
702,747
703,830
704,918
705,945
706,994
707,1042
708,1075
709,1091
710,1090
711,1103
712,1137
713,1199
714,1431
715,1886
716,2448
717,3011
718,3449
719,3555
720,3271
721,2832
722,2407
723,2032
724,1685
725,1422
726,1193
727,1037
728,943
729,905
730,919
731,941
732,974
733,964
734,931
735,880
736,829
737,753
738,711
739,701
740,677
741,687
742,720
743,796
744,850
745,891
746,941
747,988
748,1008
749,1057
750,1076
751,1092
752,1115
753,1133
754,1152
755,1232
756,1493
757,1984
758,2554
759,3146
760,3664
761,3745
762,3377
763,2899
764,2448
765,2066
766,1722
767,1440
768,1210
769,1038
770,921
771,895
772,891
773,929
774,935
775,946
776,904
777,851
778,793
779,750
780,675
781,663
782,662
783,645
784,667
785,735
786,831
787,877
788,923
789,962
790,1003
791,1018
792,1043
793,1061
794,1088
795,1134
796,1345
797,1781
798,2319
799,2875
800,3347
801,3504
802,3261
803,2846
804,2436
805,2064
806,1741
807,1443
808,1235
809,1043
810,951
811,918
812,928
813,962
814,1001
815,1039
816,1001
817,965
818,897
819,831
820,778
821,749
822,718
823,731
824,752
825,810
826,897
827,915
828,976
829,992
830,1010
831,1053
832,1147
833,1373
834,1795
835,2298
836,2775
837,3090
838,3152
839,2891
840,2554
841,2167
842,1830
843,1521
844,1233
845,1023
846,894
847,863
848,878
849,951
850,1023
851,1095
852,1105
853,1059
854,955
855,873
856,812
857,769
858,738
859,738
860,780
861,803
862,902
863,942
864,976
865,1002
866,1040
867,1073
868,1259
869,1612
870,2129
871,2646
872,3086
873,3274
874,3126
875,2773
876,2383
877,2017
878,1699
879,1407
880,1168
881,981
882,880
883,845
884,861
885,900
886,944
887,958
888,935
889,927
890,845
891,793
892,737
893,721
894,720
895,722
896,751
897,816
898,882
899,929
900,971
901,991
902,1008
903,1040
904,1078
905,1155
906,1426
907,1887
908,2455
909,2997
910,3379
911,3433
912,3111
913,2704
914,2308
915,1965
916,1685
917,1407
918,1190
919,1038
920,957
921,926
922,965
923,982
924,1039
925,1018
926,976
927,928
928,883
929,796
930,747
931,706
932,703
933,710
934,736
935,810
936,862
937,889
938,930
939,982
940,1130
941,1442
942,1919
943,2448
944,2857
945,3051
946,2939
947,2672
948,2319
949,1984
950,1712
951,1409
952,1185
953,977
954,880
955,855
956,858
957,912
958,933
959,945
960,922
961,874
962,804
963,720
964,659
965,627
966,607
967,624
968,685
969,785
970,855
971,912
972,958
973,980
974,1008
975,1063
976,1105
977,1345
978,1795
979,2399
980,2965
981,3390
982,3415
983,3063
984,2647
985,2255
986,1874
987,1596
988,1329
989,1102
990,914
991,811
992,766
993,752
994,797
995,816
996,819
997,800
998,756
999,705
1000,673
1001,640
1002,621
1003,640
1004,666
1005,719
1006,790
1007,848
1008,897
1009,915
1010,944
1011,958
1012,1005
1013,1072
1014,1297
1015,1744
1016,2314
1017,2862
1018,3278
1019,3274
1020,2973
1021,2591
1022,2178
1023,1833
1024,1517
1025,1237
1026,1008
1027,862
1028,805
1029,812
1030,851
1031,900
1032,933
1033,900
1034,858
1035,798
1036,745
1037,668
1038,635
1039,621
1040,634
1041,688
1042,766
1043,836
1044,855
1045,901
1046,943
1047,964
1048,971
1049,1021
1050,1184
1051,1563
1052,2082
1053,2619
1054,3039
1055,3143
1056,2925
1057,2553
1058,2159
1059,1798
1060,1446
1061,1170
1062,944
1063,806
1064,752
1065,800
1066,821
1067,895
1068,957
1069,982
1070,976
1071,865
1072,811
1073,758
1074,690
1075,667
1076,677
1077,717
1078,734
1079,822
1080,849
1081,916
1082,940
1083,966
1084,991
1085,1022
1086,1077
1087,1246
1088,1604
1089,2117
1090,2633
1091,3014
1092,3126
1093,2947
1094,2619
1095,2235
1096,1879
1097,1535
1098,1286
1099,1091
1100,969
1101,951
1102,992
1103,1055
1104,1130
1105,1134
1106,1083
1107,1017
1108,923
1109,816
1110,741
1111,689
1112,659
1113,658
1114,691
1115,723
1116,774
1117,814
1118,871
1119,902
1120,913
1121,982
1122,1074
1123,1342
1124,1795
1125,2342
1126,2797
1127,3057
1128,3007
1129,2721
1130,2345
1131,1950
1132,1583
1133,1239
1134,939
1135,774
1136,705
1137,727
1138,854
1139,989
1140,1121
1141,1170
1142,1143
1143,1123
1144,1008
1145,913
1146,866
1147,816
1148,810
1149,814
1150,822
1151,859
1152,944
1153,985
1154,1018
1155,1066
1156,1114
1157,1221
1158,1526
1159,1981
1160,2480
1161,2960
1162,3215
1163,3134
1164,2838
1165,2462
1166,2065
1167,1659
1168,1298
1169,1007
1170,833
1171,753
1172,830
1173,934
1174,1085
1175,1178
1176,1188
1177,1152
1178,1019
1179,955
1180,858
1181,798
1182,734
1183,765
1184,757
1185,789
1186,831
1187,901
1188,909
1189,979
1190,1132
1191,1520
1192,2064
1193,2637
1194,3147
1195,3342
1196,3136
1197,2742
1198,2320
1199,1914
1200,1520
1201,1168
1202,886
1203,709
1204,654
1205,688
1206,775
1207,893
1208,999
1209,1045
1210,1023
1211,956
1212,863
1213,780
1214,739
1215,711
1216,695
1217,731
1218,752
1219,828
1220,882
1221,931
1222,960
1223,1045
1224,1264
1225,1716
1226,2288
1227,2827
1228,3241
1229,3315
1230,3003
1231,2604
1232,2192
1233,1776
1234,1392
1235,1088
1236,829
1237,711
1238,694
1239,768
1240,878
1241,995
1242,1070
1243,1105
1244,1040
1245,973
1246,876
1247,825
1248,778
1249,726
1250,731
1251,749
1252,781
1253,854
1254,897
1255,955
1256,1011
1257,1174
1258,1515
1259,2038
1260,2635
1261,3171
1262,3439
1263,3291
1264,2851
1265,2410
1266,1974
1267,1526
1268,1166
1269,871
1270,694
1271,654
1272,713
1273,829
1274,967
1275,1077
1276,1114
1277,1090
1278,976
1279,879
1280,795
1281,715
1282,686
1283,677
1284,709
1285,746
1286,831
1287,868
1288,888
1289,914
1290,962
1291,1099
1292,1427
1293,2005
1294,2659
1295,3316
1296,3667
1297,3504
1298,3019
1299,2522
1300,2046
1301,1629
1302,1280
1303,976
1304,784
1305,676
1306,656
1307,720
1308,785
1309,877
1310,944
1311,951
1312,901
1313,814
1314,723
1315,678
1316,629
1317,633
1318,638
1319,667
1320,765
1321,833
1322,859
1323,918
1324,954
1325,976
1326,1021
1327,1116
1328,1409
1329,1952
1330,2604
1331,3211
1332,3662
1333,3616
1334,3147
1335,2635
1336,2160
1337,1737
1338,1377
1339,1072
1340,861
1341,731
1342,711
1343,766
1344,842
1345,902
1346,973
1347,989
1348,929
1349,832
1350,753
1351,698
1352,657
1353,629
1354,622
1355,641
1356,689
1357,790
1358,845
1359,899
1360,941
1361,998
1362,1014
1363,1072
1364,1111
1365,1318
1366,1759
1367,2337
1368,2959
1369,3511
1370,3701
1371,3362
1372,2887
1373,2390
1374,1958
1375,1567
1376,1232
1377,980
1378,845
1379,835
1380,917
1381,987
1382,1137
1383,1203
1384,1190
1385,1075
1386,961
1387,841
1388,730
1389,666
1390,613
1391,618
1392,640
1393,694
1394,759
1395,829
1396,854
1397,887
1398,923
1399,1075
1400,1453
1401,2038
1402,2631
1403,3121
1404,3379
1405,3169
1406,2735
1407,2298
1408,1861
1409,1488
1410,1157
1411,882
1412,733
1413,659
1414,703
1415,781
1416,874
1417,1002
1418,1023
1419,995
1420,944
1421,842
1422,779
1423,710
1424,688
1425,678
1426,691
1427,740
1428,813
1429,849
1430,912
1431,944
1432,965
1433,1010
1434,1172
1435,1490
1436,2034
1437,2667
1438,3310
1439,3701
1440,3520
1441,3057
1442,2559
1443,2099
1444,1689
1445,1350
1446,1040
1447,825
1448,738
1449,720
1450,761
1451,848
1452,939
1453,1019
1454,997
1455,960
1456,843
1457,780
1458,708
1459,656
1460,633
1461,638
1462,657
1463,709
1464,799
1465,846
1466,878
1467,912
1468,933
1469,1002
1470,1142
1471,1488
1472,2064
1473,2701
1474,3322
1475,3645
1476,3482
1477,2982
1478,2517
1479,2075
1480,1657
1481,1318
1482,1016
1483,791
1484,720
1485,750
1486,801
1487,897
1488,1010
1489,1067
1490,1072
1491,1008
1492,912
1493,819
1494,752
1495,711
1496,699
1497,695
1498,719
1499,767
1500,832
1501,881
1502,922
1503,976
1504,1112
1505,1456
1506,2000
1507,2597
1508,3144
1509,3385
1510,3184
1511,2805
1512,2351
1513,1923
1514,1529
1515,1176
1516,888
1517,720
1518,651
1519,699
1520,819
1521,944
1522,1035
1523,1067
1524,1043
1525,944
1526,854
1527,765
1528,693
1529,682
1530,661
1531,673
1532,723
1533,816
1534,848
1535,895
1536,926
1537,969
1538,1041
1539,1281
1540,1760
1541,2405
1542,3084
1543,3687
1544,3722
1545,3279
1546,2753
1547,2245
1548,1837
1549,1458
1550,1146
1551,894
1552,733
1553,653
1554,687
1555,751
1556,844
1557,901
1558,912
1559,899
1560,817
1561,727
1562,682
1563,627
1564,593
1565,604
1566,629
1567,694
1568,775
1569,826
1570,876
1571,912
1572,942
1573,995
1574,1049
1575,1266
1576,1702
1577,2341
1578,3024
1579,3651
1580,3785
1581,3391
1582,2835
1583,2337
1584,1909
1585,1535
1586,1202
1587,958
1588,789
1589,691
1590,699
1591,748
1592,832
1593,883
1594,894
1595,874
1596,821
1597,752
1598,691
1599,665
1600,595
1601,586
1602,595
1603,643
1604,720
1605,797
1606,847
1607,912
1608,945
1609,989
1610,1012
1611,1037
1612,1073
1613,1197
1614,1533
1615,2126
1616,2819
1617,3563
1618,3935
1619,3728
1620,3133
1621,2595
1622,2143
1623,1713
1624,1360
1625,1088
1626,879
1627,763
1628,742
1629,795
1630,865
1631,933
1632,951
1633,939
1634,896
1635,816
1636,731
1637,674
1638,655
1639,633
1640,666
1641,688
1642,769
1643,797
1644,848
1645,900
1646,941
1647,981
1648,1104
1649,1413
1650,1936
1651,2535
1652,3090
1653,3353
1654,3197
1655,2813
1656,2382
1657,1936
1658,1535
1659,1172
1660,909
1661,721
1662,624
1663,688
1664,783
1665,883
1666,1008
1667,1047
1668,1020
1669,960
1670,848
1671,757
1672,689
1673,663
1674,646
1675,659
1676,688
1677,767
1678,833
1679,901
1680,944
1681,987
1682,1046
1683,1065
1684,1077
1685,1126
1686,1302
1687,1744
1688,2405
1689,3117
1690,3839
1691,3997
1692,3632
1693,3009
1694,2443
1695,1989
1696,1616
1697,1273
1698,1014
1699,837
1700,731
1701,718
1702,752
1703,817
1704,880
1705,894
1706,880
1707,835
1708,782
1709,714
1710,656
1711,628
1712,605
1713,608
1714,656
1715,738
1716,799
1717,862
1718,921
1719,955
1720,986
1721,1034
1722,1066
1723,1094
1724,1285
1725,1718
1726,2374
1727,3035
1728,3713
1729,3878
1730,3462
1731,2907
1732,2393
1733,1968
1734,1593
1735,1271
1736,998
1737,816
1738,741
1739,720
1740,768
1741,842
1742,877
1743,893
1744,875
1745,826
1746,759
1747,688
1748,649
1749,616
1750,620
1751,624
1752,656
1753,736
1754,790
1755,853
1756,924
1757,960
1758,1010
1759,1058
1760,1099
1761,1107
1762,1109
1763,1136
1764,1254
1765,1613
1766,2191
1767,2864
1768,3602
1769,4007
1770,3792
1771,3225
1772,2656
1773,2171
1774,1743
1775,1367
1776,1089
1777,902
1778,770
1779,752
1780,817
1781,903
1782,989
1783,1023
1784,1018
1785,962
1786,878
1787,779
1788,723
1789,674
1790,654
1791,651
1792,679
1793,721
1794,816
1795,878
1796,893
1797,922
1798,966
1799,1014
1800,1133
1801,1407
1802,1935
1803,2522
1804,3071
1805,3397
1806,3341
1807,2943
1808,2513
1809,2064
1810,1665
1811,1328
1812,1040
1813,816
1814,708
1815,720
1816,779
1817,880
1818,986
1819,1023
1820,1023
1821,944
1822,863
1823,765
1824,718
1825,678
1826,643
1827,660
1828,698
1829,768
1830,837
1831,885
1832,929
1833,993
1834,1022
1835,1040
1836,1098
1837,1095
1838,1181
1839,1459
1840,2000
1841,2641
1842,3344
1843,3892
1844,3814
1845,3331
1846,2787
1847,2307
1848,1895
1849,1535
1850,1232
1851,999
1852,860
1853,784
1854,786
1855,832
1856,879
1857,912
1858,922
1859,896
1860,816
1861,758
1862,703
1863,657
1864,630
1865,636
1866,651
1867,694
1868,767
1869,813
1870,882
1871,934
1872,972
1873,1015
1874,1071
1875,1075
1876,1103
1877,1104
1878,1141
1879,1339
1880,1783
1881,2411
1882,3103
1883,3760
1884,3971
1885,3610
1886,3011
1887,2515
1888,2092
1889,1680
1890,1360
1891,1092
1892,902
1893,798
1894,803
1895,816
1896,862
1897,914
1898,943
1899,907
1900,859
1901,794
1902,749
1903,685
1904,663
1905,640
1906,650
1907,688
1908,749
1909,809
1910,858
1911,912
1912,972
1913,1022
1914,1062
1915,1074
1916,1090
1917,1117
1918,1127
1919,1152
1920,1315
1921,1705
1922,2308
1923,2934
1924,3626
1925,3942
1926,3675
1927,3125
1928,2609
1929,2178
1930,1760
1931,1426
1932,1129
1933,925
1934,825
1935,816
1936,842
1937,929
1938,975
1939,985
1940,965
1941,901
1942,866
1943,775
1944,707
1945,682
1946,666
1947,679
1948,699
1949,771
1950,846
1951,897
1952,925
1953,959
1954,985
1955,1015
1956,1060
1957,1137
1958,1411
1959,1904
1960,2487
1961,3048
1962,3499
1963,3475
1964,3113
1965,2662
1966,2231
1967,1823
1968,1488
1969,1172
1970,945
1971,817
1972,773
1973,807
1974,880
1975,944
1976,1013
1977,1034
1978,997
1979,883
1980,799
1981,747
1982,719
1983,678
1984,673
1985,697
1986,730
1987,831
1988,881
1989,920
1990,980
1991,1031
1992,1072
1993,1065
1994,1086
1995,1147
1996,1325
1997,1744
1998,2320
1999,2960
2000,3520
2001,3723
2002,3412
2003,2928
2004,2467
2005,2033
2006,1691
2007,1354
2008,1093
2009,899
2010,818
2011,797
2012,831
2013,903
2014,941
2015,955
2016,947
2017,906
2018,846
2019,784
2020,737
2021,709
2022,691
2023,710
2024,726
2025,811
2026,869
2027,898
2028,941
2029,971
2030,1022
2031,1072
2032,1186
2033,1534
2034,2039
2035,2598
2036,3071
2037,3366
2038,3259
2039,2884
2040,2462
2041,2060
2042,1695
2043,1339
2044,1073
2045,862
2046,788
2047,814
2048,866
2049,974
2050,1046
2051,1083
2052,1053
2053,955
2054,881
2055,801
2056,746
2057,720
2058,704
2059,721
2060,752
2061,833
2062,889
2063,944
2064,969
2065,998
2066,1023
2067,1079
2068,1250
2069,1617
2070,2178
2071,2752
2072,3260
2073,3468
2074,3242
2075,2818
2076,2415
2077,2000
2078,1641
2079,1332
2080,1095
2081,905
2082,791
2083,786
2084,806
2085,870
2086,921
2087,939
2088,910
2089,841
2090,791
2091,731
2092,683
2093,656
2094,647
2095,688
2096,722
2097,791
2098,853
2099,896
2100,947
2101,987
2102,1008
2103,1034
2104,1065
2105,1174
2106,1435
2107,1950
2108,2557
2109,3167
2110,3603
2111,3583
2112,3159
2113,2704
2114,2251
2115,1879
2116,1535
2117,1265
2118,1041
2119,880
2120,798
2121,781
2122,805
2123,855
2124,880
2125,880
2126,843
2127,802
2128,742
2129,698
2130,677
2131,645
2132,642
2133,678
2134,714
2135,809
2136,847
2137,905
2138,943
2139,975
2140,996
2141,1032
2142,1049
2143,1105
2144,1281
2145,1706
2146,2289
2147,2922
2148,3465
2149,3642
2150,3321
2151,2861
2152,2391
2153,1987
2154,1636
2155,1328
2156,1074
2157,896
2158,799
2159,771
2160,818
2161,852
2162,894
2163,910
2164,896
2165,852
2166,784
2167,747
2168,689
2169,682
2170,673
2171,702
2172,747
2173,816
2174,857
2175,903
2176,930
2177,990
2178,1040
2179,1123
2180,1422
2181,1906
2182,2466
2183,2931
2184,3222
2185,3142
2186,2802
2187,2411
2188,2029
2189,1666
2190,1334
2191,1047
2192,835
2193,736
2194,738
2195,801
2196,880
2197,963
2198,1001
2199,1003
2200,927
2201,848
2202,766
2203,720
2204,669
2205,672
2206,681
2207,720
2208,816
2209,864
2210,917
2211,933
2212,969
2213,987
2214,1019
2215,1091
2216,1263
2217,1675
2218,2270
2219,2879
2220,3423
2221,3606
2222,3275
2223,2800
2224,2352
2225,1940
2226,1601
2227,1295
2228,1043
2229,858
2230,778
2231,734
2232,752
2233,805
2234,838
2235,848
2236,827
2237,783
2238,725
2239,671
2240,633
2241,618
2242,626
2243,641
2244,681
2245,752
2246,810
2247,859
2248,915
2249,967
2250,998
2251,1019
2252,1023
2253,1081
2254,1163
2255,1428
2256,1929
2257,2541
2258,3136
2259,3538
2260,3447
2261,3024
2262,2559
2263,2160
2264,1778
2265,1473
2266,1183
2267,975
2268,826
2269,767
2270,758
2271,803
2272,848
2273,887
2274,880
2275,868
2276,806
2277,756
2278,720
2279,693
2280,657
2281,671
2282,694
2283,764
2284,817
2285,878
2286,924
2287,957
2288,987
2289,1006
2290,1045
2291,1069
2292,1189
2293,1459
2294,1954
2295,2539
2296,3051
2297,3359
2298,3266
2299,2880
2300,2465
2301,2077
2302,1715
2303,1415
2304,1143
2305,941
2306,832
2307,800
2308,832
2309,922
2310,959
2311,1009
2312,979
2313,930
2314,866
2315,793
2316,745
2317,702
2318,685
2319,704
2320,720
2321,816
2322,860
2323,899
2324,934
2325,957
2326,1003
2327,1023
2328,1092
2329,1287
2330,1693
2331,2267
2332,2855
2333,3306
2334,3403
2335,3102
2336,2666
2337,2261
2338,1883
2339,1535
2340,1264
2341,1019
2342,843
2343,779
2344,767
2345,818
2346,877
2347,933
2348,944
2349,901
2350,863
2351,784
2352,739
2353,689
2354,674
2355,659
2356,693
2357,718
2358,800
2359,859
2360,909
2361,954
2362,1005
2363,1020
2364,1056
2365,1059
2366,1075
2367,1136
2368,1340
2369,1808
2370,2410
2371,3060
2372,3637
2373,3754
2374,3366
2375,2837
2376,2362
2377,1953
2378,1621
2379,1311
2380,1056
2381,893
2382,784
2383,740
2384,755
2385,799
2386,859
2387,849
2388,833
2389,792
2390,737
2391,679
2392,639
2393,608
2394,616
2395,630
2396,666
2397,757
2398,825
2399,869
2400,902
2401,946
2402,980
2403,1017
2404,1041
2405,1135
2406,1380
2407,1871
2408,2455
2409,3056
2410,3521
2411,3473
2412,3091
2413,2633
2414,2193
2415,1803
2416,1488
2417,1172
2418,949
2419,800
2420,752
2421,786
2422,861
2423,935
2424,979
2425,1009
2426,965
2427,883
2428,807
2429,741
2430,688
2431,688
2432,685
2433,717
2434,779
2435,834
2436,855
2437,912
2438,939
2439,975
2440,1021
2441,1173
2442,1570
2443,2124
2444,2683
2445,3152
2446,3312
2447,3061
2448,2655
2449,2233
2450,1858
2451,1511
2452,1213
2453,959
2454,793
2455,726
2456,731
2457,802
2458,899
2459,960
2460,983
2461,958
2462,887
2463,794
2464,733
2465,688
2466,656
2467,665
2468,669
2469,706
2470,809
2471,863
2472,931
2473,959
2474,993
2475,1039
2476,1042
2477,1074
2478,1105
2479,1243
2480,1612
2481,2197
2482,2867
2483,3536
2484,3856
2485,3583
2486,3042
2487,2539
2488,2113
2489,1744
2490,1424
2491,1159
2492,948
2493,828
2494,763
2495,774
2496,799
2497,834
2498,865
2499,847
2500,803
2501,743
2502,681
2503,638
2504,601
2505,615
2506,611
2507,640
2508,737
2509,794
2510,842
2511,880
2512,912
2513,959
2514,999
2515,1039
2516,1198
2517,1534
2518,2095
2519,2711
2520,3271
2521,3542
2522,3335
2523,2867
2524,2423
2525,2006
2526,1649
2527,1359
2528,1075
2529,879
2530,767
2531,754
2532,773
2533,863
2534,919
2535,977
2536,971
2537,925
2538,835
2539,761
2540,722
2541,688
2542,675
2543,682
2544,723
2545,811
2546,854
2547,894
2548,912
2549,940
2550,979
2551,1085
2552,1318
2553,1795
2554,2392
2555,2928
2556,3312
2557,3270
2558,2924
2559,2496
2560,2071
2561,1695
2562,1344
2563,1054
2564,815
2565,728
2566,693
2567,755
2568,862
2569,974
2570,1045
2571,1020
2572,977
2573,885
2574,799
2575,730
2576,701
2577,671
2578,675
2579,720
2580,783
2581,848
2582,892
2583,925
2584,972
2585,978
2586,1042
2587,1199
2588,1589
2589,2182
2590,2837
2591,3455
2592,3730
2593,3482
2594,2942
2595,2458
2596,2032
2597,1655
2598,1339
2599,1069
2600,857
2601,755
2602,742
2603,758
2604,819
2605,882
2606,909
2607,895
2608,859
2609,807
2610,734
2611,692
2612,652
2613,606
2614,641
2615,655
2616,743
2617,789
2618,853
2619,897
2620,940
2621,989
2622,1002
2623,1023
2624,1055
2625,1115
2626,1328
2627,1803
2628,2451
2629,3156
2630,3811
2631,3931
2632,3487
2633,2910
2634,2419
2635,1971
2636,1606
2637,1280
2638,1008
2639,838
2640,749
2641,747
2642,769
2643,827
2644,885
2645,906
2646,902
2647,846
2648,801
2649,718
2650,677
2651,634
2652,623
2653,640
2654,662
2655,746
2656,832
2657,849
2658,912
2659,953
2660,977
2661,1033
2662,1051
2663,1155
2664,1482
2665,1994
2666,2626
2667,3221
2668,3673
2669,3574
2670,3090
2671,2624
2672,2150
2673,1743
2674,1389
2675,1079
2676,859
2677,763
2678,735
2679,802
2680,880
2681,976
2682,1049
2683,1036
2684,976
2685,873
2686,784
2687,715
2688,681
2689,665
2690,673
2691,697
2692,745
2693,831
2694,863
2695,911
2696,941
2697,971
2698,1045
2699,1274
2700,1719
2701,2342
2702,2957
2703,3517
2704,3601
2705,3243
2706,2768
2707,2302
2708,1872
2709,1503
2710,1189
2711,926
2712,778
2713,690
2714,713
2715,769
2716,877
2717,944
2718,991
2719,955
2720,871
2721,790
2722,720
2723,674
2724,651
2725,642
2726,658
2727,686
2728,781
2729,848
2730,895
2731,959
2732,998
2733,1013
2734,1047
2735,1072
2736,1134
2737,1312
2738,1760
2739,2402
2740,3142
2741,3926
2742,4095
2743,3728
2744,3111
2745,2559
2746,2087
2747,1698
2748,1377
2749,1094
2750,885
2751,770
2752,718
2753,742
2754,798
2755,847
2756,881
2757,848
2758,816
2759,752
2760,690
2761,630
2762,607
2763,594
2764,591
2765,627
2766,709
2767,765
2768,809
2769,857
2770,895
2771,938
2772,977
2773,1043
2774,1261
2775,1724
2776,2346
2777,3007
2778,3621
2779,3760
2780,3414
2781,2865
2782,2373
2783,1936
2784,1567
2785,1233
2786,947
2787,777
2788,706
2789,698
2790,775
2791,861
2792,927
2793,994
2794,965
2795,909
2796,811
2797,752
2798,698
2799,682
2800,674
2801,695
2802,720
2803,796
2804,847
2805,883
2806,915
2807,939
2808,980
2809,1083
2810,1337
2811,1838
2812,2450
2813,3088
2814,3533
2815,3533
2816,3104
2817,2631
2818,2173
2819,1756
2820,1357
2821,1057
2822,791
2823,665
2824,653
2825,720
2826,818
2827,927
2828,1006
2829,1017
2830,967
2831,871
2832,788
2833,717
2834,679
2835,640
2836,646
2837,681
2838,758
2839,827
2840,881
2841,910
2842,943
2843,963
2844,1014
2845,1135
2846,1440
2847,1999
2848,2675
2849,3406
2850,3863
2851,3783
2852,3271
2853,2711
2854,2224
2855,1793
2856,1450
2857,1120
2858,881
2859,725
2860,688
2861,701
2862,769
2863,848
2864,897
2865,916
2866,897
2867,818
2868,742
2869,679
2870,641
2871,626
2872,628
2873,656
2874,715
2875,776
2876,824
2877,869
2878,914
2879,938
2880,978
2881,1053
2882,1258
2883,1733
2884,2358
2885,3023
2886,3631
2887,3792
2888,3395
2889,2858
2890,2384
2891,1933
2892,1574
2893,1237
2894,958
2895,788
2896,690
2897,704
2898,757
2899,832
2900,889
2901,945
2902,944
2903,884
2904,790
2905,744
2906,688
2907,663
2908,663
2909,673
2910,695
2911,789
2912,829
2913,870
2914,897
2915,944
2916,991
2917,1093
2918,1377
2919,1888
2920,2514
2921,3111
2922,3527
2923,3463
2924,3066
2925,2596
2926,2139
2927,1733
2928,1345
2929,1038
2930,805
2931,681
2932,673
2933,757
2934,851
2935,971
2936,1022
2937,1014
2938,976
2939,863
2940,795
2941,735
2942,704
2943,670
2944,681
2945,700
2946,762
2947,824
2948,854
2949,891
2950,948
2951,1023
2952,1281
2953,1777
2954,2417
2955,3019
2956,3488
2957,3507
2958,3120
2959,2659
2960,2210
2961,1799
2962,1427
2963,1135
2964,861
2965,709
2966,667
2967,673
2968,757
2969,855
2970,919
2971,937
2972,907
2973,809
2974,738
2975,688
2976,679
2977,667
2978,656
2979,663
2980,741
2981,815
2982,855
2983,912
2984,963
2985,979
2986,1015
2987,1049
2988,1162
2989,1476
2990,2066
2991,2718
2992,3423
2993,3838
2994,3723
2995,3211
2996,2659
2997,2202
2998,1805
2999,1437
3000,1142
3001,897
3002,747
3003,688
3004,682
3005,722
3006,784
3007,830
3008,841
3009,816
3010,785
3011,735
3012,675
3013,643
3014,619
3015,628
3016,663
3017,717
3018,805
3019,830
3020,875
3021,911
3022,945
3023,970
3024,1023
3025,1173
3026,1535
3027,2103
3028,2731
3029,3329
3030,3607
3031,3410
3032,2935
3033,2470
3034,2034
3035,1655
3036,1344
3037,1033
3038,842
3039,727
3040,721
3041,755
3042,835
3043,909
3044,988
3045,975
3046,928
3047,830
3048,762
3049,713
3050,678
3051,670
3052,664
3053,701
3054,765
3055,816
3056,875
3057,903
3058,938
3059,1007
3060,1232
3061,1667
3062,2263
3063,2839
3064,3280
3065,3350
3066,3046
3067,2608
3068,2163
3069,1771
3070,1410
3071,1115
3072,854
3073,710
3074,671
3075,695
3076,785
3077,875
3078,963
3079,980
3080,959
3081,859
3082,781
3083,731
3084,679
3085,661
3086,663
3087,679
3088,722
3089,809
3090,865
3091,917
3092,964
3093,1013
3094,1061
3095,1056
3096,1088
3097,1135
3098,1345
3099,1810
3100,2468
3101,3170
3102,3839
3103,3984
3104,3558
3105,2966
3106,2480
3107,2024
3108,1653
3109,1325
3110,1047
3111,848
3112,751
3113,696
3114,737
3115,786
3116,822
3117,843
3118,837
3119,801
3120,755
3121,694
3122,644
3123,619
3124,617
3125,637
3126,674
3127,737
3128,802
3129,848
3130,895
3131,938
3132,967
3133,1002
3134,1019
3135,1120
3136,1427
3137,1949
3138,2559
3139,3221
3140,3661
3141,3583
3142,3118
3143,2627
3144,2201
3145,1794
3146,1456
3147,1178
3148,914
3149,772
3150,688
3151,709
3152,742
3153,819
3154,846
3155,878
3156,848
3157,829
3158,771
3159,709
3160,659
3161,656
3162,656
3163,677
3164,726
3165,801
3166,844
3167,892
3168,914
3169,955
3170,997
3171,1063
3172,1254
3173,1642
3174,2224
3175,2813
3176,3354
3177,3511
3178,3222
3179,2789
3180,2333
3181,1906
3182,1535
3183,1205
3184,935
3185,759
3186,695
3187,718
3188,783
3189,878
3190,970
3191,991
3192,976
3193,912
3194,816
3195,753
3196,718
3197,695
3198,666
3199,692
3200,720
3201,800
3202,854
3203,882
3204,919
3205,973
3206,1037
3207,1198
3208,1601
3209,2184
3210,2769
3211,3305
3212,3487
3213,3201
3214,2769
3215,2336
3216,1911
3217,1526
3218,1217
3219,921
3220,757
3221,687
3222,683
3223,750
3224,845
3225,923
3226,976
3227,953
3228,880
3229,790
3230,745
3231,698
3232,659
3233,666
3234,679
3235,691
3236,798
3237,865
3238,912
3239,959
3240,1001
3241,1035
3242,1055
3243,1063
3244,1127
3245,1324
3246,1775
3247,2410
3248,3119
3249,3762
3250,3930
3251,3542
3252,2970
3253,2480
3254,2047
3255,1655
3256,1351
3257,1058
3258,850
3259,744
3260,724
3261,709
3262,785
3263,839
3264,852
3265,841
3266,794
3267,725
3268,691
3269,643
3270,624
3271,620
3272,615
3273,630
3274,697
3275,770
3276,815
3277,864
3278,918
3279,979
3280,1008
3281,1040
3282,1056
3283,1095
3284,1135
3285,1245
3286,1579
3287,2169
3288,2847
3289,3623
3290,4080
3291,3940
3292,3350
3293,2767
3294,2282
3295,1858
3296,1502
3297,1195
3298,961
3299,801
3300,768
3301,758
3302,806
3303,870
3304,901
3305,912
3306,864
3307,819
3308,755
3309,715
3310,677
3311,656
3312,669
3313,705
3314,771
3315,848
3316,918
3317,981
3318,1008
3319,1040
3320,1051
3321,1023
3322,1120
3323,1296
3324,1774
3325,2389
3326,3018
3327,3518
3328,3569
3329,3207
3330,2699
3331,2223
3332,1782
3333,1435
3334,1103
3335,866
3336,694
3337,617
3338,625
3339,687
3340,771
3341,863
3342,895
3343,881
3344,837
3345,733
3346,688
3347,633
3348,615
3349,612
3350,633
3351,681
3352,765
3353,822
3354,880
3355,927
3356,970
3357,999
3358,1035
3359,1061
3360,1185
3361,1526
3362,2099
3363,2778
3364,3444
3365,3865
3366,3693
3367,3178
3368,2655
3369,2194
3370,1776
3371,1414
3372,1104
3373,851
3374,719
3375,666
3376,688
3377,777
3378,846
3379,908
3380,957
3381,910
3382,838
3383,772
3384,708
3385,673
3386,654
3387,657
3388,686
3389,759
3390,810
3391,859
3392,907
3393,956
3394,989
3395,1034
3396,1066
3397,1153
3398,1460
3399,1989
3400,2611
3401,3245
3402,3671
3403,3575
3404,3127
3405,2631
3406,2175
3407,1748
3408,1370
3409,1046
3410,802
3411,681
3412,694
3413,765
3414,871
3415,992
3416,1045
3417,1068
3418,1023
3419,912
3420,831
3421,784
3422,743
3423,698
3424,720
3425,727
3426,763
3427,838
3428,892
3429,925
3430,975
3431,1091
3432,1373
3433,1871
3434,2475
3435,3053
3436,3443
3437,3411
3438,3019
3439,2542
3440,2113
3441,1677
3442,1292
3443,962
3444,727
3445,624
3446,616
3447,715
3448,837
3449,997
3450,1094
3451,1124
3452,1093
3453,993
3454,880
3455,810
3456,784
3457,729
3458,725
3459,743
3460,753
3461,841
3462,893
3463,927
3464,939
3465,960
3466,1007
3467,1083
3468,1357
3469,1920
3470,2593
3471,3301
3472,3835
3473,3764
3474,3247
3475,2713
3476,2189
3477,1731
3478,1360
3479,1021
3480,769
3481,609
3482,566
3483,571
3484,656
3485,741
3486,843
3487,894
3488,878
3489,839
3490,750
3491,695
3492,647
3493,631
3494,624
3495,651
3496,710
3497,790
3498,836
3499,886
3500,925
3501,944
3502,989
3503,1052
3504,1273
3505,1739
3506,2384
3507,3046
3508,3671
3509,3754
3510,3380
3511,2835
3512,2371
3513,1897
3514,1489
3515,1139
3516,877
3517,699
3518,610
3519,642
3520,694
3521,791
3522,907
3523,947
3524,958
3525,903
3526,804
3527,750
3528,718
3529,677
3530,682
3531,686
3532,717
3533,806
3534,853
3535,879
3536,912
3537,947
3538,999
3539,1078
3540,1358
3541,1855
3542,2480
3543,3063
3544,3577
3545,3561
3546,3166
3547,2693
3548,2246
3549,1822
3550,1399
3551,1073
3552,818
3553,684
3554,676
3555,751
3556,882
3557,1008
3558,1072
3559,1093
3560,1040
3561,947
3562,867
3563,798
3564,767
3565,759
3566,778
3567,828
3568,909
3569,967
3570,1015
3571,1046
3572,1104
3573,1254
3574,1663
3575,2213
3576,2800
3577,3303
3578,3472
3579,3184
3580,2711
3581,2261
3582,1813
3583,1410
3584,1061
3585,812
3586,628
3587,563
3588,597
3589,703
3590,815
3591,925
3592,970
3593,944
3594,882
3595,771
3596,693
3597,640
3598,603
3599,592
3600,620
3601,659
3602,747
3603,814
3604,848
3605,919
3606,941
3607,1095
3608,1481
3609,2075
3610,2742
3611,3397
3612,3717
3613,3455
3614,2953
3615,2478
3616,2004
3617,1613
3618,1280
3619,1007
3620,785
3621,672
3622,628
3623,656
3624,731
3625,813
3626,887
3627,896
3628,866
3629,789
3630,719
3631,686
3632,640
3633,618
3634,634
3635,665
3636,730
3637,799
3638,848
3639,898
3640,916
3641,963
3642,1008
3643,1126
3644,1447
3645,2016
3646,2669
3647,3325
3648,3751
3649,3615
3650,3091
3651,2559
3652,2125
3653,1701
3654,1324
3655,982
3656,765
3657,631
3658,597
3659,642
3660,754
3661,832
3662,912
3663,928
3664,903
3665,857
3666,784
3667,730
3668,706
3669,663
3670,673
3671,710
3672,755
3673,816
3674,875
3675,917
3676,951
3677,993
3678,1046
3679,1118
3680,1361
3681,1831
3682,2433
3683,3042
3684,3583
3685,3659
3686,3265
3687,2752
3688,2285
3689,1840
3690,1439
3691,1073
3692,815
3693,654
3694,643
3695,688
3696,819
3697,960
3698,1056
3699,1092
3700,1062
3701,1008
3702,893
3703,829
3704,761
3705,743
3706,731
3707,738
3708,731
3709,775
3710,848
3711,885
3712,934
3713,1072
3714,1397
3715,1930
3716,2550
3717,3135
3718,3511
3719,3344
3720,2943
3721,2483
3722,2014
3723,1614
3724,1196
3725,880
3726,673
3727,598
3728,648
3729,789
3730,973
3731,1138
3732,1211
3733,1243
3734,1200
3735,1107
3736,989
3737,905
3738,816
3739,783
3740,775
3741,768
3742,783
3743,787
3744,816
3745,876
3746,912
3747,1037
3748,1399
3749,2007
3750,2685
3751,3350
3752,3709
3753,3478
3754,2956
3755,2432
3756,1952
3757,1531
3758,1168
3759,858
3760,641
3761,527
3762,526
3763,575
3764,688
3765,810
3766,886
3767,889
3768,880
3769,784
3770,683
3771,623
3772,585
3773,582
3774,598
3775,656
3776,720
3777,718
3778,763
3779,783
3780,848
3781,962
3782,1243
3783,1769
3784,2447
3785,3056
3786,3643
3787,3696
3788,3198
3789,2674
3790,2152
3791,1692
3792,1297
3793,958
3794,705
3795,561
3796,503
3797,557
3798,651
3799,767
3800,915
3801,934
3802,943
3803,891
3804,813
3805,710
3806,675
3807,640
3808,627
3809,653
3810,663
3811,748
3812,813
3813,816
3814,852
3815,939
3816,1118
3817,1515
3818,2079
3819,2708
3820,3265
3821,3552
3822,3343
3823,2855
3824,2352
3825,1872
3826,1449
3827,1072
3828,772
3829,570
3830,495
3831,558
3832,640
3833,783
3834,951
3835,1008
3836,997
3837,927
3838,848
3839,763
3840,716
3841,695
3842,679
3843,701
3844,714
3845,832
3846,869
3847,911
3848,930
3849,1191
3850,1669
3851,2782
3852,3472
3853,3921
3854,4028
3855,3415
3856,2745
3857,2147
3858,1562
3859,994
3860,560
3861,393
3862,215
3863,137
3864,91
3865,128
3866,347
3867,711
3868,766
3869,757
3870,711
3871,660
3872,624
3873,410
3874,396
3875,448
3876,607
3877,787
3878,806
3879,847
3880,880
3881,1005
3882,1371
3883,1941
3884,2514
3885,3001
3886,3218
3887,3024
3888,2672
3889,2218
3890,1747
3891,1335
3892,944
3893,674
3894,508
3895,448
3896,565
3897,652
3898,913
3899,1049
3900,1056
3901,1020
3902,957
3903,720
3904,631
3905,597
3906,581
3907,574
3908,594
3909,630
3910,836
3911,886
3912,894
3913,909
3914,1071
3915,1446
3916,2043
3917,2629
3918,3131
3919,3323
3920,3082
3921,2674
3922,2210
3923,1746
3924,1351
3925,976
3926,704
3927,544
3928,448
3929,480
3930,576
3931,688
3932,911
3933,937
3934,917
3935,848
3936,624
3937,559
3938,511
3939,488
3940,501
3941,539
3942,652
3943,795
3944,816
3945,830
3946,835
3947,922
3948,1131
3949,1602
3950,2225
3951,2793
3952,3255
3953,3315
3954,2942
3955,2522
3956,2071
3957,1627
3958,1232
3959,906
3960,643
3961,496
3962,439
3963,467
3964,578
3965,686
3966,900
3967,917
3968,888
3969,817
3970,615
3971,532
3972,511
3973,486
3974,482
3975,511
3976,602
3977,794
3978,846
3979,848
3980,871
3981,899
3982,914
3983,963
3984,1146
3985,1584
3986,2210
3987,2848
3988,3393
3989,3527
3990,3200
3991,2713
3992,2217
3993,1743
3994,1337
3995,976
3996,700
3997,537
3998,445
3999,476
4000,553
4001,661
4002,880
4003,930
4004,880
4005,830
4006,615
4007,557
4008,496
4009,462
4010,483
4011,497
4012,535
4013,763
4014,774
4015,814
4016,837
4017,865
4018,885
4019,927
4020,1140
4021,1606
4022,2227
4023,2781
4024,3265
4025,3415
4026,3121
4027,2640
4028,2177
4029,1738
4030,1343
4031,1010
4032,752
4033,579
4034,511
4035,511
4036,601
4037,714
4038,875
4039,903
4040,895
4041,848
4042,681
4043,611
4044,567
4045,539
4046,544
4047,557
4048,589
4049,762
4050,801
4051,848
4052,877
4053,919
4054,922
4055,944
4056,979
4057,1169
4058,1582
4059,2226
4060,2913
4061,3630
4062,3879
4063,3491
4064,2928
4065,2401
4066,1909
4067,1494
4068,1143
4069,843
4070,647
4071,526
4072,496
4073,542
4074,619
4075,709
4076,860
4077,857
4078,832
4079,689
4080,587
4081,537
4082,527
4083,496
4084,496
4085,547
4086,685
4087,759
4088,809
4089,847
4090,880
4091,896
4092,915
4093,946
4094,1059
4095,1379
4096,1923
4097,2605
4098,3269
4099,3728
4100,3623
4101,3120
4102,2592
4103,2089
4104,1629
4105,1236
4106,895
4107,663
4108,526
4109,507
4110,560
4111,677
4112,836
4113,934
4114,943
4115,900
4116,768
4117,640
4118,586
4119,549
4120,529
4121,541
4122,578
4123,671
4124,784
4125,813
4126,848
4127,859
4128,869
4129,960
4130,1172
4131,1677
4132,2309
4133,2944
4134,3499
4135,3568
4136,3183
4137,2682
4138,2192
4139,1726
4140,1312
4141,955
4142,701
4143,526
4144,464
4145,497
4146,596
4147,719
4148,880
4149,938
4150,907
4151,854
4152,701
4153,614
4154,589
4155,559
4156,562
4157,559
4158,609
4159,765
4160,814
4161,859
4162,887
4163,928
4164,977
4165,975
4166,1040
4167,1226
4168,1701
4169,2368
4170,3101
4171,3811
4172,4041
4173,3583
4174,2975
4175,2417
4176,1931
4177,1489
4178,1110
4179,806
4180,579
4181,491
4182,483
4183,560
4184,642
4185,731
4186,869
4187,865
4188,816
4189,704
4190,604
4191,549
4192,511
4193,526
4194,533
4195,558
4196,663
4197,753
4198,784
4199,845
4200,885
4201,914
4202,954
4203,997
4204,1023
4205,1053
4206,1050
4207,1106
4208,1302
4209,1801
4210,2496
4211,3299
4212,4095
4213,4095
4214,3933
4215,3184
4216,2559
4217,2041
4218,1579
4219,1176
4220,848
4221,649
4222,496
4223,471
4224,528
4225,629
4226,713
4227,851
4228,869
4229,797
4230,703
4231,593
4232,555
4233,509
4234,511
4235,503
4236,544
4237,657
4238,735
4239,779
4240,827
4241,871
4242,912
4243,944
4244,986
4245,1007
4246,1047
4247,1070
4248,1110
4249,1114
4250,1132
4251,1139
4252,1171
4253,1265
4254,1639
4255,2269
4256,3052
4257,3978
4258,4095
4259,4095
4260,3709
4261,2960
4262,2385
4263,1861
4264,1407
4265,1018
4266,743
4267,590
4268,560
4269,606
4270,713
4271,843
4272,985
4273,1003
4274,949
4275,818
4276,688
4277,613
4278,560
4279,527
4280,526
4281,546
4282,573
4283,720
4284,803
4285,830
4286,867
4287,877
4288,909
4289,957
4290,1168
4291,1655
4292,2262
4293,2903
4294,3499
4295,3653
4296,3312
4297,2809
4298,2320
4299,1823
4300,1388
4301,1013
4302,710
4303,511
4304,458
4305,478
4306,562
4307,711
4308,912
4309,958
4310,966
4311,907
4312,767
4313,662
4314,607
4315,586
4316,571
4317,565
4318,613
4319,741
4320,810
4321,868
4322,891
4323,930
4324,953
4325,990
4326,1007
4327,1082
4328,1309
4329,1840
4330,2519
4331,3354
4332,4095
4333,4095
4334,3725
4335,3061
4336,2490
4337,1968
4338,1525
4339,1157
4340,823
4341,639
4342,532
4343,508
4344,575
4345,654
4346,741
4347,873
4348,878
4349,828
4350,693
4351,603
4352,546
4353,528
4354,508
4355,539
4356,553
4357,693
4358,762
4359,796
4360,839
4361,866
4362,895
4363,922
4364,963
4365,1074
4366,1419
4367,2006
4368,2693
4369,3412
4370,3890
4371,3780
4372,3216
4373,2699
4374,2186
4375,1714
4376,1329
4377,975
4378,723
4379,575
4380,544
4381,558
4382,647
4383,742
4384,929
4385,938
4386,918
4387,835
4388,683
4389,622
4390,591
4391,566
4392,555
4393,586
4394,617
4395,769
4396,813
4397,851
4398,871
4399,910
4400,959
4401,1140
4402,1521
4403,2128
4404,2738
4405,3307
4406,3523
4407,3235
4408,2797
4409,2322
4410,1854
4411,1424
4412,1059
4413,761
4414,571
4415,496
4416,541
4417,663
4418,838
4419,976
4420,1040
4421,1006
4422,930
4423,785
4424,715
4425,658
4426,624
4427,637
4428,619
4429,638
4430,661
4431,832
4432,859
4433,874
4434,881
4435,958
4436,1200
4437,1697
4438,2343
4439,2935
4440,3425
4441,3484
4442,3109
4443,2637
4444,2154
4445,1718
4446,1298
4447,953
4448,708
4449,538
4450,479
4451,528
4452,609
4453,736
4454,899
4455,923
4456,912
4457,891
4458,714
4459,633
4460,609
4461,571
4462,560
4463,591
4464,682
4465,800
4466,842
4467,867
4468,880
4469,935
4470,962
4471,1037
4472,1242
4473,1744
4474,2378
4475,3041
4476,3666
4477,3742
4478,3325
4479,2795
4480,2298
4481,1835
4482,1424
4483,1078
4484,787
4485,620
4486,539
4487,543
4488,611
4489,705
4490,848
4491,912
4492,892
4493,857
4494,719
4495,659
4496,601
4497,580
4498,570
4499,590
4500,612
4501,726
4502,796
4503,816
4504,838
4505,907
4506,1097
4507,1514
4508,2112
4509,2720
4510,3237
4511,3408
4512,3152
4513,2721
4514,2256
4515,1807
4516,1397
4517,1040
4518,756
4519,577
4520,511
4521,503
4522,608
4523,707
4524,882
4525,941
4526,928
4527,859
4528,737
4529,658
4530,624
4531,614
4532,607
4533,614
4534,650
4535,769
4536,799
4537,831
4538,874
4539,986
4540,1318
4541,1870
4542,2481
4543,3034
4544,3344
4545,3206
4546,2826
4547,2349
4548,1904
4549,1467
4550,1109
4551,798
4552,592
4553,481
4554,499
4555,599
4556,714
4557,911
4558,995
4559,979
4560,959
4561,903
4562,718
4563,687
4564,656
4565,641
4566,658
4567,695
4568,775
4569,862
4570,882
4571,958
4572,1217
4573,1674
4574,2272
4575,2817
4576,3219
4577,3197
4578,2898
4579,2458
4580,2000
4581,1568
4582,1179
4583,823
4584,591
4585,480
4586,496
4587,593
4588,741
4589,938
4590,1015
4591,1009
4592,963
4593,887
4594,747
4595,690
4596,650
4597,644
4598,645
4599,676
4600,786
4601,839
4602,878
4603,891
4604,955
4605,1163
4606,1643
4607,2289
4608,2928
4609,3454
4610,3530
4611,3188
4612,2695
4613,2195
4614,1722
4615,1315
4616,955
4617,701
4618,530
4619,476
4620,511
4621,639
4622,739
4623,896
4624,935
4625,899
4626,845
4627,705
4628,627
4629,610
4630,583
4631,581
4632,615
4633,678
4634,797
4635,848
4636,881
4637,917
4638,942
4639,994
4640,1008
4641,1097
4642,1360
4643,1872
4644,2557
4645,3279
4646,3855
4647,3825
4648,3312
4649,2761
4650,2237
4651,1790
4652,1370
4653,1014
4654,741
4655,591
4656,560
4657,576
4658,651
4659,737
4660,850
4661,909
4662,867
4663,811
4664,656
4665,599
4666,579
4667,560
4668,560
4669,576
4670,666
4671,784
4672,811
4673,857
4674,885
4675,914
4676,941
4677,976
4678,1090
4679,1392
4680,1917
4681,2549
4682,3178
4683,3562
4684,3441
4685,3021
4686,2583
4687,2098
4688,1655
4689,1270
4690,959
4691,720
4692,615
4693,576
4694,626
4695,720
4696,815
4697,957
4698,960
4699,921
4700,803
4701,715
4702,653
4703,626
4704,627
4705,613
4706,635
4707,717
4708,837
4709,869
4710,905
4711,954
4712,983
4713,993
4714,1014
4715,1056
4716,1178
4717,1531
4718,2091
4719,2675
4720,3216
4721,3519
4722,3335
4723,2906
4724,2464
4725,2117
4726,1680
4727,1279
4728,946
4729,721
4730,630
4731,639
4732,726
4733,848
4734,1008
4735,1062
4736,1012
4737,931
4738,778
4739,691
4740,669
4741,624
4742,622
4743,652
4744,682
4745,817
4746,865
4747,895
4748,901
4749,918
4750,949
4751,1071
4752,1363
4753,1863
4754,2454
4755,2974
4756,3311
4757,3217
4758,2882
4759,2448
4760,2015
4761,1623
4762,1258
4763,932
4764,726
4765,613
4766,609
4767,675
4768,766
4769,944
4770,1021
4771,989
4772,956
4773,805
4774,721
4775,678
4776,627
4777,621
4778,624
4779,645
4780,763
4781,863
4782,912
4783,912
4784,959
4785,977
4786,1014
4787,1011
4788,1042
4789,1145
4790,1435
4791,1963
4792,2608
4793,3264
4794,3747
4795,3655
4796,3186
4797,2707
4798,2223
4799,1791
4800,1410
4801,1083
4802,821
4803,672
4804,630
4805,671
4806,717
4807,800
4808,889
4809,960
4810,930
4811,812
4812,688
4813,633
4814,592
4815,586
4816,578
4817,605
4818,630
4819,797
4820,848
4821,873
4822,902
4823,908
4824,929
4825,952
4826,1057
4827,1323
4828,1808
4829,2422
4830,3007
4831,3465
4832,3442
4833,3057
4834,2606
4835,2143
4836,1702
4837,1328
4838,991
4839,759
4840,613
4841,581
4842,621
4843,694
4844,784
4845,943
4846,964
4847,943
4848,869
4849,711
4850,653
4851,607
4852,611
4853,607
4854,657
4855,701
4856,825
4857,851
4858,893
4859,913
4860,930
4861,967
4862,992
4863,1139
4864,1507
4865,2073
4866,2662
4867,3161
4868,3402
4869,3217
4870,2781
4871,2352
4872,1899
4873,1495
4874,1114
4875,832
4876,642
4877,576
4878,615
4879,713
4880,848
4881,1015
4882,1054
4883,1040
4884,954
4885,806
4886,718
4887,670
4888,635
4889,646
4890,657
4891,675
4892,816
4893,862
4894,885
4895,898
4896,938
4897,1037
4898,1290
4899,1815
4900,2412
4901,2974
4902,3349
4903,3298
4904,2935
4905,2544
4906,2064
4907,1646
4908,1233
4909,950
4910,703
4911,591
4912,576
4913,610
4914,714
4915,852
4916,957
4917,964
4918,916
4919,771
4920,684
4921,638
4922,615
4923,613
4924,609
4925,629
4926,755
4927,817
4928,861
4929,909
4930,913
4931,943
4932,976
4933,988
4934,1119
4935,1424
4936,1991
4937,2649
4938,3290
4939,3669
4940,3523
4941,3056
4942,2547
4943,2094
4944,1667
4945,1294
4946,981
4947,756
4948,637
4949,593
4950,602
4951,683
4952,752
4953,838
4954,891
4955,855
4956,784
4957,650
4958,574
4959,569
4960,556
4961,554
4962,576
4963,660
4964,762
4965,805
4966,835
4967,863
4968,889
4969,941
4970,965
4971,987
4972,1115
4973,1424
4974,1999
4975,2633
4976,3265
4977,3658
4978,3522
4979,3053
4980,2559
4981,2081
4982,1649
4983,1300
4984,972
4985,749
4986,630
4987,589
4988,638
4989,718
4990,805
4991,934
4992,939
4993,896
4994,774
4995,682
4996,629
4997,607
4998,579
4999,592
5000,616
5001,739
5002,805
5003,857
5004,879
5005,907
5006,931
5007,976
5008,1136
5009,1472
5010,2032
5011,2610
5012,3136
5013,3324
5014,3120
5015,2736
5016,2301
5017,1838
5018,1445
5019,1070
5020,790
5021,607
5022,531
5023,571
5024,677
5025,817
5026,976
5027,1010
5028,991
5029,927
5030,766
5031,691
5032,649
5033,615
5034,599
5035,624
5036,656
5037,795
5038,838
5039,886
5040,911
5041,976
5042,1034
5043,1040
5044,1089
5045,1347
5046,1842
5047,2495
5048,3115
5049,3599
5050,3515
5051,3067
5052,2598
5053,2122
5054,1670
5055,1299
5056,976
5057,731
5058,578
5059,546
5060,592
5061,651
5062,745
5063,886
5064,900
5065,870
5066,769
5067,645
5068,579
5069,560
5070,493
5071,549
5072,574
5073,672
5074,789
5075,812
5076,849
5077,895
5078,925
5079,928
5080,944
5081,1018
5082,1211
5083,1655
5084,2293
5085,2941
5086,3521
5087,3581
5088,3234
5089,2717
5090,2252
5091,1775
5092,1393
5093,1071
5094,800
5095,624
5096,559
5097,563
5098,621
5099,694
5100,802
5101,903
5102,889
5103,832
5104,689
5105,611
5106,576
5107,562
5108,551
5109,574
5110,608
5111,755
5112,800
5113,839
5114,873
5115,912
5116,921
5117,948
5118,973
5119,1065
5120,1343
5121,1872
5122,2518
5123,3139
5124,3529
5125,3442
5126,3024
5127,2538
5128,2065
5129,1646
5130,1253
5131,915
5132,699
5133,603
5134,573
5135,646
5136,770
5137,935
5138,1015
5139,1007
5140,961
5141,816
5142,704
5143,637
5144,615
5145,580
5146,587
5147,603
5148,693
5149,810
5150,839
5151,866
5152,890
5153,925
5154,1002
5155,1293
5156,1813
5157,2445
5158,3009
5159,3376
5160,3323
5161,2926
5162,2458
5163,1987
5164,1584
5165,1200
5166,880
5167,649
5168,529
5169,528
5170,585
5171,706
5172,867
5173,956
5174,961
5175,902
5176,764
5177,660
5178,618
5179,567
5180,567
5181,560
5182,602
5183,722
5184,810
5185,838
5186,864
5187,912
5188,940
5189,957
5190,976
5191,1087
5192,1429
5193,2017
5194,2715
5195,3408
5196,3828
5197,3618
5198,3095
5199,2549
5200,2064
5201,1629
5202,1249
5203,944
5204,709
5205,575
5206,532
5207,573
5208,637
5209,719
5210,814
5211,869
5212,834
5213,702
5214,619
5215,562
5216,540
5217,511
5218,540
5219,573
5220,709
5221,763
5222,813
5223,837
5224,870
5225,903
5226,927
5227,944
5228,992
5229,1212
5230,1680
5231,2349
5232,3014
5233,3631
5234,3691
5235,3300
5236,2769
5237,2285
5238,1818
5239,1414
5240,1087
5241,819
5242,624
5243,552
5244,544
5245,597
5246,681
5247,770
5248,830
5249,818
5250,786
5251,640
5252,583
5253,540
5254,538
5255,511
5256,529
5257,587
5258,735
5259,777
5260,803
5261,835
5262,869
5263,903
5264,937
5265,980
5266,1194
5267,1642
5268,2257
5269,2907
5270,3445
5271,3542
5272,3227
5273,2724
5274,2269
5275,1808
5276,1414
5277,1051
5278,786
5279,606
5280,544
5281,570
5282,656
5283,773
5284,921
5285,953
5286,940
5287,869
5288,720
5289,647
5290,627
5291,602
5292,592
5293,618
5294,645
5295,801
5296,830
5297,842
5298,859
5299,901
5300,912
5301,1101
5302,1472
5303,2059
5304,2673
5305,3171
5306,3358
5307,3106
5308,2658
5309,2203
5310,1775
5311,1381
5312,1014
5313,729
5314,578
5315,527
5316,546
5317,647
5318,760
5319,958
5320,970
5321,941
5322,886
5323,718
5324,636
5325,605
5326,575
5327,571
5328,583
5329,615
5330,781
5331,832
5332,855
5333,898
5334,942
5335,960
5336,976
5337,994
5338,1009
5339,1071
5340,1281
5341,1786
5342,2481
5343,3219
5344,3910
5345,3972
5346,3469
5347,2862
5348,2337
5349,1883
5350,1474
5351,1135
5352,849
5353,672
5354,594
5355,575
5356,603
5357,688
5358,731
5359,762
5360,758
5361,717
5362,640
5363,576
5364,541
5365,528
5366,509
5367,511
5368,560
5369,698
5370,747
5371,784
5372,835
5373,881
5374,910
5375,938
5376,958
5377,957
5378,976
5379,1038
5380,1262
5381,1772
5382,2460
5383,3195
5384,3855
5385,3872
5386,3399
5387,2821
5388,2289
5389,1830
5390,1418
5391,1086
5392,817
5393,645
5394,559
5395,561
5396,617
5397,695
5398,751
5399,848
5400,851
5401,783
5402,624
5403,572
5404,541
5405,511
5406,496
5407,511
5408,590
5409,727
5410,770
5411,819
5412,842
5413,878
5414,896
5415,939
5416,998
5417,1216
5418,1711
5419,2352
5420,2955
5421,3456
5422,3493
5423,3118
5424,2651
5425,2157
5426,1728
5427,1316
5428,963
5429,704
5430,557
5431,496
5432,560
5433,657
5434,782
5435,937
5436,941
5437,893
5438,803
5439,672
5440,615
5441,561
5442,534
5443,533
5444,558
5445,600
5446,752
5447,784
5448,815
5449,859
5450,880
5451,914
5452,1053
5453,1373
5454,1949
5455,2604
5456,3216
5457,3621
5458,3453
5459,2960
5460,2480
5461,1995
5462,1568
5463,1178
5464,867
5465,643
5466,528
5467,486
5468,545
5469,646
5470,740
5471,880
5472,875
5473,819
5474,701
5475,619
5476,557
5477,540
5478,503
5479,511
5480,563
5481,688
5482,759
5483,785
5484,830
5485,861
5486,880
5487,912
5488,1019
5489,1381
5490,1969
5491,2661
5492,3335
5493,3738
5494,3517
5495,3008
5496,2486
5497,1995
5498,1557
5499,1189
5500,883
5501,658
5502,542
5503,489
5504,541
5505,615
5506,698
5507,799
5508,825
5509,786
5510,688
5511,592
5512,543
5513,526
5514,503
5515,528
5516,557
5517,643
5518,719
5519,759
5520,787
5521,837
5522,880
5523,880
5524,906
5525,926
5526,989
5527,1222
5528,1760
5529,2447
5530,3194
5531,3801
5532,3799
5533,3321
5534,2762
5535,2247
5536,1790
5537,1391
5538,1062
5539,777
5540,613
5541,537
5542,551
5543,604
5544,688
5545,787
5546,859
5547,837
5548,784
5549,667
5550,615
5551,573
5552,545
5553,548
5554,575
5555,641
5556,738
5557,784
5558,804
5559,855
5560,888
5561,967
5562,1196
5563,1643
5564,2259
5565,2825
5566,3258
5567,3262
5568,2929
5569,2509
5570,2065
5571,1641
5572,1257
5573,923
5574,694
5575,547
5576,497
5577,563
5578,677
5579,835
5580,915
5581,951
5582,912
5583,832
5584,700
5585,642
5586,618
5587,585
5588,605
5589,631
5590,713
5591,785
5592,826
5593,866
5594,899
5595,928
5596,964
5597,1069
5598,1333
5599,1891
5600,2544
5601,3223
5602,3658
5603,3563
5604,3099
5605,2589
5606,2111
5607,1674
5608,1303
5609,986
5610,746
5611,608
5612,551
5613,566
5614,635
5615,729
5616,813
5617,866
5618,830
5619,745
5620,651
5621,602
5622,561
5623,567
5624,554
5625,589
5626,661
5627,746
5628,791
5629,848
5630,880
5631,935
5632,952
5633,976
5634,995
5635,1019
5636,1109
5637,1442
5638,2012
5639,2704
5640,3411
5641,3907
5642,3724
5643,3152
5644,2627
5645,2138
5646,1711
5647,1356
5648,1056
5649,801
5650,658
5651,593
5652,608
5653,649
5654,720
5655,787
5656,803
5657,764
5658,731
5659,672
5660,621
5661,587
5662,567
5663,563
5664,603
5665,654
5666,742
5667,785
5668,838
5669,871
5670,914
5671,942
5672,963
5673,987
5674,1013
5675,1154
5676,1489
5677,2077
5678,2718
5679,3380
5680,3696
5681,3491
5682,3017
5683,2506
5684,2032
5685,1625
5686,1278
5687,960
5688,735
5689,624
5690,607
5691,656
5692,743
5693,812
5694,925
5695,938
5696,911
5697,767
5698,699
5699,647
5700,603
5701,599
5702,618
5703,645
5704,778
5705,832
5706,875
5707,895
5708,914
5709,955
5710,983
5711,1050
5712,1314
5713,1774
5714,2374
5715,2915
5716,3326
5717,3270
5718,2923
5719,2507
5720,2076
5721,1648
5722,1287
5723,955
5724,735
5725,598
5726,589
5727,642
5728,741
5729,907
5730,1004
5731,1005
5732,976
5733,848
5734,743
5735,676
5736,650
5737,624
5738,638
5739,659
5740,739
5741,857
5742,881
5743,925
5744,949
5745,989
5746,1015
5747,1013
5748,1065
5749,1232
5750,1673
5751,2283
5752,2965
5753,3583
5754,3794
5755,3472
5756,2943
5757,2448
5758,1982
5759,1594
5760,1231
5761,927
5762,720
5763,624
5764,607
5765,631
5766,711
5767,784
5768,912
5769,911
5770,864
5771,731
5772,662
5773,635
5774,591
5775,579
5776,577
5777,612
5778,747
5779,801
5780,848
5781,879
5782,910
5783,943
5784,961
5785,989
5786,1005
5787,1120
5788,1421
5789,1984
5790,2655
5791,3322
5792,3747
5793,3614
5794,3120
5795,2618
5796,2161
5797,1723
5798,1359
5799,1049
5800,820
5801,660
5802,615
5803,619
5804,686
5805,752
5806,790
5807,891
5808,880
5809,784
5810,658
5811,610
5812,565
5813,551
5814,561
5815,576
5816,688
5817,769
5818,830
5819,854
5820,898
5821,915
5822,945
5823,978
5824,1072
5825,1230
5826,1581
5827,2146
5828,2796
5829,3344
5830,3653
5831,3395
5832,2899
5833,2433
5834,1983
5835,1567
5836,1216
5837,905
5838,693
5839,607
5840,581
5841,658
5842,746
5843,862
5844,962
5845,982
5846,936
5847,829
5848,688
5849,637
5850,623
5851,599
5852,618
5853,645
5854,809
5855,858
5856,875
5857,895
5858,912
5859,943
5860,971
5861,1135
5862,1489
5863,2043
5864,2624
5865,3120
5866,3313
5867,3117
5868,2706
5869,2258
5870,1812
5871,1408
5872,1051
5873,769
5874,604
5875,511
5876,533
5877,633
5878,751
5879,949
5880,979
5881,973
5882,913
5883,757
5884,679
5885,636
5886,599
5887,592
5888,614
5889,665
5890,823
5891,861
5892,881
5893,879
5894,897
5895,915
5896,949
5897,1002
5898,1145
5899,1510
5900,2117
5901,2782
5902,3477
5903,3778
5904,3568
5905,3043
5906,2544
5907,2096
5908,1648
5909,1297
5910,992
5911,761
5912,655
5913,624
5914,658
5915,741
5916,788
5917,848
5918,914
5919,863
5920,748
5921,662
5922,615
5923,568
5924,544
5925,570
5926,615
5927,728
5928,797
5929,848
5930,866
5931,896
5932,924
5933,961
5934,976
5935,1091
5936,1417
5937,1985
5938,2658
5939,3245
5940,3600
5941,3431
5942,2986
5943,2512
5944,2032
5945,1616
5946,1269
5947,965
5948,730
5949,605
5950,562
5951,613
5952,685
5953,764
5954,879
5955,900
5956,865
5957,784
5958,657
5959,626
5960,583
5961,575
5962,588
5963,616
5964,736
5965,801
5966,854
5967,874
5968,907
5969,934
5970,950
5971,989
5972,1059
5973,1266
5974,1743
5975,2365
5976,2982
5977,3472
5978,3527
5979,3165
5980,2697
5981,2271
5982,1786
5983,1397
5984,1077
5985,795
5986,657
5987,620
5988,663
5989,735
5990,841
5991,976
5992,999
5993,947
5994,827
5995,727
5996,670
5997,609
5998,598
5999,608
6000,614
6001,672
6002,816
6003,848
6004,874
6005,897
6006,912
6007,946
6008,1008
6009,1200
6010,1659
6011,2293
6012,2917
6013,3457
6014,3550
6015,3211
6016,2734
6017,2269
6018,1817
6019,1428
6020,1087
6021,827
6022,626
6023,559
6024,560
6025,647
6026,727
6027,852
6028,912
6029,887
6030,830
6031,683
6032,624
6033,586
6034,569
6035,567
6036,592
6037,650
6038,780
6039,819
6040,831
6041,899
6042,929
6043,963
6044,1002
6045,1034
6046,1051
6047,1051
6048,1088
6049,1262
6050,1728
6051,2387
6052,3166
6053,3900
6054,4095
6055,3733
6056,3095
6057,2555
6058,2062
6059,1624
6060,1266
6061,970
6062,765
6063,624
6064,598
6065,637
6066,685
6067,746
6068,783
6069,782
6070,754
6071,686
6072,654
6073,594
6074,555
6075,540
6076,557
6077,575
6078,693
6079,769
6080,792
6081,827
6082,865
6083,911
6084,955
6085,985
6086,1017
6087,1037
6088,1045
6089,1051
6090,1073
6091,1122
6092,1356
6093,1883
6094,2597
6095,3379
6096,4081
6097,4095
6098,3686
6099,2997
6100,2467
6101,1985
6102,1556
6103,1201
6104,907
6105,716
6106,623
6107,615
6108,655
6109,727
6110,788
6111,830
6112,806
6113,766
6114,715
6115,658
6116,609
6117,574
6118,561
6119,577
6120,623
6121,752
6122,809
6123,858
6124,888
6125,912
6126,929
6127,957
6128,1014
6129,1191
6130,1598
6131,2173
6132,2769
6133,3303
6134,3447
6135,3200
6136,2780
6137,2320
6138,1873
6139,1469
6140,1105
6141,826
6142,637
6143,574
6144,592
6145,678
6146,789
6147,947
6148,1005
6149,963
6150,899
6151,730
6152,670
6153,656
6154,593
6155,580
6156,609
6157,618
6158,781
6159,842
6160,869
6161,910
6162,946
6163,946
6164,974
6165,1023
6166,1207
6167,1661
6168,2279
6169,2926
6170,3534
6171,3758
6172,3434
6173,2912
6174,2432
6175,1965
6176,1561
6177,1209
6178,931
6179,717
6180,613
6181,603
6182,645
6183,709
6184,781
6185,859
6186,897
6187,849
6188,715
6189,623
6190,603
6191,576
6192,551
6193,584
6194,596
6195,743
6196,800
6197,835
6198,878
6199,905
6200,943
6201,955
6202,972
6203,976
6204,1039
6205,1200
6206,1595
6207,2224
6208,2899
6209,3583
6210,3875
6211,3603
6212,3046
6213,2493
6214,2046
6215,1643
6216,1275
6217,981
6218,767
6219,656
6220,627
6221,656
6222,709
6223,749
6224,784
6225,791
6226,751
6227,704
6228,656
6229,636
6230,653
6231,698
6232,655
6233,933
6234,913
6235,864
6236,854
6237,848
6238,977
6239,851
6240,613
6241,640
6242,688
6243,967
6244,1335
6245,1859
6246,2470
6247,3003
6248,3306
6249,3213
6250,2842
6251,2399
6252,1971
6253,1611
6254,1223
6255,929
6256,708
6257,602
6258,567
6259,630
6260,700
6261,806
6262,1002
6263,954
6264,912
6265,767
6266,640
6267,609
6268,588
6269,570
6270,590
6271,617
6272,784
6273,835
6274,858
6275,880
6276,878
6277,908
6278,1043
6279,1392
6280,1921
6281,2479
6282,2916
6283,3071
6284,2926
6285,2585
6286,2163
6287,1746
6288,1374
6289,1035
6290,755
6291,572
6292,487
6293,528
6294,602
6295,720
6296,913
6297,948
6298,915
6299,859
6300,673
6301,608
6302,562
6303,548
6304,565
6305,588
6306,699
6307,812
6308,846
6309,854
6310,894
6311,903
6312,927
6313,1032
6314,1328
6315,1869
6316,2507
6317,3058
6318,3373
6319,3270
6320,2891
6321,2430
6322,1994
6323,1585
6324,1230
6325,919
6326,703
6327,582
6328,542
6329,554
6330,637
6331,697
6332,852
6333,880
6334,845
6335,725
6336,594
6337,539
6338,538
6339,528
6340,553
6341,579
6342,770
6343,797
6344,807
6345,848
6346,866
6347,899
6348,965
6349,1215
6350,1708
6351,2325
6352,2898
6353,3260
6354,3246
6355,2922
6356,2446
6357,2026
6358,1617
6359,1286
6360,971
6361,744
6362,592
6363,560
6364,558
6365,624
6366,702
6367,735
6368,859
6369,827
6370,771
6371,592
6372,548
6373,505
6374,502
6375,503
6376,557
6377,718
6378,775
6379,791
6380,833
6381,843
6382,873
6383,899
6384,997
6385,1303
6386,1819
6387,2426
6388,2961
6389,3265
6390,3161
6391,2798
6392,2380
6393,1925
6394,1535
6395,1201
6396,903
6397,701
6398,563
6399,554
6400,586
6401,663
6402,740
6403,880
6404,878
6405,852
6406,688
6407,609
6408,566
6409,531
6410,559
6411,580
6412,586
6413,748
6414,835
6415,810
6416,848
6417,855
6418,944
6419,1185
6420,1645
6421,2203
6422,2711
6423,3039
6424,2983
6425,2704
6426,2303
6427,1867
6428,1472
6429,1104
6430,805
6431,592
6432,496
6433,499
6434,586
6435,679
6436,880
6437,944
6438,912
6439,867
6440,690
6441,624
6442,567
6443,547
6444,560
6445,571
6446,608
6447,775
6448,817
6449,842
6450,847
6451,879
6452,894
6453,987
6454,1264
6455,1778
6456,2417
6457,2956
6458,3293
6459,3202
6460,2817
6461,2364
6462,1917
6463,1525
6464,1180
6465,885
6466,677
6467,528
6468,511
6469,543
6470,626
6471,697
6472,813
6473,873
6474,784
6475,647
6476,585
6477,533
6478,499
6479,510
6480,509
6481,557
6482,724
6483,763
6484,806
6485,821
6486,867
6487,870
6488,880
6489,896
6490,906
6491,963
6492,1214
6493,1719
6494,2352
6495,2962
6496,3408
6497,3391
6498,3003
6499,2555
6500,2091
6501,1671
6502,1315
6503,1020
6504,767
6505,609
6506,562
6507,558
6508,594
6509,655
6510,708
6511,805
6512,813
6513,762
6514,619
6515,554
6516,523
6517,511
6518,511
6519,541
6520,654
6521,764
6522,762
6523,816
6524,848
6525,897
6526,901
6527,926
6528,989
6529,944
6530,989
6531,1153
6532,1520
6533,2080
6534,2699
6535,3232
6536,3408
6537,3175
6538,2749
6539,2288
6540,1869
6541,1486
6542,1154
6543,897
6544,693
6545,585
6546,594
6547,662
6548,731
6549,825
6550,939
6551,931
6552,886
6553,723
6554,643
6555,608
6556,586
6557,578
6558,592
6559,626
6560,787
6561,833
6562,849
6563,859
6564,873
6565,894
6566,906
6567,960
6568,1174
6569,1616
6570,2198
6571,2730
6572,3099
6573,3130
6574,2821
6575,2429
6576,2021
6577,1616
6578,1282
6579,960
6580,721
6581,592
6582,560
6583,590
6584,663
6585,767
6586,919
6587,935
6588,903
6589,832
6590,695
6591,625
6592,597
6593,590
6594,592
6595,613
6596,754
6597,831
6598,837
6599,882
6600,906
6601,937
6602,944
6603,956
6604,1008
6605,1169
6606,1567
6607,2181
6608,2815
6609,3418
6610,3632
6611,3329
6612,2843
6613,2384
6614,1915
6615,1535
6616,1210
6617,912
6618,725
6619,613
6620,563
6621,583
6622,656
6623,713
6624,743
6625,749
6626,734
6627,681
6628,635
6629,603
6630,586
6631,566
6632,592
6633,593
6634,738
6635,785
6636,814
6637,835
6638,885
6639,907
6640,934
6641,980
6642,979
6643,1059
6644,1274
6645,1753
6646,2402
6647,3069
6648,3537
6649,3583
6650,3153
6651,2667
6652,2185
6653,1737
6654,1367
6655,1059
6656,797
6657,644
6658,582
6659,608
6660,693
6661,781
6662,909
6663,943
6664,918
6665,816
6666,695
6667,635
6668,601
6669,571
6670,569
6671,598
6672,701
6673,791
6674,846
6675,867
6676,897
6677,917
6678,944
6679,1056
6680,1409
6681,1962
6682,2590
6683,3146
6684,3376
6685,3191
6686,2765
6687,2301
6688,1840
6689,1453
6690,1088
6691,803
6692,604
6693,492
6694,501
6695,571
6696,686
6697,817
6698,893
6699,881
6700,820
6701,682
6702,592
6703,551
6704,528
6705,528
6706,531
6707,584
6708,731
6709,781
6710,822
6711,845
6712,871
6713,902
6714,918
6715,1010
6716,1326
6717,1898
6718,2559
6719,3214
6720,3599
6721,3465
6722,3021
6723,2523
6724,2069
6725,1654
6726,1303
6727,998
6728,758
6729,602
6730,542
6731,545
6732,592
6733,688
6734,731
6735,817
6736,815
6737,746
6738,624
6739,573
6740,544
6741,525
6742,528
6743,569
6744,636
6745,725
6746,770
6747,819
6748,870
6749,895
6750,927
6751,959
6752,963
6753,1004
6754,1084
6755,1435
6756,2010
6757,2717
6758,3412
6759,3834
6760,3639
6761,3105
6762,2592
6763,2091
6764,1655
6765,1283
6766,965
6767,735
6768,616
6769,575
6770,621
6771,684
6772,769
6773,883
6774,892
6775,851
6776,755
6777,661
6778,628
6779,590
6780,580
6781,591
6782,592
6783,645
6784,762
6785,816
6786,846
6787,897
6788,925
6789,976
6790,1003
6791,1008
6792,1019
6793,1055
6794,1148
6795,1456
6796,1993
6797,2672
6798,3344
6799,3788
6800,3666
6801,3164
6802,2631
6803,2147
6804,1677
6805,1268
6806,932
6807,721
6808,592
6809,592
6810,669
6811,784
6812,954
6813,1038
6814,1053
6815,1002
6816,883
6817,790
6818,717
6819,672
6820,642
6821,652
6822,671
6823,719
6824,840
6825,880
6826,864
6827,918
6828,941
6829,965
6830,1007
6831,1181
6832,1584
6833,2154
6834,2768
6835,3280
6836,3413
6837,3145
6838,2714
6839,2259
6840,1795
6841,1391
6842,1023
6843,720
6844,560
6845,511
6846,583
6847,712
6848,930
6849,1071
6850,1082
6851,1052
6852,1004
6853,865
6854,768
6855,705
6856,683
6857,674
6858,705
6859,733
6860,848
6861,901
6862,917
6863,931
6864,947
6865,974
6866,1070
6867,1361
6868,1904
6869,2547
6870,3231
6871,3747
6872,3696
6873,3211
6874,2687
6875,2176
6876,1712
6877,1307
6878,949
6879,714
6880,566
6881,537
6882,592
6883,711
6884,843
6885,947
6886,977
6887,959
6888,858
6889,730
6890,663
6891,643
6892,614
6893,592
6894,613
6895,652
6896,789
6897,829
6898,859
6899,902
6900,935
6901,944
6902,972
6903,1086
6904,1383
6905,1968
6906,2677
6907,3434
6908,3969
6909,3821
6910,3265
6911,2703
6912,2185
6913,1723
6914,1335
6915,985
6916,738
6917,573
6918,527
6919,559
6920,639
6921,723
6922,855
6923,901
6924,885
6925,784
6926,687
6927,623
6928,580
6929,577
6930,543
6931,567
6932,688
6933,809
6934,818
6935,862
6936,901
6937,1050
6938,1059
6939,1077
6940,1082
6941,1200
6942,1518
6943,2094
6944,2746
6945,3349
6946,3655
6947,3475
6948,2972
6949,2480
6950,2002
6951,1584
6952,1199
6953,890
6954,671
6955,585
6956,576
6957,622
6958,715
6959,860
6960,961
6961,930
6962,905
6963,727
6964,660
6965,619
6966,573
6967,549
6968,562
6969,570
6970,613
6971,769
6972,777
6973,797
6974,811
6975,847
6976,973
6977,1308
6978,1902
6979,2559
6980,3155
6981,3493
6982,3331
6983,2838
6984,2421
6985,1903
6986,1489
6987,1148
6988,847
6989,675
6990,567
6991,511
6992,578
6993,657
6994,734
6995,877
6996,857
6997,803
6998,662
6999,573
7000,526
7001,498
7002,511
7003,511
7004,527
7005,633
7006,709
7007,754
7008,784
7009,813
7010,862
7011,919
7012,1123
7013,1603
7014,2258
7015,2891
7016,3395
7017,3455
7018,3106
7019,2630
7020,2158
7021,1725
7022,1329
7023,999
7024,743
7025,588
7026,531
7027,560
7028,654
7029,759
7030,899
7031,944
7032,922
7033,870
7034,756
7035,688
7036,641
7037,606
7038,616
7039,612
7040,658
7041,786
7042,832
7043,858
7044,871
7045,909
7046,960
7047,987
7048,1041
7049,1291
7050,1781
7051,2406
7052,3013
7053,3470
7054,3483
7055,3089
7056,2622
7057,2129
7058,1684
7059,1278
7060,923
7061,677
7062,545
7063,538
7064,624
7065,753
7066,944
7067,1010
7068,1048
7069,1003
7070,932
7071,809
7072,734
7073,672
7074,656
7075,666
7076,697
7077,765
7078,847
7079,882
7080,915
7081,939
7082,976
7083,1000
7084,1147
7085,1516
7086,2078
7087,2663
7088,3185
7089,3363
7090,3136
7091,2715
7092,2269
7093,1830
7094,1381
7095,1003
7096,719
7097,557
7098,541
7099,616
7100,816
7101,1040
7102,1136
7103,1152
7104,1118
7105,1032
7106,848
7107,774
7108,720
7109,722
7110,706
7111,722
7112,758
7113,912
7114,969
7115,977
7116,989
7117,1060
7118,1277
7119,1734
7120,2367
7121,2992
7122,3376
7123,3330
7124,2954
7125,2497
7126,2011
7127,1557
7128,1167
7129,819
7130,585
7131,449
7132,434
7133,511
7134,653
7135,850
7136,938
7137,944
7138,881
7139,724
7140,626
7141,551
7142,543
7143,511
7144,560
7145,752
7146,704
7147,698
7148,737
7149,783
7150,816
7151,848
7152,997
7153,1391
7154,1999
7155,2677
7156,3257
7157,3554
7158,3347
7159,2863
7160,2396
7161,1931
7162,1497
7163,1131
7164,838
7165,629
7166,499
7167,486
7168,547
7169,645
7170,771
7171,877
7172,863
7173,817
7174,669
7175,603
7176,556
7177,509
7178,507
7179,496
7180,653
7181,770
7182,814
7183,826
7184,832
7185,855
7186,861
7187,905
7188,997
7189,1328
7190,1879
7191,2535
7192,3142
7193,3473
7194,3368
7195,2906
7196,2433
7197,1978
7198,1535
7199,1178
7200,863
7201,663
7202,555
7203,557
7204,603
7205,685
7206,781
7207,875
7208,886
7209,846
7210,716
7211,630
7212,594
7213,574
7214,570
7215,585
7216,617
7217,775
7218,802
7219,838
7220,851
7221,882
7222,977
7223,1001
7224,1069
7225,1219
7226,1626
7227,2179
7228,2731
7229,3149
7230,3226
7231,3028
7232,2469
7233,2016
7234,1606
7235,1242
7236,915
7237,685
7238,562
7239,539
7240,605
7241,720
7242,889
7243,991
7244,976
7245,941
7246,910
7247,786
7248,739
7249,715
7250,697
7251,701
7252,720
7253,784
7254,865
7255,889
7256,935
7257,945
7258,976
7259,1005
7260,1213
7261,1642
7262,2218
7263,2819
7264,3298
7265,3408
7266,3102
7267,2704
7268,2241
7269,1789
7270,1371
7271,1007
7272,735
7273,585
7274,576
7275,646
7276,774
7277,945
7278,1035
7279,1052
7280,989
7281,902
7282,784
7283,721
7284,695
7285,661
7286,677
7287,679
7288,732
7289,835
7290,873
7291,906
7292,936
7293,973
7294,1002
7295,1179
7296,1581
7297,2213
7298,2879
7299,3536
7300,3824
7301,3508
7302,2983
7303,2465
7304,1998
7305,1535
7306,1187
7307,865
7308,673
7309,590
7310,592
7311,657
7312,759
7313,898
7314,974
7315,909
7316,853
7317,747
7318,674
7319,630
7320,571
7321,602
7322,601
7323,607
7324,701
7325,779
7326,834
7327,857
7328,897
7329,940
7330,947
7331,975
7332,1072
7333,1343
7334,1897
7335,2559
7336,3294
7337,3781
7338,3746
7339,3248
7340,2704
7341,2207
7342,1747
7343,1331
7344,998
7345,747
7346,616
7347,562
7348,603
7349,688
7350,769
7351,881
7352,918
7353,877
7354,784
7355,691
7356,653
7357,592
7358,577
7359,574
7360,602
7361,655
7362,751
7363,811
7364,842
7365,879
7366,960
7367,959
7368,978
7369,986
7370,1023
7371,1191
7372,1584
7373,2198
7374,2901
7375,3578
7376,3883
7377,3583
7378,3011
7379,2487
7380,2001
7381,1535
7382,1155
7383,842
7384,635
7385,553
7386,573
7387,640
7388,748
7389,891
7390,951
7391,951
7392,909
7393,784
7394,697
7395,643
7396,603
7397,578
7398,603
7399,624
7400,703
7401,793
7402,835
7403,877
7404,912
7405,951
7406,995
7407,1015
7408,1038
7409,1055
7410,1104
7411,1293
7412,1724
7413,2352
7414,3034
7415,3711
7416,3920
7417,3513
7418,2941
7419,2429
7420,1946
7421,1487
7422,1109
7423,816
7424,641
7425,588
7426,608
7427,723
7428,844
7429,986
7430,1021
7431,993
7432,947
7433,816
7434,738
7435,688
7436,656
7437,651
7438,649
7439,662
7440,780
7441,831
7442,880
7443,906
7444,944
7445,986
7446,1010
7447,1043
7448,1072
7449,1094
7450,1243
7451,1616
7452,2186
7453,2786
7454,3377
7455,3667
7456,3536
7457,3018
7458,2509
7459,2029
7460,1581
7461,1186
7462,869
7463,670
7464,599
7465,650
7466,773
7467,958
7468,1104
7469,1159
7470,1150
7471,1095
7472,935
7473,858
7474,777
7475,720
7476,705
7477,721
7478,720
7479,759
7480,882
7481,910
7482,944
7483,962
7484,1003
7485,1165
7486,1535
7487,2085
7488,2673
7489,3206
7490,3420
7491,3214
7492,2802
7493,2343
7494,1890
7495,1474
7496,1088
7497,791
7498,608
7499,544
7500,586
7501,697
7502,848
7503,1005
7504,1072
7505,1046
7506,997
7507,854
7508,770
7509,723
7510,675
7511,678
7512,682
7513,697
7514,803
7515,850
7516,880
7517,911
7518,934
7519,980
7520,1123
7521,1491
7522,2108
7523,2777
7524,3476
7525,3863
7526,3679
7527,3163
7528,2618
7529,2135
7530,1703
7531,1296
7532,969
7533,750
7534,617
7535,589
7536,624
7537,717
7538,802
7539,918
7540,921
7541,855
7542,752
7543,682
7544,638
7545,615
7546,605
7547,619
7548,630
7549,697
7550,753
7551,786
7552,819
7553,851
7554,901
7555,1095
7556,1535
7557,2189
7558,2828
7559,3407
7560,3613
7561,3310
7562,2822
7563,2351
7564,1894
7565,1485
7566,1133
7567,850
7568,642
7569,562
7570,571
7571,639
7572,717
7573,777
7574,867
7575,859
7576,832
7577,721
7578,649
7579,625
7580,611
7581,624
7582,617
7583,655
7584,741
7585,768
7586,802
7587,841
7588,932
7589,1218
7590,1773
7591,2386
7592,2982
7593,3334
7594,3265
7595,2902
7596,2466
7597,2022
7598,1616
7599,1247
7600,934
7601,721
7602,592
7603,574
7604,613
7605,695
7606,784
7607,893
7608,900
7609,855
7610,816
7611,723
7612,672
7613,655
7614,642
7615,656
7616,675
7617,752
7618,806
7619,828
7620,865
7621,947
7622,1200
7623,1687
7624,2291
7625,2866
7626,3221
7627,3207
7628,2889
7629,2453
7630,2021
7631,1621
7632,1262
7633,940
7634,720
7635,621
7636,599
7637,646
7638,757
7639,870
7640,954
7641,947
7642,909
7643,819
7644,750
7645,703
7646,671
7647,667
7648,685
7649,718
7650,812
7651,879
7652,917
7653,963
7654,1008
7655,1072
7656,1089
7657,1092
7658,1136
7659,1328
7660,1856
7661,2447
7662,3088
7663,3632
7664,3709
7665,3281
7666,2768
7667,2282
7668,1824
7669,1445
7670,1088
7671,827
7672,655
7673,579
7674,567
7675,641
7676,703
7677,755
7678,827
7679,816
7680,771
7681,650
7682,605
7683,566
7684,545
7685,543
7686,567
7687,611
7688,718
7689,781
7690,815
7691,861
7692,910
7693,927
7694,958
7695,977
7696,992
7697,1074
7698,1303
7699,1810
7700,2465
7701,3171
7702,3719
7703,3769
7704,3303
7705,2770
7706,2295
7707,1855
7708,1490
7709,1171
7710,922
7711,751
7712,671
7713,656
7714,687
7715,750
7716,768
7717,793
7718,762
7719,724
7720,646
7721,608
7722,572
7723,534
7724,539
7725,567
7726,612
7727,690
7728,743
7729,803
7730,847
7731,906
7732,941
7733,960
7734,976
7735,1003
7736,1018
7737,1102
7738,1343
7739,1872
7740,2512
7741,3159
7742,3611
7743,3533
7744,3098
7745,2591
7746,2109
7747,1694
7748,1330
7749,1023
7750,784
7751,646
7752,606
7753,622
7754,682
7755,769
7756,862
7757,907
7758,898
7759,865
7760,763
7761,702
7762,656
7763,646
7764,642
7765,657
7766,678
7767,781
7768,847
7769,898
7770,944
7771,991
7772,1009
7773,1045
7774,1083
7775,1100
7776,1098
7777,1161
7778,1365
7779,1811
7780,2436
7781,3049
7782,3559
7783,3627
7784,3267
7785,2745
7786,2258
7787,1813
7788,1396
7789,1071
7790,801
7791,656
7792,640
7793,715
7794,842
7795,981
7796,1087
7797,1117
7798,1077
7799,1013
7800,893
7801,828
7802,774
7803,747
7804,752
7805,762
7806,784
7807,851
7808,898
7809,933
7810,952
7811,982
7812,1136
7813,1535
7814,2099
7815,2697
7816,3174
7817,3318
7818,3069
7819,2651
7820,2211
7821,1790
7822,1410
7823,1071
7824,784
7825,614
7826,573
7827,624
7828,721
7829,853
7830,969
7831,1008
7832,994
7833,931
7834,817
7835,746
7836,686
7837,647
7838,662
7839,682
7840,717
7841,822
7842,849
7843,886
7844,927
7845,981
7846,993
7847,1012
7848,1065
7849,1311
7850,1837
7851,2516
7852,3293
7853,3914
7854,3963
7855,3456
7856,2860
7857,2340
7858,1875
7859,1492
7860,1157
7861,885
7862,715
7863,642
7864,634
7865,690
7866,757
7867,811
7868,877
7869,882
7870,777
7871,706
7872,634
7873,583
7874,566
7875,571
7876,583
7877,615
7878,710
7879,769
7880,817
7881,851
7882,912
7883,961
7884,993
7885,1050
7886,1058
7887,1072
7888,1085
7889,1136
7890,1354
7891,1889
7892,2614
7893,3444
7894,4095
7895,4095
7896,3610
7897,2943
7898,2406
7899,1927
7900,1520
7901,1175
7902,913
7903,769
7904,727
7905,773
7906,833
7907,915
7908,976
7909,997
7910,940
7911,803
7912,706
7913,605
7914,539
7915,503
7916,485
7917,485
7918,546
7919,597
7920,688
7921,735
7922,802
7923,832
7924,881
7925,929
7926,959
7927,1002
7928,1013
7929,1023
7930,1023
7931,1040
7932,1087
7933,1322
7934,1851
7935,2543
7936,3353
7937,4033
7938,4095
7939,3629
7940,2969
7941,2416
7942,1938
7943,1520
7944,1168
7945,894
7946,743
7947,659
7948,679
7949,747
7950,848
7951,914
7952,989
7953,957
7954,897
7955,805
7956,738
7957,704
7958,668
7959,656
7960,649
7961,689
7962,738
7963,817
7964,854
7965,906
7966,948
7967,1008
7968,1035
7969,1055
7970,1073
7971,1072
7972,1136
7973,1301
7974,1715
7975,2317
7976,2905
7977,3440
7978,3617
7979,3337
7980,2838
7981,2370
7982,1914
7983,1499
7984,1135
7985,865
7986,688
7987,656
7988,687
7989,801
7990,947
7991,1075
7992,1133
7993,1101
7994,1050
7995,933
7996,867
7997,800
7998,763
7999,747
8000,735
8001,776
8002,810
8003,909
8004,944
8005,981
8006,1021
8007,1034
8008,1065
8009,1088
8010,1150
8011,1366
8012,1799
8013,2339
8014,2900
8015,3389
8016,3491
8017,3184
8018,2747
8019,2294
8020,1865
8021,1458
8022,1103
8023,832
8024,687
8025,675
8026,742
8027,863
8028,1041
8029,1140
8030,1178
8031,1169
8032,1097
8033,978
8034,889
8035,834
8036,791
8037,787
8038,799
8039,800
8040,838
8041,927
8042,962
8043,981
8044,1008
8045,1056
8046,1198
8047,1579
8048,2143
8049,2751
8050,3363
8051,3686
8052,3453
8053,2987
8054,2512
8055,2072
8056,1635
8057,1264
8058,944
8059,747
8060,647
8061,663
8062,741
8063,859
8064,981
8065,1051
8066,1039
8067,1005
8068,898
8069,809
8070,746
8071,695
8072,683
8073,686
8074,700
8075,733
8076,807
8077,875
8078,923
8079,946
8080,983
8081,1008
8082,1049
8083,1073
8084,1102
8085,1229
8086,1600
8087,2219
8088,2917
8089,3721
8090,4095
8091,4062
8092,3419
8093,2791
8094,2309
8095,1837
8096,1459
8097,1111
8098,860
8099,702
8100,675
8101,685
8102,743
8103,818
8104,858
8105,867
8106,842
8107,815
8108,735
8109,679
8110,638
8111,598
8112,592
8113,611
8114,655
8115,739
8116,781
8117,836
8118,868
8119,912
8120,933
8121,983
8122,985
8123,1014
8124,1109
8125,1411
8126,1984
8127,2640
8128,3356
8129,3889
8130,3856
8131,3349
8132,2802
8133,2303
8134,1861
8135,1472
8136,1141
8137,893
8138,734
8139,657
8140,687
8141,750
8142,832
8143,907
8144,951
8145,915
8146,854
8147,771
8148,711
8149,670
8150,637
8151,626
8152,638
8153,674
8154,747
8155,800
8156,839
8157,895
8158,910
8159,944
8160,988
8161,1121
8162,1486
8163,2032
8164,2646
8165,3216
8166,3540
8167,3361
8168,2933
8169,2480
8170,2032
8171,1632
8172,1281
8173,973
8174,742
8175,625
8176,624
8177,667
8178,788
8179,893
8180,962
8181,970
8182,935
8183,834
8184,749
8185,697
8186,655
8187,634
8188,634
8189,655
8190,706
8191,798
8192,846
8193,891
8194,945
8195,976
8196,1022
8197,1034
8198,1059
8199,1104
8200,1264
8201,1687
8202,2345
8203,3055
8204,3795
8205,4073
8206,3725
8207,3120
8208,2593
8209,2111
8210,1691
8211,1344
8212,1055
8213,829
8214,715
8215,660
8216,686
8217,735
8218,797
8219,803
8220,810
8221,797
8222,743
8223,674
8224,634
8225,624
8226,608
8227,621
8228,640
8229,693
8230,765
8231,806
8232,871
8233,913
8234,944
8235,965
8236,993
8237,1023
8238,1072
8239,1264
8240,1687
8241,2324
8242,2997
8243,3631
8244,3803
8245,3475
8246,2953
8247,2448
8248,1997
8249,1607
8250,1293
8251,1008
8252,801
8253,710
8254,701
8255,725
8256,785
8257,845
8258,879
8259,870
8260,816
8261,752
8262,699
8263,647
8264,615
8265,607
8266,620
8267,649
8268,736
8269,786
8270,827
8271,877
8272,918
8273,931
8274,955
8275,1005
8276,1122
8277,1456
8278,2021
8279,2678
8280,3290
8281,3649
8282,3488
8283,3018
8284,2555
8285,2106
8286,1711
8287,1370
8288,1062
8289,835
8290,693
8291,635
8292,663
8293,712
8294,769
8295,816
8296,838
8297,814
8298,768
8299,729
8300,662
8301,635
8302,621
8303,639
8304,647
8305,698
8306,789
8307,823
8308,879
8309,933
8310,966
8311,1013
8312,1031
8313,1039
8314,1053
8315,1164
8316,1467
8317,2047
8318,2750
8319,3504
8320,3969
8321,3866
8322,3317
8323,2735
8324,2273
8325,1851
8326,1494
8327,1198
8328,952
8329,766
8330,697
8331,674
8332,691
8333,741
8334,778
8335,780
8336,771
8337,720
8338,685
8339,644
8340,609
8341,592
8342,586
8343,621
8344,665
8345,733
8346,769
8347,850
8348,891
8349,941
8350,976
8351,1008
8352,1035
8353,1072
8354,1087
8355,1119
8356,1328
8357,1790
8358,2434
8359,3120
8360,3776
8361,3891
8362,3497
8363,2930
8364,2430
8365,1978
8366,1587
8367,1237
8368,969
8369,768
8370,693
8371,690
8372,740
8373,816
8374,859
8375,887
8376,862
8377,813
8378,747
8379,692
8380,633
8381,608
8382,608
8383,630
8384,694
8385,757
8386,816
8387,863
8388,914
8389,955
8390,992
8391,1064
8392,1167
8393,1520
8394,2055
8395,2673
8396,3230
8397,3467
8398,3273
8399,2859
8400,2416
8401,1984
8402,1586
8403,1273
8404,970
8405,753
8406,647
8407,632
8408,657
8409,758
8410,822
8411,897
8412,896
8413,848
8414,766
8415,709
8416,661
8417,624
8418,609
8419,614
8420,663
8421,737
8422,789
8423,849
8424,882
8425,921
8426,960
8427,1006
8428,1072
8429,1312
8430,1775
8431,2425
8432,3103
8433,3685
8434,3760
8435,3360
8436,2835
8437,2357
8438,1931
8439,1563
8440,1261
8441,978
8442,788
8443,687
8444,626
8445,665
8446,698
8447,744
8448,751
8449,738
8450,714
8451,677
8452,638
8453,592
8454,567
8455,565
8456,591
8457,640
8458,706
8459,750
8460,816
8461,864
8462,893
8463,939
8464,965
8465,995
8466,1067
8467,1097
8468,1358
8469,1862
8470,2555
8471,3331
8472,4003
8473,4095
8474,3655
8475,3086
8476,2581
8477,2159
8478,1795
8479,1451
8480,1157
8481,948
8482,832
8483,783
8484,813
8485,841
8486,880
8487,862
8488,838
8489,739
8490,656
8491,595
8492,528
8493,495
8494,477
8495,496
8496,551
8497,647
8498,707
8499,735
8500,767
8501,811
8502,853
8503,1005
8504,1389
8505,2005
8506,2672
8507,3248
8508,3493
8509,3293
8510,2849
8511,2389
8512,1981
8513,1621
8514,1318
8515,1070
8516,843
8517,711
8518,655
8519,656
8520,699
8521,724
8522,733
8523,730
8524,686
8525,630
8526,576
8527,528
8528,497
8529,493
8530,511
8531,539
8532,624
8533,688
8534,752
8535,811
8536,859
8537,910
8538,947
8539,976
8540,1009
8541,1008
8542,1059
8543,1242
8544,1699
8545,2362
8546,3024
8547,3647
8548,3759
8549,3362
8550,2818
8551,2345
8552,1925
8553,1586
8554,1264
8555,998
8556,819
8557,704
8558,668
8559,691
8560,733
8561,759
8562,769
8563,754
8564,690
8565,636
8566,559
8567,509
8568,511
8569,487
8570,534
8571,578
8572,672
8573,711
8574,762
8575,842
8576,907
8577,964
8578,989
8579,1008
8580,1039
8581,1041
8582,1062
8583,1090
8584,1207
8585,1575
8586,2139
8587,2775
8588,3414
8589,3728
8590,3504
8591,2999
8592,2527
8593,2075
8594,1665
8595,1315
8596,1017
8597,823
8598,743
8599,731
8600,781
8601,844
8602,907
8603,931
8604,930
8605,878
8606,815
8607,752
8608,703
8609,673
8610,662
8611,671
8612,688
8613,725
8614,798
8615,836
8616,901
8617,944
8618,982
8619,1019
8620,1063
8621,1075
8622,1083
8623,1091
8624,1123
8625,1181
8626,1403
8627,1869
8628,2474
8629,3031
8630,3515
8631,3533
8632,3155
8633,2718
8634,2234
8635,1812
8636,1430
8637,1102
8638,863
8639,725
8640,695
8641,771
8642,882
8643,991
8644,1088
8645,1084
8646,1050
8647,944
8648,862
8649,807
8650,752
8651,727
8652,720
8653,733
8654,767
8655,833
8656,876
8657,917
8658,962
8659,973
8660,998
8661,1018
8662,1088
8663,1313
8664,1744
8665,2323
8666,2883
8667,3303
8668,3376
8669,3035
8670,2637
8671,2215
8672,1805
8673,1415
8674,1100
8675,860
8676,725
8677,693
8678,777
8679,875
8680,982
8681,1069
8682,1090
8683,1050
8684,950
8685,880
8686,801
8687,755
8688,722
8689,726
8690,752
8691,750
8692,827
8693,879
8694,915
8695,981
8696,1008
8697,1023
8698,1058
8699,1079
8700,1106
8701,1187
8702,1503
8703,2086
8704,2786
8705,3637
8706,4095
8707,4095
8708,3536
8709,2864
8710,2357
8711,1907
8712,1533
8713,1197
8714,942
8715,749
8716,675
8717,664
8718,694
8719,765
8720,797
8721,801
8722,753
8723,695
8724,666
8725,598
8726,555
8727,550
8728,536
8729,554
8730,607
8731,681
8732,733
8733,788
8734,841
8735,880
8736,921
8737,944
8738,959
8739,989
8740,1090
8741,1397
8742,1984
8743,2662
8744,3371
8745,3843
8746,3715
8747,3200
8748,2663
8749,2205
8750,1783
8751,1427
8752,1147
8753,912
8754,775
8755,688
8756,685
8757,727
8758,783
8759,829
8760,845
8761,799
8762,738
8763,677
8764,627
8765,570
8766,558
8767,554
8768,577
8769,624
8770,688
8771,751
8772,797
8773,848
8774,885
8775,942
8776,982
8777,1002
8778,1040
8779,1084
8780,1091
8781,1151
8782,1162
8783,1186
8784,1227
8785,1235
8786,1264
8787,1273
8788,1307
8789,1381
8790,1701
8791,2293
8792,3054
8793,4070
8794,4095
8795,4095
8796,3851
8797,3059
8798,2482
8799,2000
8800,1589
8801,1252
8802,993
8803,816
8804,720
8805,715
8806,721
8807,781
8808,795
8809,817
8810,795
8811,729
8812,671
8813,624
8814,563
8815,528
8816,535
8817,557
8818,592
8819,656
8820,723
8821,784
8822,845
8823,897
8824,977
8825,1043
8826,1106
8827,1163
8828,1200
8829,1211
8830,1216
8831,1218
8832,1202
8833,1206
8834,1280
8835,1584
8836,2128
8837,2763
8838,3450
8839,3918
8840,3793
8841,3246
8842,2705
8843,2224
8844,1774
8845,1382
8846,1040
8847,798
8848,677
8849,620
8850,688
8851,783
8852,848
8853,937
8854,970
8855,932
8856,855
8857,787
8858,746
8859,736
8860,719
8861,734
8862,752
8863,825
8864,878
8865,914
8866,946
8867,987
8868,1041
8869,1092
8870,1125
8871,1144
8872,1281
8873,1296
8874,1264
8875,1350
8876,1656
8877,2147
8878,2704
8879,3157
8880,3331
8881,3123
8882,2699
8883,2260
8884,1808
8885,1402
8886,1072
8887,782
8888,602
8889,526
8890,563
8891,641
8892,763
8893,943
8894,999
8895,970
8896,931
8897,864
8898,763
8899,711
8900,675
8901,690
8902,694
8903,726
8904,839
8905,898
8906,917
8907,967
8908,987
8909,1063
8910,1088
8911,1089
8912,1127
8913,1231
8914,1535
8915,2043
8916,2607
8917,3071
8918,3376
8919,3281
8920,2925
8921,2490
8922,2066
8923,1664
8924,1301
8925,985
8926,782
8927,669
8928,686
8929,775
8930,911
8931,1090
8932,1167
8933,1162
8934,1135
8935,1019
8936,899
8937,839
8938,810
8939,782
8940,763
8941,778
8942,800
8943,880
8944,954
8945,970
8946,1001
8947,1039
8948,1195
8949,1573
8950,2091
8951,2609
8952,3036
8953,3217
8954,3034
8955,2691
8956,2305
8957,1872
8958,1477
8959,1143
8960,855
8961,686
8962,608
8963,669
8964,762
8965,910
8966,1072
8967,1109
8968,1117
8969,1071
8970,931
8971,835
8972,803
8973,752
8974,755
8975,759
8976,774
8977,797
8978,917
8979,948
8980,975
8981,982
8982,1083
8983,1360
8984,1869
8985,2450
8986,2998
8987,3411
8988,3395
8989,3039
8990,2613
8991,2167
8992,1765
8993,1379
8994,1062
8995,818
8996,668
8997,625
8998,661
8999,763
9000,868
9001,1020
9002,1009
9003,997
9004,943
9005,810
9006,749
9007,713
9008,688
9009,687
9010,688
9011,718
9012,817
9013,865
9014,885
9015,925
9016,945
9017,1061
9018,1369
9019,1920
9020,2581
9021,3131
9022,3527
9023,3475
9024,3071
9025,2626
9026,2144
9027,1743
9028,1363
9029,1071
9030,816
9031,688
9032,624
9033,655
9034,711
9035,783
9036,828
9037,886
9038,873
9039,778
9040,688
9041,626
9042,592
9043,563
9044,567
9045,577
9046,630
9047,742
9048,797
9049,849
9050,883
9051,898
9052,925
9053,969
9054,1210
9055,1800
9056,2342
9057,2885
9058,3371
9059,3610
9060,3375
9061,2927
9062,2455
9063,1995
9064,1605
9065,1248
9066,947
9067,711
9068,573
9069,511
9070,511
9071,559
9072,599
9073,640
9074,669
9075,655
9076,613
9077,754
9078,688
9079,592
9080,402
9081,427
9082,464
9083,739
9084,1264
9085,999
9086,650
9087,742
9088,752
9089,757
9090,911
9091,926
9092,999
9093,1275
9094,1762
9095,2314
9096,2753
9097,2882
9098,2743
9099,2453
9100,2058
9101,1674
9102,1360
9103,1072
9104,830
9105,657
9106,542
9107,511
9108,523
9109,570
9110,934
9111,1226
9112,1127
9113,730
9114,550
9115,484
9116,435
9117,406
9118,395
9119,404
9120,442
9121,662
9122,810
9123,792
9124,784
9125,784
9126,802
9127,1127
9128,953
9129,903
9130,880
9131,955
9132,1223
9133,1707
9134,2182
9135,2512
9136,2640
9137,2521
9138,2363
9139,1872
9140,1505
9141,1168
9142,884
9143,665
9144,531
9145,467
9146,485
9147,560
9148,650
9149,915
9150,931
9151,873
9152,749
9153,464
9154,429
9155,423
9156,431
9157,446
9158,471
9159,737
9160,837
9161,813
9162,791
9163,773
9164,785
9165,839
9166,1070
9167,1454
9168,1888
9169,2256
9170,2439
9171,2414
9172,2220
9173,1867
9174,1520
9175,1196
9176,922
9177,688
9178,527
9179,441
9180,453
9181,511
9182,615
9183,912
9184,959
9185,939
9186,845
9187,576
9188,439
9189,446
9190,459
9191,455
9192,491
9193,624
9194,837
9195,848
9196,849
9197,831
9198,830
9199,832
9200,816
9201,835
9202,910
9203,1155
9204,1585
9205,2110
9206,2529
9207,2750
9208,2704
9209,2458
9210,2128
9211,1728
9212,1377
9213,1092
9214,835
9215,653
9216,546
9217,506
9218,533
9219,578
9220,626
9221,749
9222,908
9223,850
9224,782
9225,451
9226,398
9227,391
9228,405
9229,432
9230,482
9231,793
9232,802
9233,784
9234,778
9235,778
9236,769
9237,784
9238,787
9239,864
9240,1138
9241,1600
9242,2113
9243,2507
9244,2703
9245,2640
9246,2385
9247,2035
9248,1648
9249,1344
9250,1045
9251,822
9252,641
9253,532
9254,509
9255,532
9256,583
9257,631
9258,767
9259,884
9260,848
9261,771
9262,464
9263,404
9264,398
9265,425
9266,446
9267,474
9268,777
9269,812
9270,807
9271,799
9272,799
9273,817
9274,826
9275,822
9276,815
9277,821
9278,843
9279,916
9280,1166
9281,1639
9282,2169
9283,2617
9284,2833
9285,2799
9286,2547
9287,2197
9288,1812
9289,1449
9290,1152
9291,887
9292,713
9293,592
9294,571
9295,582
9296,637
9297,701
9298,802
9299,927
9300,886
9301,742
9302,496
9303,448
9304,435
9305,454
9306,464
9307,545
9308,834
9309,826
9310,806
9311,809
9312,791
9313,784
9314,813
9315,976
9316,1319
9317,1775
9318,2183
9319,2448
9320,2476
9321,2310
9322,1999
9323,1648
9324,1327
9325,1038
9326,784
9327,605
9328,491
9329,467
9330,509
9331,598
9332,805
9333,927
9334,898
9335,853
9336,612
9337,480
9338,458
9339,447
9340,461
9341,477
9342,511
9343,785
9344,810
9345,812
9346,807
9347,820
9348,799
9349,803
9350,810
9351,817
9352,950
9353,1281
9354,1763
9355,2276
9356,2639
9357,2736
9358,2599
9359,2304
9360,1936
9361,1584
9362,1286
9363,1014
9364,786
9365,619
9366,527
9367,511
9368,544
9369,580
9370,629
9371,659
9372,813
9373,793
9374,713
9375,458
9376,406
9377,393
9378,396
9379,433
9380,453
9381,720
9382,767
9383,765
9384,765
9385,770
9386,765
9387,757
9388,770
9389,798
9390,979
9391,1351
9392,1852
9393,2322
9394,2607
9395,2617
9396,2417
9397,2096
9398,1729
9399,1394
9400,1118
9401,891
9402,693
9403,569
9404,523
9405,501
9406,532
9407,586
9408,641
9409,810
9410,809
9411,739
9412,531
9413,427
9414,405
9415,401
9416,417
9417,451
9418,598
9419,739
9420,755
9421,758
9422,759
9423,771
9424,766
9425,768
9426,791
9427,782
9428,811
9429,897
9430,1142
9431,1590
9432,2116
9433,2515
9434,2705
9435,2621
9436,2362
9437,1997
9438,1648
9439,1328
9440,1040
9441,806
9442,640
9443,539
9444,531
9445,560
9446,638
9447,694
9448,879
9449,865
9450,800
9451,560
9452,467
9453,439
9454,432
9455,443
9456,466
9457,496
9458,742
9459,765
9460,757
9461,753
9462,753
9463,751
9464,752
9465,780
9466,935
9467,1279
9468,1759
9469,2115
9470,2415
9471,2498
9472,2365
9473,2093
9474,1730
9475,1410
9476,1148
9477,911
9478,720
9479,629
9480,544
9481,551
9482,613
9483,688
9484,863
9485,895
9486,831
9487,787
9488,574
9489,526
9490,502
9491,508
9492,499
9493,511
9494,638
9495,807
9496,803
9497,799
9498,815
9499,820
9500,837
9501,839
9502,857
9503,879
9504,887
9505,907
9506,913
9507,931
9508,951
9509,944
9510,967
9511,988
9512,997
9513,1105
9514,1469
9515,2082
9516,2688
9517,3205
9518,3365
9519,3122
9520,2709
9521,2295
9522,1871
9523,1515
9524,1219
9525,972
9526,784
9527,657
9528,622
9529,608
9530,627
9531,662
9532,708
9533,689
9534,673
9535,633
9536,589
9537,550
9538,523
9539,527
9540,534
9541,546
9542,626
9543,782
9544,802
9545,795
9546,807
9547,819
9548,854
9549,862
9550,880
9551,1126
9552,1586
9553,854
9554,676
9555,613
9556,1199
9557,1936
9558,2135
9559,2522
9560,2866
9561,3088
9562,2883
9563,2512
9564,2080
9565,1661
9566,1302
9567,1009
9568,763
9569,588
9570,479
9571,443
9572,479
9573,539
9574,621
9575,705
9576,859
9577,812
9578,722
9579,409
9580,370
9581,358
9582,381
9583,405
9584,429
9585,737
9586,787
9587,752
9588,752
9589,750
9590,799
9591,765
9592,781
9593,774
9594,780
9595,782
9596,803
9597,883
9598,1144
9599,1583
9600,2093
9601,2487
9602,2673
9603,2635
9604,2391
9605,2026
9606,1664
9607,1238
9608,912
9609,688
9610,546
9611,483
9612,495
9613,563
9614,654
9615,910
9616,963
9617,944
9618,885
9619,699
9620,560
9621,527
9622,511
9623,511
9624,539
9625,577
9626,822
9627,857
9628,851
9629,852
9630,863
9631,886
9632,880
9633,886
9634,925
9635,912
9636,925
9637,932
9638,938
9639,931
9640,1034
9641,1298
9642,1778
9643,2346
9644,2883
9645,3198
9646,3188
9647,2853
9648,2479
9649,2033
9650,1664
9651,1349
9652,1072
9653,851
9654,693
9655,622
9656,592
9657,630
9658,673
9659,709
9660,724
9661,709
9662,677
9663,629
9664,591
9665,570
9666,530
9667,525
9668,528
9669,560
9670,800
9671,855
9672,838
9673,832
9674,822
9675,847
9676,853
9677,865
9678,873
9679,880
9680,895
9681,894
9682,902
9683,975
9684,1225
9685,1687
9686,2262
9687,2768
9688,3116
9689,3106
9690,2830
9691,2454
9692,2054
9693,1663
9694,1349
9695,1061
9696,879
9697,662
9698,607
9699,593
9700,610
9701,645
9702,699
9703,735
9704,730
9705,693
9706,662
9707,613
9708,572
9709,554
9710,528
9711,535
9712,566
9713,752
9714,833
9715,837
9716,826
9717,848
9718,852
9719,864
9720,875
9721,881
9722,881
9723,901
9724,906
9725,935
9726,1099
9727,1455
9728,1973
9729,2515
9730,2931
9731,3095
9732,2918
9733,2597
9734,2192
9735,1796
9736,1447
9737,1152
9738,883
9739,711
9740,618
9741,597
9742,657
9743,715
9744,782
9745,966
9746,953
9747,891
9748,634
9749,546
9750,511
9751,510
9752,496
9753,525
9754,528
9755,718
9756,841
9757,848
9758,830
9759,838
9760,838
9761,852
9762,848
9763,845
9764,901
9765,1065
9766,1456
9767,1966
9768,2467
9769,2804
9770,2884
9771,2704
9772,2384
9773,1973
9774,1609
9775,1281
9776,1008
9777,774
9778,609
9779,550
9780,541
9781,593
9782,672
9783,783
9784,922
9785,896
9786,816
9787,576
9788,508
9789,478
9790,483
9791,496
9792,511
9793,590
9794,789
9795,811
9796,807
9797,813
9798,847
9799,854
9800,870
9801,882
9802,894
9803,901
9804,912
9805,929
9806,1096
9807,1488
9808,2059
9809,2587
9810,2993
9811,3152
9812,2942
9813,2592
9814,2189
9815,1777
9816,1424
9817,1145
9818,902
9819,719
9820,615
9821,572
9822,581
9823,637
9824,699
9825,723
9826,739
9827,704
9828,663
9829,611
9830,561
9831,541
9832,511
9833,507
9834,535
9835,612
9836,799
9837,816
9838,811
9839,821
9840,832
9841,840
9842,849
9843,851
9844,862
9845,869
9846,902
9847,986
9848,1301
9849,1792
9850,2371
9851,2864
9852,3120
9853,3035
9854,2724
9855,2315
9856,1899
9857,1535
9858,1223
9859,965
9860,762
9861,640
9862,572
9863,576
9864,624
9865,642
9866,703
9867,727
9868,720
9869,681
9870,633
9871,578
9872,534
9873,530
9874,511
9875,534
9876,576
9877,804
9878,821
9879,838
9880,823
9881,838
9882,830
9883,835
9884,854
9885,966
9886,1263
9887,1753
9888,2267
9889,2689
9890,2833
9891,2711
9892,2432
9893,2047
9894,1671
9895,1344
9896,1088
9897,831
9898,679
9899,619
9900,643
9901,738
9902,677
9903,752
9904,800
9905,891
9906,835
9907,627
9908,543
9909,498
9910,466
9911,445
9912,458
9913,477
9914,508
9915,702
9916,744
9917,766
9918,805
9919,831
9920,864
9921,893
9922,927
9923,945
9924,1053
9925,1360
9926,1911
9927,2537
9928,3041
9929,3344
9930,3226
9931,2855
9932,2409
9933,1997
9934,1622
9935,1312
9936,1063
9937,835
9938,703
9939,637
9940,621
9941,656
9942,713
9943,791
9944,925
9945,838
9946,654
9947,634
9948,577
9949,543
9950,511
9951,541
9952,560
9953,695
9954,784
9955,793
9956,797
9957,816
9958,812
9959,831
9960,865
9961,971
9962,1291
9963,1833
9964,2447
9965,2958
9966,3173
9967,3043
9968,2703
9969,2295
9970,1913
9971,1568
9972,1238
9973,960
9974,773
9975,640
9976,596
9977,602
9978,666
9979,717
9980,689
9981,658
9982,617
9983,559
9984,487
9985,423
9986,411
9987,387
9988,402
9989,408
9990,441
9991,595
9992,658
9993,661
9994,695
9995,725
9996,755
9997,795
9998,883
9999,1129
10000,1591
10001,2169
10002,2663
10003,2927
10004,2865
10005,2587
10006,2218
10007,1824
10008,1488
10009,1213
10010,950
10011,741
10012,606
10013,526
10014,525
10015,559
10016,631
10017,656
10018,687
10019,689
10020,667
10021,618
10022,593
10023,560
10024,561
10025,579
10026,627
10027,747
10028,767
10029,787
10030,815
10031,833
10032,832
10033,849
10034,906
10035,1125
10036,1535
10037,2047
10038,2480
10039,2694
10040,2652
10041,2406
10042,2033
10043,1674
10044,1367
10045,1090
10046,832
10047,640
10048,550
10049,537
10050,592
10051,659
10052,799
10053,885
10054,864
10055,829
10056,700
10057,624
10058,607
10059,584
10060,577
10061,599
10062,663
10063,770
10064,793
10065,809
10066,815
10067,825
10068,861
10069,945
10070,1200
10071,1657
10072,2162
10073,2558
10074,2738
10075,2651
10076,2374
10077,2014
10078,1664
10079,1360
10080,1071
10081,847
10082,675
10083,576
10084,580
10085,634
10086,720
10087,847
10088,903
10089,880
10090,821
10091,668
10092,615
10093,598
10094,581
10095,601
10096,624
10097,766
10098,807
10099,821
10100,839
10101,834
10102,855
10103,883
10104,983
10105,1264
10106,1730
10107,2233
10108,2629
10109,2805
10110,2706
10111,2441
10112,2081
10113,1744
10114,1451
10115,1203
10116,976
10117,816
10118,720
10119,690
10120,720
10121,781
10122,834
10123,853
10124,837
10125,817
10126,750
10127,691
10128,626
10129,603
10130,594
10131,610
10132,624
10133,717
10134,767
10135,791
10136,802
10137,802
10138,802
10139,763
10140,782
10141,925
10142,1298
10143,1856
10144,2399
10145,2774
10146,2865
10147,2678
10148,2369
10149,1994
10150,1680
10151,1414
10152,1200
10153,977
10154,791
10155,670
10156,587
10157,560
10158,611
10159,603
10160,651
10161,649
10162,625
10163,587
10164,537
10165,500
10166,493
10167,497
10168,511
10169,614
10170,651
10171,701
10172,729
10173,774
10174,816
10175,831
10176,841
10177,870
10178,873
10179,898
10180,1022
10181,1359
10182,1891
10183,2433
10184,2832
10185,2928
10186,2743
10187,2389
10188,2011
10189,1683
10190,1403
10191,1181
10192,966
10193,789
10194,658
10195,593
10196,592
10197,621
10198,642
10199,657
10200,665
10201,636
10202,593
10203,565
10204,511
10205,525
10206,528
10207,509
10208,614
10209,673
10210,691
10211,708
10212,748
10213,759
10214,793
10215,818
10216,817
10217,842
10218,853
10219,866
10220,891
10221,989
10222,1266
10223,1753
10224,2298
10225,2695
10226,2869
10227,2763
10228,2475
10229,2135
10230,1793
10231,1504
10232,1257
10233,1040
10234,859
10235,752
10236,670
10237,661
10238,686
10239,720
10240,752
10241,761
10242,742
10243,717
10244,659
10245,638
10246,624
10247,613
10248,626
10249,634
10250,743
10251,779
10252,805
10253,833
10254,862
10255,903
10256,887
10257,895
10258,917
10259,976
10260,1164
10261,1530
10262,1988
10263,2350
10264,2544
10265,2536
10266,2324
10267,2038
10268,1744
10269,1462
10270,1229
10271,989
10272,835
10273,795
10274,752
10275,795
10276,865
10277,944
10278,1008
10279,976
10280,898
10281,784
10282,741
10283,703
10284,681
10285,679
10286,703
10287,730
10288,816
10289,843
10290,848
10291,864
10292,869
10293,894
10294,967
10295,1159
10296,1527
10297,1975
10298,2352
10299,2558
10300,2537
10301,2346
10302,2066
10303,1772
10304,1504
10305,1252
10306,1015
10307,843
10308,753
10309,727
10310,775
10311,813
10312,865
10313,909
10314,880
10315,834
10316,802
10317,733
10318,698
10319,675
10320,656
10321,642
10322,669
10323,750
10324,816
10325,819
10326,835
10327,857
10328,864
10329,881
10330,926
10331,1130
10332,1505
10333,2006
10334,2449
10335,2735
10336,2748
10337,2559
10338,2265
10339,1936
10340,1638
10341,1399
10342,1157
10343,939
10344,788
10345,708
10346,673
10347,693
10348,723
10349,752
10350,752
10351,730
10352,678
10353,635
10354,606
10355,569
10356,553
10357,555
10358,576
10359,631
10360,725
10361,749
10362,765
10363,811
10364,819
10365,845
10366,860
10367,883
10368,959
10369,1239
10370,1699
10371,2224
10372,2662
10373,2871
10374,2802
10375,2543
10376,2203
10377,1856
10378,1556
10379,1300
10380,1075
10381,851
10382,736
10383,655
10384,639
10385,666
10386,709
10387,743
10388,740
10389,713
10390,678
10391,634
10392,612
10393,589
10394,591
10395,583
10396,629
10397,721
10398,751
10399,752
10400,774
10401,789
10402,816
10403,850
10404,944
10405,1225
10406,1687
10407,2221
10408,2623
10409,2800
10410,2711
10411,2448
10412,2118
10413,1763
10414,1475
10415,1237
10416,1012
10417,847
10418,714
10419,677
10420,695
10421,726
10422,782
10423,813
10424,816
10425,785
10426,725
10427,688
10428,631
10429,591
10430,586
10431,592
10432,624
10433,730
10434,773
10435,786
10436,811
10437,828
10438,824
10439,861
10440,959
10441,1162
10442,1595
10443,2160
10444,2641
10445,2917
10446,2895
10447,2663
10448,2311
10449,1933
10450,1616
10451,1374
10452,1133
10453,937
10454,767
10455,672
10456,649
10457,642
10458,694
10459,722
10460,750
10461,741
10462,720
10463,684
10464,655
10465,606
10466,579
10467,585
10468,619
10469,699
10470,763
10471,787
10472,831
10473,845
10474,877
10475,895
10476,929
10477,1050
10478,1361
10479,1879
10480,2483
10481,3011
10482,3281
10483,3143
10484,2782
10485,2369
10486,1981
10487,1645
10488,1374
10489,1105
10490,885
10491,726
10492,657
10493,651
10494,689
10495,729
10496,759
10497,729
10498,669
10499,618
10500,531
10501,479
10502,451
10503,462
10504,468
10505,503
10506,638
10507,680
10508,718
10509,767
10510,806
10511,805
10512,808
10513,811
10514,855
10515,1008
10516,1399
10517,2007
10518,2619
10519,3097
10520,3221
10521,2960
10522,2559
10523,2190
10524,1831
10525,1519
10526,1280
10527,1072
10528,846
10529,704
10530,625
10531,592
10532,603
10533,695
10534,734
10535,708
10536,675
10537,617
10538,565
10539,525
10540,495
10541,472
10542,497
10543,506
10544,640
10545,687
10546,721
10547,740
10548,785
10549,793
10550,819
10551,865
10552,881
10553,870
10554,915
10555,894
10556,955
10557,1211
10558,1701
10559,2298
10560,2833
10561,3120
10562,3030
10563,2711
10564,2317
10565,1907
10566,1583
10567,1293
10568,1053
10569,845
10570,703
10571,623
10572,615
10573,666
10574,718
10575,736
10576,736
10577,692
10578,655
10579,622
10580,576
10581,526
10582,501
10583,528
10584,523
10585,596
10586,708
10587,745
10588,749
10589,769
10590,785
10591,809
10592,841
10593,862
10594,885
10595,912
10596,934
10597,934
10598,924
10599,944
10600,955
10601,1065
10602,1393
10603,1923
10604,2525
10605,3018
10606,3243
10607,3058
10608,2711
10609,2288
10610,1891
10611,1533
10612,1258
10613,990
10614,809
10615,688
10616,624
10617,720
10618,813
10619,822
10620,818
10621,773
10622,734
10623,659
10624,601
10625,542
10626,476
10627,466
10628,470
10629,486
10630,511
10631,730
10632,1262
10633,1237
10634,1109
10635,691
10636,556
10637,560
10638,592
10639,641
10640,651
10641,927
10642,1072
10643,1328
10644,1723
10645,2143
10646,2427
10647,2511
10648,2373
10649,2090
10650,1709
10651,1357
10652,1055
10653,778
10654,586
10655,457
10656,421
10657,464
10658,566
10659,765
10660,901
10661,893
10662,837
10663,630
10664,484
10665,421
10666,431
10667,438
10668,437
10669,465
10670,710
10671,784
10672,768
10673,763
10674,783
10675,795
10676,787
10677,782
10678,640
10679,367
10680,415
10681,567
10682,962
10683,1299
10684,1775
10685,2255
10686,2611
10687,2716
10688,2589
10689,2329
10690,1959
10691,1602
10692,1271
10693,971
10694,781
10695,689
10696,708
10697,810
10698,1017
10699,1205
10700,1234
10701,1202
10702,1119
10703,870
10704,760
10705,678
10706,611
10707,578
10708,569
10709,583
10710,600
10711,629
10712,821
10713,851
10714,846
10715,848
10716,918
10717,1143
10718,1568
10719,2070
10720,2487
10721,2683
10722,2625
10723,2355
10724,1981
10725,1598
10726,1218
10727,960
10728,669
10729,496
10730,434
10731,455
10732,538
10733,651
10734,895
10735,932
10736,916
10737,850
10738,647
10739,560
10740,530
10741,594
10742,816
10743,875
10744,741
10745,471
10746,496
10747,557
10748,781
10749,894
10750,880
10751,857
10752,868
10753,992
10754,1301
10755,1808
10756,2314
10757,2677
10758,2801
10759,2647
10760,2319
10761,1914
10762,1527
10763,1197
10764,897
10765,692
10766,559
10767,511
10768,536
10769,580
10770,674
10771,881
10772,905
10773,855
10774,704
10775,529
10776,465
10777,464
10778,477
10779,496
10780,525
10781,622
10782,759
10783,637
10784,615
10785,629
10786,677
10787,688
10788,719
10789,738
10790,822
10791,1072
10792,1497
10793,2046
10794,2553
10795,2834
10796,2835
10797,2601
10798,2243
10799,1815
10800,1435
10801,1129
10802,825
10803,627
10804,527
10805,511
10806,576
10807,672
10808,870
10809,960
10810,944
10811,896
10812,698
10813,586
10814,554
10815,525
10816,511
10817,528
10818,548
10819,688
10820,820
10821,830
10822,843
10823,848
10824,849
10825,867
10826,859
10827,864
10828,876
10829,959
10830,1232
10831,1713
10832,2240
10833,2674
10834,2880
10835,2809
10836,2544
10837,2145
10838,1738
10839,1339
10840,1036
10841,762
10842,576
10843,531
10844,570
10845,649
10846,742
10847,1010
10848,1021
10849,976
10850,915
10851,683
10852,613
10853,590
10854,561
10855,576
10856,570
10857,606
10858,821
10859,853
10860,865
10861,855
10862,847
10863,868
10864,889
10865,986
10866,1279
10867,1714
10868,2224
10869,2628
10870,2771
10871,2693
10872,2429
10873,2057
10874,1671
10875,1309
10876,1010
10877,757
10878,639
10879,656
10880,722
10881,862
10882,1099
10883,1143
10884,1121
10885,1052
10886,821
10887,704
10888,624
10889,560
10890,529
10891,526
10892,548
10893,573
10894,774
10895,838
10896,850
10897,853
10898,855
10899,897
10900,993
10901,1297
10902,1778
10903,2321
10904,2748
10905,2942
10906,2801
10907,2498
10908,2121
10909,1722
10910,1367
10911,1068
10912,816
10913,656
10914,583
10915,598
10916,651
10917,937
10918,1114
10919,1082
10920,990
10921,747
10922,614
10923,543
10924,488
10925,450
10926,432
10927,457
10928,468
10929,603
10930,784
10931,798
10932,784
10933,789
10934,781
10935,794
10936,880
10937,1179
10938,1667
10939,2160
10940,2550
10941,2703
10942,2559
10943,2311
10944,1935
10945,1535
10946,1227
10947,949
10948,718
10949,560
10950,461
10951,491
10952,560
10953,646
10954,870
10955,870
10956,865
10957,773
10958,558
10959,490
10960,461
10961,458
10962,473
10963,486
10964,548
10965,803
10966,816
10967,801
10968,783
10969,796
10970,800
10971,815
10972,787
10973,762
10974,882
10975,1187
10976,1683
10977,2240
10978,2663
10979,2873
10980,2849
10981,2655
10982,2276
10983,1834
10984,1447
10985,1104
10986,818
10987,635
10988,573
10989,574
10990,638
10991,727
10992,887
10993,987
10994,933
10995,818
10996,601
10997,543
10998,497
10999,479
11000,498
11001,528
11002,660
11003,862
11004,827
11005,825
11006,813
11007,821
11008,816
11009,887
11010,1104
11011,1520
11012,1989
11013,2325
11014,2505
11015,2449
11016,2243
11017,1874
11018,1535
11019,1173
11020,924
11021,669
11022,526
11023,461
11024,525
11025,593
11026,821
11027,973
11028,981
11029,944
11030,868
11031,614
11032,554
11033,509
11034,531
11035,535
11036,560
11037,758
11038,858
11039,859
11040,854
11041,850
11042,853
11043,851
11044,883
11045,999
11046,1328
11047,1801
11048,2288
11049,2629
11050,2758
11051,2615
11052,2339
11053,1939
11054,1583
11055,1270
11056,1008
11057,766
11058,617
11059,553
11060,553
11061,603
11062,643
11063,743
11064,914
11065,888
11066,816
11067,579
11068,495
11069,481
11070,474
11071,497
11072,528
11073,746
11074,818
11075,827
11076,810
11077,804
11078,799
11079,809
11080,896
11081,1152
11082,1615
11083,2107
11084,2498
11085,2647
11086,2593
11087,2355
11088,1978
11089,1626
11090,1311
11091,1040
11092,800
11093,640
11094,561
11095,551
11096,575
11097,640
11098,713
11099,902
11100,880
11101,827
11102,592
11103,503
11104,482
11105,485
11106,495
11107,511
11108,668
11109,803
11110,801
11111,788
11112,788
11113,798
11114,850
11115,1041
11116,1415
11117,1890
11118,2320
11119,2546
11120,2559
11121,2371
11122,2058
11123,1696
11124,1361
11125,1074
11126,833
11127,652
11128,553
11129,511
11130,559
11131,613
11132,736
11133,926
11134,915
11135,880
11136,739
11137,557
11138,509
11139,509
11140,528
11141,541
11142,560
11143,797
11144,834
11145,832
11146,832
11147,855
11148,974
11149,1253
11150,1681
11151,2130
11152,2443
11153,2533
11154,2428
11155,2160
11156,1793
11157,1443
11158,1137
11159,861
11160,654
11161,532
11162,502
11163,557
11164,656
11165,866
11166,975
11167,959
11168,915
11169,776
11170,599
11171,547
11172,528
11173,539
11174,560
11175,592
11176,839
11177,862
11178,845
11179,853
11180,855
11181,867
11182,1040
11183,1386
11184,1846
11185,2287
11186,2614
11187,2662
11188,2475
11189,2174
11190,1821
11191,1478
11192,1169
11193,918
11194,730
11195,574
11196,542
11197,557
11198,630
11199,713
11200,923
11201,933
11202,897
11203,723
11204,549
11205,497
11206,492
11207,499
11208,527
11209,557
11210,768
11211,830
11212,834
11213,831
11214,848
11215,862
11216,868
11217,875
11218,880
11219,881
11220,907
11221,1075
11222,1434
11223,1963
11224,2478
11225,2832
11226,2928
11227,2749
11228,2423
11229,2035
11230,1651
11231,1328
11232,1051
11233,825
11234,646
11235,563
11236,545
11237,558
11238,621
11239,667
11240,816
11241,877
11242,805
11243,598
11244,479
11245,455
11246,448
11247,459
11248,495
11249,631
11250,784
11251,797
11252,795
11253,807
11254,814
11255,821
11256,837
11257,829
11258,853
11259,848
11260,859
11261,961
11262,1244
11263,1680
11264,2179
11265,2599
11266,2774
11267,2715
11268,2455
11269,2096
11270,1717
11271,1395
11272,1108
11273,849
11274,677
11275,583
11276,559
11277,591
11278,656
11279,726
11280,923
11281,919
11282,854
11283,636
11284,531
11285,502
11286,496
11287,497
11288,531
11289,570
11290,816
11291,830
11292,822
11293,826
11294,818
11295,826
11296,817
11297,854
11298,944
11299,1219
11300,1664
11301,2128
11302,2499
11303,2644
11304,2555
11305,2336
11306,1983
11307,1643
11308,1344
11309,1049
11310,807
11311,624
11312,557
11313,532
11314,582
11315,650
11316,752
11317,922
11318,901
11319,831
11320,618
11321,528
11322,506
11323,491
11324,503
11325,523
11326,598
11327,799
11328,826
11329,820
11330,809
11331,829
11332,831
11333,849
11334,863
11335,887
11336,883
11337,895
11338,897
11339,895
11340,915
11341,1060
11342,1391
11343,1861
11344,2384
11345,2771
11346,2941
11347,2858
11348,2587
11349,2210
11350,1833
11351,1505
11352,1205
11353,959
11354,765
11355,639
11356,594
11357,597
11358,625
11359,685
11360,707
11361,713
11362,707
11363,662
11364,627
11365,584
11366,554
11367,533
11368,545
11369,590
11370,574
11371,826
11372,827
11373,810
11374,832
11375,819
11376,822
11377,838
11378,843
11379,854
11380,869
11381,883
11382,881
11383,890
11384,894
11385,912
11386,979
11387,1237
11388,1665
11389,2191
11390,2654
11391,2910
11392,2925
11393,2722
11394,2416
11395,2005
11396,1631
11397,1315
11398,1047
11399,815
11400,677
11401,607
11402,597
11403,624
11404,671
11405,736
11406,1004
11407,875
11408,606
11409,535
11410,511
11411,481
11412,478
11413,478
11414,511
11415,577
11416,798
11417,825
11418,820
11419,848
11420,845
11421,873
11422,871
11423,923
11424,880
11425,918
11426,1042
11427,1350
11428,1774
11429,2224
11430,2559
11431,2706
11432,2645
11433,2375
11434,2030
11435,1675
11436,1328
11437,1041
11438,805
11439,642
11440,562
11441,563
11442,619
11443,698
11444,919
11445,982
11446,944
11447,877
11448,635
11449,560
11450,527
11451,528
11452,511
11453,543
11454,573
11455,832
11456,865
11457,865
11458,870
11459,863
11460,868
11461,870
11462,864
11463,893
11464,986
11465,1245
11466,1678
11467,2166
11468,2559
11469,2785
11470,2758
11471,2547
11472,2181
11473,1811
11474,1476
11475,1173
11476,923
11477,713
11478,592
11479,555
11480,557
11481,620
11482,682
11483,862
11484,930
11485,880
11486,816
11487,551
11488,490
11489,496
11490,485
11491,496
11492,534
11493,755
11494,828
11495,825
11496,831
11497,835
11498,848
11499,858
11500,881
11501,890
11502,912
11503,912
11504,914
11505,925
11506,941
11507,1046
11508,1307
11509,1755
11510,2263
11511,2714
11512,2988
11513,2961
11514,2711
11515,2359
11516,1959
11517,1607
11518,1296
11519,1023
11520,816
11521,689
11522,622
11523,624
11524,665
11525,737
11526,795
11527,978
11528,947
11529,874
11530,627
11531,574
11532,568
11533,567
11534,598
11535,625
11536,834
11537,897
11538,885
11539,887
11540,892
11541,887
11542,879
11543,863
11544,847
11545,848
11546,927
11547,1165
11548,1558
11549,2085
11550,2479
11551,2684
11552,2623
11553,2399
11554,2047
11555,1687
11556,1370
11557,1099
11558,849
11559,668
11560,549
11561,539
11562,550
11563,617
11564,689
11565,902
11566,909
11567,834
11568,624
11569,511
11570,484
11571,490
11572,496
11573,538
11574,713
11575,810
11576,825
11577,830
11578,835
11579,845
11580,847
11581,851
11582,876
11583,874
11584,859
11585,866
11586,944
11587,1200
11588,1611
11589,2127
11590,2549
11591,2783
11592,2763
11593,2523
11594,2160
11595,1791
11596,1456
11597,1181
11598,934
11599,733
11600,621
11601,548
11602,557
11603,643
11604,703
11605,848
11606,914
11607,849
11608,669
11609,511
11610,473
11611,456
11612,449
11613,462
11614,498
11615,643
11616,783
11617,798
11618,784
11619,784
11620,802
11621,803
11622,781
11623,795
11624,838
11625,998
11626,1351
11627,1817
11628,2240
11629,2518
11630,2559
11631,2441
11632,2164
11633,1793
11634,1443
11635,1141
11636,882
11637,686
11638,576
11639,545
11640,565
11641,666
11642,883
11643,1023
11644,1040
11645,1050
11646,1008
11647,768
11648,627
11649,933
11650,1139
11651,1045
11652,868
11653,547
11654,483
11655,558
11656,624
11657,794
11658,991
11659,993
11660,973
11661,957
11662,973
11663,1083
11664,1297
11665,1605
11666,1909
11667,2129
11668,2190
11669,2089
11670,1807
11671,1461
11672,1142
11673,847
11674,589
11675,400
11676,313
11677,316
11678,411
11679,567
11680,938
11681,995
11682,959
11683,909
11684,850
11685,487
11686,400
11687,366
11688,367
11689,394
11690,416
11691,656
11692,869
11693,858
11694,851
11695,871
11696,906
11697,928
11698,976
11699,1053
11700,1120
11701,1411
11702,1744
11703,1961
11704,2039
11705,1909
11706,1653
11707,1317
11708,1003
11709,703
11710,528
11711,368
11712,261
11713,250
11714,326
11715,423
11716,688
11717,731
11718,720
11719,688
11720,511
11721,287
11722,241
11723,255
11724,272
11725,310
11726,493
11727,720
11728,703
11729,703
11730,695
11731,693
11732,673
11733,675
11734,677
11735,496
11736,218
11737,851
11738,1531
11739,1858
11740,2144
11741,2171
11742,2074
11743,1829
11744,1488
11745,1157
11746,871
11747,634
11748,374
11749,0
11750,0
11751,0
11752,193
11753,618
11754,745
11755,803
11756,816
11757,785
11758,769
11759,703
11760,480
11761,431
11762,454
11763,535
11764,819
11765,868
11766,858
11767,883
11768,906
11769,864
11770,912
11771,923
11772,958
11773,1089
11774,1386
11775,1853
11776,2310
11777,2655
11778,2741
11779,2610
11780,2327
11781,1922
11782,1535
11783,1195
11784,880
11785,643
11786,511
11787,481
11788,553
11789,662
11790,929
11791,1015
11792,1018
11793,972
11794,814
11795,619
11796,565
11797,537
11798,511
11799,528
11800,549
11801,582
11802,861
11803,883
11804,883
11805,896
11806,909
11807,911
11808,912
11809,923
11810,1002
11811,1265
11812,1664
11813,2109
11814,2473
11815,2645
11816,2609
11817,2338
11818,1959
11819,1582
11820,1215
11821,880
11822,624
11823,491
11824,454
11825,544
11826,646
11827,922
11828,1045
11829,1041
11830,1003
11831,932
11832,659
11833,590
11834,577
11835,576
11836,587
11837,610
11838,842
11839,434
11840,426
11841,431
11842,623
11843,817
11844,893
11845,938
11846,1068
11847,1295
11848,1713
11849,2256
11850,2732
11851,2999
11852,2974
11853,2717
11854,2352
11855,1949
11856,1535
11857,1172
11858,880
11859,709
11860,656
11861,701
11862,833
11863,1072
11864,1146
11865,1166
11866,1143
11867,1095
11868,933
11869,854
11870,1087
11871,1266
11872,1094
11873,821
11874,801
11875,798
11876,811
11877,838
11878,878
11879,1042
11880,1031
11881,1099
11882,1307
11883,1693
11884,2151
11885,2581
11886,2781
11887,2960
11888,2735
11889,2306
11890,1805
11891,1351
11892,971
11893,673
11894,494
11895,427
11896,465
11897,579
11898,699
11899,915
11900,1002
11901,972
11902,931
11903,895
11904,719
11905,592
11906,549
11907,546
11908,560
11909,562
11910,599
11911,758
11912,817
11913,704
11914,718
11915,462
11916,528
11917,961
11918,1522
11919,2095
11920,2591
11921,2892
11922,2906
11923,2698
11924,2362
11925,2007
11926,1639
11927,1277
11928,1009
11929,822
11930,748
11931,807
11932,945
11933,1134
11934,1267
11935,1322
11936,1324
11937,1295
11938,1248
11939,1136
11940,1055
11941,978
11942,944
11943,923
11944,911
11945,911
11946,975
11947,1057
11948,1137
11949,1339
11950,1690
11951,2201
11952,2705
11953,3109
11954,3227
11955,2997
11956,2613
11957,2193
11958,1744
11959,1316
11960,963
11961,725
11962,624
11963,646
11964,771
11965,932
11966,1110
11967,1168
11968,1165
11969,1102
11970,969
11971,875
11972,809
11973,754
11974,722
11975,720
11976,741
11977,759
11978,826
11979,879
11980,925
11981,1109
11982,1520
11983,2097
11984,2693
11985,3173
11986,3356
11987,3133
11988,2719
11989,2278
11990,1837
11991,1433
11992,1083
11993,811
11994,624
11995,640
11996,672
11997,784
11998,939
11999,1042
12000,1059
12001,1037
12002,933
12003,853
12004,750
12005,723
12006,685
12007,677
12008,688
12009,717
12010,737
12011,799
12012,854
12013,978
12014,1343
12015,1877
12016,2466
12017,2913
12018,3146
12019,3013
12020,2658
12021,2240
12022,1808
12023,1427
12024,1078
12025,784
12026,624
12027,571
12028,625
12029,710
12030,832
12031,947
12032,976
12033,942
12034,867
12035,763
12036,701
12037,655
12038,629
12039,640
12040,656
12041,677
12042,752
12043,816
12044,848
12045,898
12046,1023
12047,1389
12048,1903
12049,2448
12050,2867
12051,3018
12052,2861
12053,2555
12054,2139
12055,1747
12056,1342
12057,1008
12058,770
12059,608
12060,591
12061,626
12062,732
12063,843
12064,950
12065,955
12066,939
12067,851
12068,768
12069,703
12070,679
12071,656
12072,665
12073,695
12074,708
12075,796
12076,817
12077,842
12078,861
12079,907
12080,1067
12081,1424
12082,1936
12083,2446
12084,2797
12085,2863
12086,2666
12087,2340
12088,1955
12089,1588
12090,1241
12091,932
12092,736
12093,640
12094,625
12095,717
12096,811
12097,945
12098,1007
12099,1013
12100,984
12101,932
12102,848
12103,794
12104,774
12105,753
12106,745
12107,773
12108,793
12109,853
12110,882
12111,926
12112,931
12113,995
12114,1149
12115,1499
12116,1931
12117,2391
12118,2709
12119,2808
12120,2672
12121,2368
12122,2007
12123,1645
12124,1299
12125,1022
12126,807
12127,711
12128,720
12129,773
12130,875
12131,1011
12132,1087
12133,1085
12134,1072
12135,1000
12136,913
12137,855
12138,819
12139,811
12140,813
12141,802
12142,832
12143,880
12144,916
12145,953
12146,1053
12147,1296
12148,1694
12149,2159
12150,2559
12151,2757
12152,2704
12153,2465
12154,2129
12155,1763
12156,1407
12157,1110
12158,847
12159,707
12160,671
12161,739
12162,837
12163,971
12164,1054
12165,1081
12166,1056
12167,998
12168,891
12169,837
12170,772
12171,756
12172,752
12173,763
12174,798
12175,835
12176,883
12177,899
12178,956
12179,1079
12180,1399
12181,1905
12182,2452
12183,2893
12184,3110
12185,2940
12186,2559
12187,2182
12188,1784
12189,1393
12190,1068
12191,811
12192,661
12193,596
12194,618
12195,699
12196,793
12197,896
12198,933
12199,896
12200,823
12201,741
12202,692
12203,638
12204,617
12205,605
12206,651
12207,679
12208,755
12209,786
12210,815
12211,838
12212,881
12213,1019
12214,1360
12215,1903
12216,2501
12217,2989
12218,3217
12219,3030
12220,2640
12221,2221
12222,1791
12223,1424
12224,1119
12225,858
12226,683
12227,592
12228,588
12229,624
12230,713
12231,762
12232,854
12233,846
12234,816
12235,723
12236,665
12237,624
12238,597
12239,592
12240,599
12241,643
12242,717
12243,768
12244,806
12245,855
12246,893
12247,915
12248,960
12249,1002
12250,1200
12251,1631
12252,2240
12253,2838
12254,3290
12255,3302
12256,2995
12257,2547
12258,2157
12259,1751
12260,1409
12261,1172
12262,965
12263,771
12264,693
12265,685
12266,720
12267,774
12268,835
12269,876
12270,909
12271,862
12272,800
12273,766
12274,737
12275,711
12276,704
12277,697
12278,719
12279,762
12280,808
12281,828
12282,842
12283,1049
12284,1094
12285,988
12286,1072
12287,1623
12288,2101
12289,2747
12290,3031
12291,2921
12292,2683
12293,2170
12294,1602
12295,1328
12296,1063
12297,879
12298,701
12299,575
12300,489
12301,455
12302,416
12303,483
12304,560
12305,649
12306,691
12307,679
12308,635
12309,549
12310,495
12311,507
12312,528
12313,532
12314,682
12315,726
12316,747
12317,800
12318,853
12319,873
12320,910
12321,935
12322,929
12323,944
12324,972
12325,1136
12326,1521
12327,2110
12328,2711
12329,3152
12330,3219
12331,2928
12332,2518
12333,2096
12334,1733
12335,1418
12336,1163
12337,959
12338,788
12339,688
12340,640
12341,649
12342,701
12343,745
12344,753
12345,753
12346,725
12347,683
12348,643
12349,595
12350,576
12351,560
12352,576
12353,602
12354,730
12355,768
12356,807
12357,849
12358,880
12359,910
12360,934
12361,963
12362,974
12363,974
12364,1035
12365,1290
12366,1747
12367,2333
12368,2871
12369,3200
12370,3125
12371,2786
12372,2357
12373,1932
12374,1569
12375,1261
12376,1008
12377,826
12378,684
12379,627
12380,657
12381,714
12382,786
12383,823
12384,899
12385,848
12386,724
12387,629
12388,578
12389,548
12390,544
12391,557
12392,575
12393,703
12394,763
12395,809
12396,862
12397,897
12398,939
12399,981
12400,1072
12401,1110
12402,1104
12403,1073
12404,1122
12405,1352
12406,1815
12407,2355
12408,2829
12409,3040
12410,2917
12411,2559
12412,2147
12413,1883
12414,1478
12415,1130
12416,834
12417,608
12418,476
12419,464
12420,544
12421,653
12422,769
12423,909
12424,880
12425,836
12426,678
12427,626
12428,590
12429,594
12430,594
12431,619
12432,782
12433,995
12434,880
12435,803
12436,794
12437,677
12438,550
12439,733
12440,975
12441,946
12442,926
12443,1008
12444,1255
12445,1691
12446,2169
12447,2542
12448,2686
12449,2629
12450,2401
12451,1977
12452,1397
12453,985
12454,706
12455,511
12456,400
12457,379
12458,464
12459,605
12460,880
12461,1053
12462,1423
12463,1104
12464,784
12465,695
12466,653
12467,623
12468,613
12469,627
12470,656
12471,803
12472,889
12473,903
12474,893
12475,881
12476,943
12477,917
12478,877
12479,898
12480,999
12481,1225
12482,1649
12483,2138
12484,2615
12485,2870
12486,3006
12487,2771
12488,2417
12489,1947
12490,1515
12491,1152
12492,850
12493,700
12494,620
12495,713
12496,848
12497,1146
12498,1273
12499,1286
12500,1257
12501,1185
12502,978
12503,863
12504,799
12505,751
12506,740
12507,733
12508,749
12509,768
12510,797
12511,959
12512,946
12513,959
12514,1117
12515,1440
12516,1919
12517,2395
12518,2736
12519,2801
12520,2621
12521,2289
12522,1860
12523,1472
12524,1109
12525,802
12526,596
12527,487
12528,501
12529,593
12530,753
12531,978
12532,1060
12533,1047
12534,992
12535,813
12536,677
12537,618
12538,567
12539,577
12540,567
12541,603
12542,720
12543,833
12544,832
12545,859
12546,862
12547,908
12548,1023
12549,1353
12550,1849
12551,2438
12552,2894
12553,3087
12554,2930
12555,2559
12556,2137
12557,1735
12558,1350
12559,1009
12560,771
12561,609
12562,567
12563,597
12564,687
12565,779
12566,951
12567,976
12568,931
12569,816
12570,662
12571,614
12572,561
12573,559
12574,544
12575,572
12576,682
12577,791
12578,811
12579,826
12580,832
12581,846
12582,854
12583,916
12584,1151
12585,1584
12586,2144
12587,2646
12588,2929
12589,2922
12590,2672
12591,2288
12592,1865
12593,1511
12594,1186
12595,925
12596,720
12597,643
12598,637
12599,702
12600,799
12601,899
12602,1021
12603,950
12604,850
12605,712
12606,645
12607,592
12608,562
12609,586
12610,567
12611,592
12612,751
12613,806
12614,839
12615,875
12616,887
12617,912
12618,934
12619,981
12620,1190
12621,1587
12622,2112
12623,2599
12624,2864
12625,2843
12626,2610
12627,2229
12628,1836
12629,1446
12630,1135
12631,865
12632,703
12633,630
12634,647
12635,720
12636,809
12637,989
12638,1040
12639,1008
12640,946
12641,771
12642,693
12643,636
12644,625
12645,605
12646,628
12647,661
12648,801
12649,857
12650,891
12651,906
12652,909
12653,935
12654,944
12655,967
12656,1104
12657,1434
12658,1915
12659,2387
12660,2710
12661,2782
12662,2618
12663,2287
12664,1904
12665,1561
12666,1225
12667,929
12668,766
12669,672
12670,692
12671,757
12672,834
12673,995
12674,1023
12675,1059
12676,981
12677,822
12678,752
12679,726
12680,699
12681,687
12682,707
12683,705
12684,752
12685,880
12686,911
12687,897
12688,906
12689,887
12690,899
12691,963
12692,1156
12693,1499
12694,1961
12695,2418
12696,2683
12697,2682
12698,2496
12699,2142
12700,1761
12701,1409
12702,1108
12703,857
12704,679
12705,638
12706,674
12707,773
12708,922
12709,1071
12710,1111
12711,1095
12712,1051
12713,911
12714,812
12715,777
12716,754
12717,752
12718,767
12719,794
12720,927
12721,951
12722,955
12723,964
12724,962
12725,1060
12726,1082
12727,1117
12728,1307
12729,1677
12730,2096
12731,2670
12732,2819
12733,2705
12734,2439
12735,2056
12736,1674
12737,1328
12738,1009
12739,752
12740,617
12741,563
12742,606
12743,687
12744,832
12745,987
12746,1001
12747,965
12748,900
12749,723
12750,665
12751,646
12752,629
12753,638
12754,622
12755,642
12756,704
12757,802
12758,821
12759,832
12760,848
12761,877
12762,896
12763,1072
12764,1441
12765,1927
12766,2373
12767,2672
12768,2836
12769,2652
12770,2241
12771,1881
12772,1527
12773,1146
12774,895
12775,741
12776,660
12777,694
12778,777
12779,923
12780,1092
12781,1159
12782,1168
12783,1139
12784,1073
12785,967
12786,891
12787,853
12788,851
12789,842
12790,891
12791,870
12792,1005
12793,1008
12794,1037
12795,1106
12796,1295
12797,1659
12798,2107
12799,2512
12800,2775
12801,2821
12802,2634
12803,2345
12804,2000
12805,1638
12806,1314
12807,1046
12808,879
12809,817
12810,842
12811,913
12812,1019
12813,1145
12814,1155
12815,1114
12816,977
12817,894
12818,827
12819,775
12820,751
12821,731
12822,721
12823,707
12824,721
12825,746
12826,830
12827,915
12828,1102
12829,1471
12830,2022
12831,2530
12832,2879
12833,2952
12834,2741
12835,2380
12836,1980
12837,1585
12838,1252
12839,1008
12840,849
12841,687
12842,638
12843,669
12844,721
12845,798
12846,893
12847,950
12848,903
12849,819
12850,704
12851,689
12852,672
12853,688
12854,687
12855,725
12856,838
12857,845
12858,830
12859,859
12860,852
12861,960
12862,1287
12863,1782
12864,2326
12865,2711
12866,2826
12867,2689
12868,2371
12869,1974
12870,1584
12871,1234
12872,933
12873,730
12874,594
12875,560
12876,617
12877,697
12878,782
12879,944
12880,935
12881,912
12882,859
12883,707
12884,659
12885,622
12886,623
12887,627
12888,647
12889,793
12890,837
12891,850
12892,880
12893,896
12894,1051
12895,1107
12896,1181
12897,1440
12898,1858
12899,2325
12900,2704
12901,2849
12902,2759
12903,2393
12904,1958
12905,1591
12906,1232
12907,942
12908,722
12909,592
12910,551
12911,607
12912,691
12913,833
12914,943
12915,863
12916,826
12917,720
12918,713
12919,690
12920,679
12921,681
12922,688
12923,769
12924,835
12925,866
12926,886
12927,914
12928,958
12929,997
12930,1104
12931,1373
12932,1840
12933,2337
12934,2734
12935,2906
12936,2803
12937,2527
12938,2146
12939,1751
12940,1388
12941,1069
12942,819
12943,687
12944,661
12945,714
12946,821
12947,976
12948,1070
12949,1095
12950,1072
12951,976
12952,838
12953,784
12954,738
12955,736
12956,732
12957,742
12958,774
12959,885
12960,914
12961,944
12962,960
12963,998
12964,1102
12965,1406
12966,1902
12967,2449
12968,2874
12969,3051
12970,2926
12971,2608
12972,2209
12973,1797
12974,1453
12975,1150
12976,908
12977,739
12978,699
12979,701
12980,784
12981,849
12982,973
12983,1011
12984,982
12985,907
12986,799
12987,746
12988,705
12989,679
12990,678
12991,687
12992,723
12993,837
12994,867
12995,891
12996,919
12997,951
12998,978
12999,1139
13000,1521
13001,2064
13002,2614
13003,2992
13004,3089
13005,2857
13006,2509
13007,2112
13008,1728
13009,1407
13010,1139
13011,913
13012,750
13013,692
13014,704
13015,758
13016,816
13017,850
13018,922
13019,915
13020,837
13021,751
13022,705
13023,663
13024,650
13025,655
13026,675
13027,752
13028,838
13029,873
13030,906
13031,915
13032,953
13033,944
13034,976
13035,1044
13036,1265
13037,1741
13038,2311
13039,2837
13040,3190
13041,3133
13042,2833
13043,2435
13044,2036
13045,1710
13046,1439
13047,1184
13048,998
13049,861
13050,874
13051,929
13052,875
13053,831
13054,817
13055,798
13056,736
13057,683
13058,624
13059,589
13060,527
13061,499
13062,503
13063,511
13064,543
13065,667
13066,751
13067,767
13068,797
13069,830
13070,835
13071,848
13072,848
13073,855
13074,913
13075,1146
13076,1616
13077,2171
13078,2662
13079,2893
13080,2838
13081,2587
13082,2213
13083,1853
13084,1527
13085,1294
13086,1068
13087,876
13088,747
13089,679
13090,665
13091,695
13092,713
13093,752
13094,791
13095,767
13096,751
13097,718
13098,685
13099,656
13100,611
13101,624
13102,640
13103,663
13104,813
13105,845
13106,858
13107,878
13108,887
13109,882
13110,885
13111,887
13112,967
13113,1247
13114,1603
13115,2043
13116,2466
13117,2702
13118,2677
13119,2448
13120,2102
13121,1744
13122,1418
13123,1153
13124,921
13125,751
13126,658
13127,607
13128,649
13129,688
13130,759
13131,922
13132,941
13133,896
13134,830
13135,646
13136,612
13137,592
13138,592
13139,592
13140,618
13141,781
13142,848
13143,834
13144,866
13145,876
13146,887
13147,882
13148,875
13149,756
13150,688
13151,930
13152,1345
13153,1814
13154,2313
13155,2695
13156,2858
13157,2751
13158,2433
13159,2060
13160,1714
13161,1396
13162,1140
13163,903
13164,766
13165,727
13166,751
13167,832
13168,943
13169,1104
13170,1106
13171,1077
13172,951
13173,819
13174,767
13175,723
13176,722
13177,730
13178,732
13179,759
13180,919
13181,938
13182,957
13183,965
13184,978
13185,1005
13186,1131
13187,1382
13188,1821
13189,2281
13190,2634
13191,2754
13192,2641
13193,2391
13194,2041
13195,1691
13196,1331
13197,1021
13198,791
13199,667
13200,672
13201,752
13202,871
13203,1103
13204,1153
13205,1168
13206,1126
13207,994
13208,855
13209,818
13210,775
13211,770
13212,809
13213,944
13214,1046
13215,1086
13216,1102
13217,1104
13218,1110
13219,1119
13220,1267
13221,1638
13222,2128
13223,2545
13224,2815
13225,2838
13226,2623
13227,2282
13228,1902
13229,1535
13230,1232
13231,953
13232,750
13233,633
13234,603
13235,673
13236,752
13237,911
13238,1008
13239,985
13240,927
13241,758
13242,670
13243,626
13244,592
13245,594
13246,596
13247,635
13248,816
13249,847
13250,875
13251,897
13252,912
13253,938
13254,951
13255,1046
13256,1287
13257,1699
13258,2325
13259,2864
13260,3109
13261,3057
13262,2768
13263,2386
13264,1973
13265,1618
13266,1328
13267,1071
13268,842
13269,690
13270,645
13271,639
13272,753
13273,854
13274,962
13275,924
13276,786
13277,656
13278,585
13279,553
13280,503
13281,494
13282,499
13283,537
13284,637
13285,759
13286,772
13287,788
13288,799
13289,813
13290,814
13291,852
13292,945
13293,1258
13294,1761
13295,2303
13296,2711
13297,2867
13298,2746
13299,2467
13300,2071
13301,1712
13302,1402
13303,1126
13304,891
13305,726
13306,636
13307,622
13308,655
13309,693
13310,766
13311,890
13312,885
13313,837
13314,662
13315,589
13316,559
13317,541
13318,548
13319,560
13320,594
13321,965
13322,971
13323,933
13324,893
13325,882
13326,892
13327,897
13328,867
13329,863
13330,880
13331,944
13332,1215
13333,1617
13334,2086
13335,2486
13336,2668
13337,2640
13338,2431
13339,2085
13340,1721
13341,1373
13342,1088
13343,838
13344,669
13345,693
13346,609
13347,625
13348,663
13349,699
13350,701
13351,719
13352,719
13353,705
13354,806
13355,471
13356,410
13357,419
13358,460
13359,524
13360,737
13361,782
13362,822
13363,848
13364,882
13365,903
13366,928
13367,946
13368,967
13369,992
13370,1003
13371,1149
13372,1499
13373,1965
13374,2459
13375,2795
13376,2877
13377,2704
13378,2373
13379,1995
13380,1616
13381,1286
13382,989
13383,783
13384,656
13385,639
13386,699
13387,813
13388,1000
13389,1072
13390,1056
13391,990
13392,813
13393,710
13394,660
13395,627
13396,625
13397,622
13398,631
13399,670
13400,848
13401,891
13402,893
13403,880
13404,902
13405,893
13406,903
13407,937
13408,1041
13409,1282
13410,1709
13411,2182
13412,2550
13413,2736
13414,2677
13415,2442
13416,2085
13417,1728
13418,1362
13419,1040
13420,869
13421,1064
13422,1034
13423,800
13424,791
13425,967
13426,1578
13427,838
13428,551
13429,528
13430,538
13431,547
13432,535
13433,545
13434,560
13435,597
13436,807
13437,783
13438,764
13439,785
13440,817
13441,838
13442,602
13443,619
13444,821
13445,1055
13446,1285
13447,1664
13448,2123
13449,2529
13450,2823
13451,2945
13452,2880
13453,2400
13454,1959
13455,1566
13456,1177
13457,886
13458,691
13459,611
13460,663
13461,783
13462,1007
13463,1195
13464,1200
13465,1162
13466,1088
13467,823
13468,750
13469,709
13470,697
13471,685
13472,707
13473,720
13474,903
13475,1008
13476,985
13477,979
13478,977
13479,997
13480,1131
13481,1429
13482,1846
13483,2256
13484,2559
13485,2646
13486,2526
13487,2275
13488,1892
13489,1525
13490,1179
13491,881
13492,668
13493,577
13494,595
13495,705
13496,909
13497,1150
13498,1192
13499,1183
13500,1114
13501,942
13502,780
13503,717
13504,688
13505,687
13506,688
13507,718
13508,856
13509,990
13510,997
13511,994
13512,983
13513,1003
13514,1090
13515,1366
13516,1827
13517,2334
13518,2749
13519,2982
13520,2903
13521,2637
13522,2256
13523,1851
13524,1455
13525,1094
13526,816
13527,638
13528,557
13529,565
13530,653
13531,755
13532,1004
13533,1061
13534,1004
13535,930
13536,674
13537,612
13538,573
13539,534
13540,550
13541,547
13542,578
13543,806
13544,876
13545,867
13546,868
13547,889
13548,899
13549,912
13550,1020
13551,1339
13552,1818
13553,2379
13554,2832
13555,3056
13556,2955
13557,2666
13558,2276
13559,1856
13560,1483
13561,1159
13562,892
13563,687
13564,580
13565,565
13566,593
13567,674
13568,745
13569,925
13570,929
13571,886
13572,737
13573,569
13574,542
13575,528
13576,537
13577,550
13578,571
13579,814
13580,848
13581,841
13582,847
13583,861
13584,873
13585,899
13586,1049
13587,1356
13588,1872
13589,2384
13590,2794
13591,2954
13592,2838
13593,2534
13594,2158
13595,1771
13596,1409
13597,1104
13598,851
13599,692
13600,592
13601,609
13602,673
13603,754
13604,903
13605,992
13606,971
13607,909
13608,690
13609,623
13610,587
13611,569
13612,574
13613,591
13614,608
13615,818
13616,860
13617,864
13618,867
13619,878
13620,959
13621,1169
13622,1601
13623,2105
13624,2549
13625,2807
13626,2793
13627,2559
13628,2208
13629,1817
13630,1461
13631,1157
13632,889
13633,689
13634,597
13635,577
13636,625
13637,710
13638,859
13639,989
13640,976
13641,931
13642,740
13643,633
13644,608
13645,599
13646,611
13647,625
13648,642
13649,842
13650,870
13651,846
13652,848
13653,863
13654,953
13655,1232
13656,1716
13657,2263
13658,2677
13659,2873
13660,2787
13661,2513
13662,2160
13663,1781
13664,1456
13665,1177
13666,901
13667,709
13668,624
13669,602
13670,647
13671,704
13672,770
13673,926
13674,913
13675,861
13676,677
13677,586
13678,555
13679,534
13680,544
13681,555
13682,592
13683,789
13684,816
13685,825
13686,835
13687,916
13688,1148
13689,1584
13690,2125
13691,2548
13692,2775
13693,2736
13694,2499
13695,2157
13696,1791
13697,1461
13698,1189
13699,927
13700,727
13701,600
13702,572
13703,589
13704,641
13705,698
13706,811
13707,878
13708,841
13709,755
13710,592
13711,552
13712,539
13713,557
13714,565
13715,606
13716,790
13717,807
13718,802
13719,828
13720,938
13721,1203
13722,1671
13723,2194
13724,2581
13725,2746
13726,2672
13727,2411
13728,2064
13729,1696
13730,1398
13731,1107
13732,874
13733,688
13734,592
13735,561
13736,581
13737,677
13738,719
13739,874
13740,903
13741,845
13742,693
13743,588
13744,544
13745,545
13746,551
13747,572
13748,704
13749,795
13750,816
13751,828
13752,832
13753,839
13754,866
13755,976
13756,1275
13757,1744
13758,2267
13759,2661
13760,2851
13761,2755
13762,2480
13763,2127
13764,1757
13765,1435
13766,1139
13767,892
13768,720
13769,622
13770,609
13771,654
13772,710
13773,765
13774,923
13775,920
13776,888
13777,738
13778,631
13779,583
13780,579
13781,596
13782,625
13783,709
13784,839
13785,860
13786,858
13787,887
13788,880
13789,902
13790,950
13791,1121
13792,1457
13793,1927
13794,2372
13795,2647
13796,2690
13797,2527
13798,2215
13799,1867
13800,1557
13801,1254
13802,977
13803,798
13804,659
13805,634
13806,663
13807,745
13808,827
13809,979
13810,976
13811,924
13812,784
13813,670
13814,643
13815,618
13816,615
13817,643
13818,657
13819,826
13820,876
13821,882
13822,886
13823,887
13824,891
13825,913
13826,990
13827,1204
13828,1609
13829,2064
13830,2463
13831,2679
13832,2642
13833,2453
13834,2131
13835,1791
13836,1482
13837,1216
13838,957
13839,765
13840,673
13841,639
13842,665
13843,710
13844,769
13845,880
13846,928
13847,882
13848,769
13849,655
13850,619
13851,609
13852,611
13853,614
13854,631
13855,775
13856,822
13857,850
13858,851
13859,877
13860,895
13861,905
13862,903
13863,921
13864,918
13865,947
13866,1107
13867,1453
13868,1919
13869,2413
13870,2750
13871,2857
13872,2735
13873,2446
13874,2112
13875,1751
13876,1449
13877,1168
13878,934
13879,770
13880,686
13881,633
13882,654
13883,686
13884,735
13885,748
13886,761
13887,739
13888,702
13889,647
13890,613
13891,595
13892,590
13893,590
13894,592
13895,706
13896,794
13897,810
13898,827
13899,835
13900,856
13901,855
13902,864
13903,878
13904,935
13905,1129
13906,1500
13907,1975
13908,2416
13909,2704
13910,2737
13911,2580
13912,2288
13913,1946
13914,1615
13915,1315
13916,1045
13917,816
13918,677
13919,623
13920,617
13921,670
13922,720
13923,778
13924,875
13925,853
13926,807
13927,647
13928,576
13929,560
13930,540
13931,554
13932,561
13933,604
13934,752
13935,784
13936,809
13937,819
13938,818
13939,821
13940,841
13941,896
13942,1069
13943,1413
13944,1904
13945,2354
13946,2641
13947,2699
13948,2557
13949,2272
13950,1911
13951,1584
13952,1264
13953,995
13954,782
13955,639
13956,559
13957,563
13958,630
13959,688
13960,743
13961,843
13962,822
13963,769
13964,609
13965,563
13966,528
13967,511
13968,528
13969,535
13970,566
13971,720
13972,757
13973,770
13974,793
13975,816
13976,837
13977,863
13978,875
13979,889
13980,912
13981,912
13982,945
13983,1053
13984,1355
13985,1840
13986,2352
13987,2774
13988,2960
13989,2889
13990,2559
13991,2199
13992,1813
13993,1478
13994,1178
13995,923
13996,745
13997,608
13998,566
13999,589
14000,626
14001,694
14002,731
14003,816
14004,810
14005,706
14006,560
14007,534
14008,522
14009,496
14010,502
14011,543
14012,662
14013,722
14014,762
14015,773
14016,798
14017,832
14018,863
14019,896
14020,911
14021,916
14022,926
14023,932
14024,960
14025,1078
14026,1390
14027,1851
14028,2393
14029,2816
14030,2978
14031,2881
14032,2613
14033,2224
14034,1810
14035,1462
14036,1159
14037,897
14038,716
14039,615
14040,583
14041,636
14042,688
14043,767
14044,915
14045,909
14046,864
14047,693
14048,615
14049,571
14050,566
14051,546
14052,551
14053,570
14054,706
14055,786
14056,816
14057,833
14058,845
14059,864
14060,874
14061,883
14062,925
14063,978
14064,1232
14065,1666
14066,2165
14067,2590
14068,2810
14069,2755
14070,2503
14071,2147
14072,1762
14073,1437
14074,1135
14075,882
14076,699
14077,595
14078,566
14079,594
14080,686
14081,787
14082,912
14083,914
14084,855
14085,728
14086,630
14087,576
14088,561
14089,555
14090,555
14091,576
14092,721
14093,803
14094,816
14095,835
14096,849
14097,868
14098,897
14099,922
14100,946
14101,945
14102,962
14103,967
14104,989
14105,1101
14106,1395
14107,1889
14108,2457
14109,2893
14110,3125
14111,3021
14112,2686
14113,2287
14114,1869
14115,1503
14116,1206
14117,962
14118,759
14119,652
14120,598
14121,600
14122,661
14123,711
14124,767
14125,882
14126,866
14127,773
14128,607
14129,555
14130,535
14131,511
14132,528
14133,546
14134,582
14135,768
14136,793
14137,816
14138,845
14139,848
14140,894
14141,898
14142,903
14143,935
14144,944
14145,1042
14146,1308
14147,1766
14148,2289
14149,2728
14150,2938
14151,2853
14152,2559
14153,2195
14154,1824
14155,1472
14156,1195
14157,944
14158,753
14159,635
14160,587
14161,617
14162,663
14163,752
14164,875
14165,912
14166,877
14167,762
14168,639
14169,581
14170,559
14171,560
14172,564
14173,592
14174,682
14175,795
14176,817
14177,836
14178,862
14179,864
14180,880
14181,901
14182,917
14183,1023
14184,1309
14185,1759
14186,2261
14187,2655
14188,2812
14189,2736
14190,2467
14191,2108
14192,1728
14193,1385
14194,1090
14195,842
14196,675
14197,592
14198,591
14199,631
14200,709
14201,896
14202,944
14203,977
14204,893
14205,697
14206,622
14207,572
14208,558
14209,554
14210,562
14211,592
14212,733
14213,819
14214,829
14215,861
14216,882
14217,917
14218,927
14219,947
14220,959
14221,961
14222,955
14223,965
14224,1035
14225,1210
14226,1639
14227,2164
14228,2715
14229,3065
14230,3131
14231,2898
14232,2557
14233,2128
14234,1738
14235,1392
14236,1103
14237,859
14238,706
14239,616
14240,619
14241,670
14242,727
14243,788
14244,937
14245,903
14246,845
14247,647
14248,583
14249,544
14250,526
14251,510
14252,535
14253,567
14254,759
14255,800
14256,819
14257,835
14258,850
14259,871
14260,874
14261,887
14262,899
14263,937
14264,1177
14265,1600
14266,2123
14267,2625
14268,2926
14269,2959
14270,2718
14271,2355
14272,1952
14273,1569
14274,1249
14275,976
14276,758
14277,630
14278,580
14279,592
14280,646
14281,720
14282,867
14283,934
14284,899
14285,853
14286,657
14287,587
14288,553
14289,538
14290,547
14291,562
14292,601
14293,799
14294,821
14295,846
14296,853
14297,885
14298,906
14299,934
14300,959
14301,961
14302,978
14303,993
14304,983
14305,985
14306,1008
14307,1072
14308,1265
14309,1690
14310,2241
14311,2775
14312,3130
14313,3216
14314,2911
14315,2534
14316,2098
14317,1701
14318,1355
14319,1054
14320,811
14321,679
14322,640
14323,663
14324,745
14325,820
14326,995
14327,1023
14328,963
14329,793
14330,668
14331,620
14332,573
14333,560
14334,547
14335,558
14336,596
14337,798
14338,849
14339,879
14340,875
14341,911
14342,911
14343,914
14344,923
14345,925
14346,964
14347,1119
14348,1485
14349,1969
14350,2475
14351,2850
14352,2973
14353,2769
14354,2449
14355,2039
14356,1679
14357,1323
14358,1048
14359,814
14360,661
14361,602
14362,609
14363,672
14364,779
14365,947
14366,995
14367,965
14368,902
14369,702
14370,627
14371,592
14372,562
14373,560
14374,572
14375,621
14376,809
14377,848
14378,851
14379,891
14380,894
14381,916
14382,912
14383,965
14384,999
14385,980
14386,987
14387,987
14388,1023
14389,1232
14390,1617
14391,2181
14392,2705
14393,3114
14394,3207
14395,2938
14396,2547
14397,2141
14398,1735
14399,1382
14400,1104
14401,879
14402,726
14403,656
14404,626
14405,658
14406,719
14407,785
14408,913
14409,915
14410,858
14411,658
14412,592
14413,554
14414,545
14415,537
14416,554
14417,576
14418,784
14419,817
14420,837
14421,855
14422,898
14423,918
14424,926
14425,944
14426,962
14427,967
14428,976
14429,1016
14430,1189
14431,1582
14432,2093
14433,2615
14434,3012
14435,3021
14436,2815
14437,2463
14438,2071
14439,1680
14440,1360
14441,1088
14442,866
14443,720
14444,642
14445,657
14446,692
14447,775
14448,898
14449,990
14450,990
14451,884
14452,688
14453,617
14454,599
14455,576
14456,582
14457,599
14458,633
14459,829
14460,849
14461,869
14462,885
14463,895
14464,902
14465,929
14466,926
14467,960
14468,1119
14469,1459
14470,1962
14471,2429
14472,2749
14473,2813
14474,2637
14475,2306
14476,1931
14477,1584
14478,1269
14479,1022
14480,802
14481,682
14482,603
14483,612
14484,690
14485,755
14486,923
14487,967
14488,919
14489,880
14490,658
14491,606
14492,568
14493,560
14494,576
14495,581
14496,660
14497,822
14498,841
14499,857
14500,882
14501,915
14502,928
14503,960
14504,973
14505,976
14506,976
14507,978
14508,991
14509,1023
14510,1162
14511,1535
14512,2083
14513,2637
14514,3067
14515,3216
14516,2967
14517,2601
14518,2169
14519,1776
14520,1439
14521,1163
14522,931
14523,759
14524,658
14525,624
14526,640
14527,688
14528,736
14529,771
14530,765
14531,755
14532,698
14533,657
14534,619
14535,579
14536,566
14537,592
14538,618
14539,780
14540,837
14541,849
14542,858
14543,871
14544,905
14545,919
14546,930
14547,929
14548,947
14549,950
14550,948
14551,1051
14552,1339
14553,1815
14554,2361
14555,2823
14556,3049
14557,2931
14558,2641
14559,2245
14560,1829
14561,1489
14562,1200
14563,951
14564,768
14565,661
14566,623
14567,656
14568,706
14569,783
14570,911
14571,944
14572,894
14573,753
14574,629
14575,579
14576,564
14577,547
14578,568
14579,591
14580,752
14581,836
14582,848
14583,885
14584,900
14585,911
14586,927
14587,929
14588,942
14589,944
14590,961
14591,1093
14592,1407
14593,1906
14594,2415
14595,2787
14596,2907
14597,2768
14598,2449
14599,2057
14600,1665
14601,1350
14602,1067
14603,828
14604,675
14605,598
14606,608
14607,674
14608,754
14609,926
14610,970
14611,951
14612,887
14613,691
14614,635
14615,584
14616,577
14617,570
14618,586
14619,619
14620,799
14621,848
14622,863
14623,880
14624,899
14625,933
14626,944
14627,949
14628,946
14629,958
14630,973
14631,1076
14632,1353
14633,1811
14634,2381
14635,2851
14636,3101
14637,3022
14638,2706
14639,2322
14640,1890
14641,1533
14642,1232
14643,980
14644,785
14645,656
14646,593
14647,624
14648,667
14649,727
14650,785
14651,914
14652,881
14653,795
14654,601
14655,551
14656,528
14657,537
14658,531
14659,574
14660,688
14661,797
14662,823
14663,816
14664,835
14665,862
14666,892
14667,926
14668,923
14669,932
14670,942
14671,946
14672,974
14673,1111
14674,1468
14675,2003
14676,2546
14677,2987
14678,3158
14679,2989
14680,2637
14681,2234
14682,1809
14683,1489
14684,1215
14685,980
14686,793
14687,697
14688,619
14689,642
14690,688
14691,758
14692,786
14693,895
14694,887
14695,832
14696,634
14697,585
14698,549
14699,538
14700,550
14701,574
14702,714
14703,822
14704,834
14705,867
14706,880
14707,907
14708,912
14709,921
14710,932
14711,942
14712,946
14713,1014
14714,1232
14715,1648
14716,2166
14717,2634
14718,2894
14719,2883
14720,2642
14721,2287
14722,1876
14723,1535
14724,1233
14725,981
14726,767
14727,652
14728,615
14729,624
14730,690
14731,770
14732,967
14733,982
14734,941
14735,848
14736,662
14737,623
14738,594
14739,573
14740,592
14741,615
14742,656
14743,835
14744,857
14745,877
14746,880
14747,897
14748,911
14749,912
14750,933
14751,949
14752,1091
14753,1441
14754,1936
14755,2451
14756,2820
14757,2943
14758,2765
14759,2448
14760,2044
14761,1687
14762,1371
14763,1109
14764,880
14765,708
14766,629
14767,618
14768,641
14769,714
14770,782
14771,934
14772,929
14773,896
14774,730
14775,621
14776,579
14777,572
14778,575
14779,563
14780,596
14781,781
14782,845
14783,853
14784,886
14785,897
14786,913
14787,918
14788,937
14789,953
14790,1070
14791,1368
14792,1821
14793,2325
14794,2742
14795,2906
14796,2845
14797,2512
14798,2127
14799,1760
14800,1453
14801,1191
14802,944
14803,773
14804,673
14805,624
14806,655
14807,737
14808,791
14809,909
14810,925
14811,893
14812,704
14813,614
14814,589
14815,570
14816,570
14817,582
14818,614
14819,787
14820,818
14821,842
14822,865
14823,871
14824,877
14825,899
14826,896
14827,918
14828,1045
14829,1335
14830,1831
14831,2369
14832,2801
14833,2983
14834,2880
14835,2583
14836,2199
14837,1807
14838,1495
14839,1250
14840,1008
14841,822
14842,692
14843,645
14844,637
14845,656
14846,693
14847,720
14848,741
14849,708
14850,684
14851,640
14852,595
14853,578
14854,587
14855,567
14856,592
14857,752
14858,795
14859,806
14860,823
14861,867
14862,857
14863,885
14864,912
14865,930
14866,934
14867,953
14868,962
14869,961
14870,976
14871,986
14872,1082
14873,1330
14874,1812
14875,2390
14876,2933
14877,3280
14878,3248
14879,2928
14880,2525
14881,2134
14882,1806
14883,1520
14884,1268
14885,1038
14886,842
14887,848
14888,831
14889,806
14890,802
14891,794
14892,765
14893,688
14894,610
14895,511
14896,442
14897,382
14898,174
14899,195
14900,267
14901,319
14902,566
14903,599
14904,631
14905,654
14906,670
14907,694
14908,724
14909,797
14910,1011
14911,1431
14912,1950
14913,2385
14914,2633
14915,2555
14916,2329
14917,1995
14918,1643
14919,1360
14920,1141
14921,944
14922,870
14923,678
14924,601
14925,591
14926,630
14927,656
14928,698
14929,717
14930,703
14931,667
14932,625
14933,599
14934,565
14935,546
14936,527
14937,527
14938,554
14939,711
14940,784
14941,799
14942,799
14943,829
14944,848
14945,871
14946,861
14947,879
14948,866
14949,862
14950,894
14951,1057
14952,1406
14953,1936
14954,2422
14955,2754
14956,2816
14957,2641
14958,2318
14959,1951
14960,1625
14961,1358
14962,1130
14963,935
14964,779
14965,685
14966,656
14967,688
14968,720
14969,772
14970,788
14971,787
14972,739
14973,701
14974,660
14975,642
14976,629
14977,623
14978,640
14979,765
14980,837
14981,848
14982,847
14983,839
14984,862
14985,894
14986,899
14987,911
14988,930
14989,982
14990,1166
14991,1515
14992,1978
14993,2429
14994,2694
14995,2730
14996,2511
14997,2197
14998,1866
14999,1584
