Index,Amplitude (0-4096)
0,2446
1,2770
2,2908
3,2832
4,2625
5,2320
6,2064
7,1778
8,1559
9,1360
10,1155
11,1055
12,994
13,1008
14,1045
15,1104
16,1121
17,1133
18,1122
19,1058
20,1023
21,972
22,959
23,924
24,942
25,931
26,960
27,988
28,1008
29,1046
30,1053
31,1088
32,1103
33,1135
34,1152
35,1186
36,1294
37,1584
38,2032
39,2497
40,2846
41,2975
42,2885
43,2651
44,2381
45,2077
46,1823
47,1610
48,1405
49,1232
50,1077
51,1040
52,1009
53,1042
54,1088
55,1123
56,1139
57,1142
58,1104
59,1053
60,1023
61,994
62,975
63,947
64,978
65,977
66,1022
67,1043
68,1068
69,1087
70,1102
71,1124
72,1159
73,1213
74,1399
75,1770
76,2187
77,2559
78,2795
79,2809
80,2640
81,2421
82,2125
83,1871
84,1650
85,1452
86,1270
87,1149
88,1091
89,1111
90,1137
91,1214
92,1250
93,1280
94,1242
95,1211
96,1146
97,1125
98,1073
99,1070
100,1046
101,1053
102,1062
103,1105
104,1116
105,1125
106,1145
107,1157
108,1166
109,1219
110,1420
111,1773
112,2210
113,2601
114,2813
115,2835
116,2685
117,2417
118,2158
119,1901
120,1680
121,1465
122,1289
123,1173
124,1087
125,1062
126,1091
127,1133
128,1170
129,1204
130,1203
131,1168
132,1109
133,1083
134,1045
135,1023
136,1023
137,1011
138,1036
139,1036
140,1079
141,1105
142,1117
143,1143
144,1153
145,1170
146,1186
147,1219
148,1331
149,1607
150,2027
151,2479
152,2841
153,3022
154,2970
155,2742
156,2465
157,2192
158,1927
159,1694
160,1475
161,1293
162,1170
163,1103
164,1066
165,1088
166,1130
167,1165
168,1162
169,1155
170,1104
171,1071
172,1043
173,1022
174,976
175,985
176,991
177,981
178,1021
179,1056
180,1065
181,1075
182,1114
183,1125
184,1170
185,1289
186,1631
187,2061
188,2477
189,2771
190,2855
191,2750
192,2512
193,2235
194,1969
195,1736
196,1518
197,1329
198,1173
199,1074
200,1043
201,1062
202,1110
203,1159
204,1201
205,1216
206,1167
207,1111
208,1071
209,1051
210,1002
211,999
212,989
213,1008
214,1040
215,1072
216,1093
217,1104
218,1115
219,1123
220,1183
221,1328
222,1638
223,2066
224,2461
225,2730
226,2782
227,2671
228,2429
229,2159
230,1896
231,1669
232,1474
233,1283
234,1138
235,1059
236,1072
237,1086
238,1147
239,1182
240,1212
241,1223
242,1167
243,1127
244,1079
245,1054
246,1023
247,1019
248,1022
249,1040
250,1040
251,1088
252,1103
253,1113
254,1134
255,1148
256,1157
257,1246
258,1466
259,1828
260,2249
261,2624
262,2799
263,2770
264,2623
265,2366
266,2103
267,1847
268,1647
269,1456
270,1280
271,1150
272,1079
273,1083
274,1094
275,1150
276,1202
277,1224
278,1202
279,1182
280,1115
281,1083
282,1051
283,1023
284,1008
285,1023
286,1040
287,1039
288,1088
289,1104
290,1132
291,1136
292,1169
293,1178
294,1226
295,1345
296,1625
297,2023
298,2417
299,2699
300,2800
301,2709
302,2505
303,2255
304,1999
305,1776
306,1584
307,1418
308,1279
309,1141
310,1109
311,1133
312,1149
313,1199
314,1247
315,1245
316,1229
317,1179
318,1125
319,1102
320,1069
321,1063
322,1060
323,1063
324,1065
325,1110
326,1107
327,1151
328,1147
329,1164
330,1181
331,1253
332,1456
333,1817
334,2233
335,2559
336,2742
337,2739
338,2559
339,2341
340,2070
341,1837
342,1616
343,1435
344,1286
345,1168
346,1119
347,1148
348,1190
349,1241
350,1296
351,1315
352,1264
353,1209
354,1156
355,1137
356,1099
357,1083
358,1075
359,1071
360,1079
361,1087
362,1121
363,1152
364,1149
365,1165
366,1205
367,1370
368,1711
369,2156
370,2505
371,2749
372,2789
373,2647
374,2432
375,2160
376,1922
377,1675
378,1482
379,1315
380,1173
381,1103
382,1092
383,1115
384,1161
385,1200
386,1228
387,1209
388,1167
389,1117
390,1040
391,1049
392,1040
393,1034
394,1008
395,1018
396,1061
397,1080
398,1094
399,1131
400,1125
401,1139
402,1181
403,1333
404,1661
405,2094
406,2511
407,2806
408,2908
409,2801
410,2551
411,2282
412,2006
413,1766
414,1558
415,1366
416,1201
417,1089
418,1040
419,1046
420,1084
421,1137
422,1157
423,1175
424,1136
425,1099
426,1053
427,1019
428,983
429,975
430,964
431,976
432,999
433,1014
434,1040
435,1059
436,1088
437,1102
438,1136
439,1126
440,1174
441,1195
442,1232
443,1246
444,1265
445,1313
446,1323
447,1407
448,1648
449,2069
450,2555
451,2991
452,3258
453,3248
454,2983
455,2651
456,2326
457,2017
458,1758
459,1535
460,1335
461,1188
462,1094
463,1073
464,1090
465,1139
466,1171
467,1206
468,1191
469,1167
470,1106
471,1055
472,1009
473,981
474,983
475,969
476,964
477,977
478,1008
479,1057
480,1084
481,1093
482,1114
483,1121
484,1168
485,1306
486,1602
487,2027
488,2470
489,2766
490,2907
491,2793
492,2559
493,2256
494,1991
495,1726
496,1509
497,1281
498,1124
499,1035
500,1021
501,1054
502,1141
503,1200
504,1263
505,1257
506,1229
507,1167
508,1136
509,1112
510,1076
511,1072
512,1070
513,1061
514,1074
515,1113
516,1126
517,1125
518,1136
519,1147
520,1168
521,1231
522,1456
523,1838
524,2297
525,2691
526,2899
527,2891
528,2701
529,2418
530,2128
531,1856
532,1614
533,1393
534,1219
535,1088
536,1023
537,1041
538,1090
539,1159
540,1230
541,1238
542,1231
543,1166
544,1120
545,1072
546,1039
547,1022
548,1008
549,1008
550,1040
551,1051
552,1104
553,1102
554,1121
555,1122
556,1147
557,1189
558,1274
559,1535
560,1969
561,2445
562,2835
563,3027
564,3002
565,2775
566,2466
567,2170
568,1889
569,1650
570,1436
571,1225
572,1109
573,1037
574,1017
575,1072
576,1122
577,1164
578,1195
579,1168
580,1114
581,1053
582,1022
583,981
584,957
585,976
586,976
587,988
588,991
589,1040
590,1040
591,1072
592,1088
593,1122
594,1136
595,1168
596,1203
597,1216
598,1235
599,1273
600,1424
601,1776
602,2272
603,2751
604,3172
605,3365
606,3203
607,2891
608,2523
609,2206
610,1905
611,1651
612,1425
613,1239
614,1111
615,1062
616,1040
617,1082
618,1143
619,1179
620,1181
621,1181
622,1129
623,1059
624,1021
625,970
626,950
627,930
628,942
629,941
630,976
631,997
632,1037
633,1040
634,1067
635,1099
636,1136
637,1263
638,1586
639,2031
640,2496
641,2832
642,2978
643,2864
644,2615
645,2306
646,2001
647,1741
648,1488
649,1277
650,1111
651,1021
652,1000
653,1040
654,1104
655,1183
656,1232
657,1226
658,1195
659,1118
660,1085
661,1037
662,978
663,969
664,968
665,991
666,997
667,1035
668,1067
669,1072
670,1073
671,1097
672,1169
673,1427
674,1825
675,2315
676,2736
677,2985
678,2978
679,2765
680,2475
681,2143
682,1857
683,1592
684,1375
685,1168
686,1040
687,960
688,950
689,1018
690,1074
691,1125
692,1163
693,1165
694,1104
695,1042
696,987
697,953
698,944
699,918
700,927
701,960
702,981
703,986
704,1039
705,1061
706,1065
707,1103
708,1200
709,1514
710,1987
711,2475
712,2861
713,3052
714,2975
715,2733
716,2396
717,2082
718,1798
719,1535
720,1328
721,1151
722,1007
723,949
724,946
725,963
726,1035
727,1059
728,1103
729,1102
730,1008
731,980
732,959
733,935
734,893
735,885
736,909
737,919
738,948
739,987
740,1008
741,1015
742,1050
743,1079
744,1129
745,1298
746,1669
747,2146
748,2608
749,2896
750,2973
751,2831
752,2547
753,2224
754,1935
755,1655
756,1440
757,1229
758,1062
759,945
760,923
761,944
762,979
763,1036
764,1102
765,1104
766,1063
767,1004
768,976
769,945
770,926
771,912
772,903
773,919
774,931
775,961
776,976
777,1008
778,1047
779,1075
780,1089
781,1111
782,1140
783,1182
784,1317
785,1616
786,2070
787,2496
788,2827
789,2943
790,2830
791,2592
792,2286
793,1974
794,1710
795,1488
796,1297
797,1130
798,1047
799,1010
800,1057
801,1127
802,1200
803,1249
804,1244
805,1201
806,1169
807,1107
808,1071
809,1049
810,1066
811,1037
812,1041
813,1065
814,1078
815,1104
816,1123
817,1135
818,1155
819,1275
820,1572
821,1994
822,2393
823,2707
824,2816
825,2704
826,2487
827,2202
828,1953
829,1701
830,1471
831,1285
832,1131
833,1052
834,1023
835,1045
836,1097
837,1165
838,1230
839,1233
840,1189
841,1135
842,1101
843,1072
844,1051
845,1019
846,1018
847,1034
848,1040
849,1077
850,1097
851,1118
852,1137
853,1169
854,1168
855,1186
856,1227
857,1249
858,1312
859,1535
860,1950
861,2416
862,2859
863,3184
864,3179
865,2987
866,2659
867,2341
868,2032
869,1771
870,1535
871,1329
872,1179
873,1072
874,1011
875,1040
876,1079
877,1125
878,1141
879,1139
880,1121
881,1077
882,1034
883,989
884,978
885,948
886,939
887,950
888,945
889,1011
890,1021
891,1041
892,1067
893,1082
894,1091
895,1152
896,1341
897,1680
898,2142
899,2581
900,2865
901,2944
902,2791
903,2531
904,2235
905,1935
906,1682
907,1457
908,1264
909,1105
910,1018
911,992
912,1034
913,1104
914,1157
915,1202
916,1207
917,1168
918,1119
919,1059
920,1035
921,992
922,971
923,969
924,980
925,1004
926,1035
927,1045
928,1065
929,1073
930,1088
931,1166
932,1365
933,1746
934,2226
935,2640
936,2885
937,2927
938,2721
939,2443
940,2131
941,1850
942,1584
943,1374
944,1172
945,1034
946,963
947,953
948,994
949,1055
950,1118
951,1142
952,1131
953,1104
954,1061
955,1005
956,969
957,958
958,937
959,944
960,961
961,990
962,1021
963,1040
964,1069
965,1074
966,1102
967,1109
968,1146
969,1232
970,1498
971,1936
972,2423
973,2823
974,3091
975,3044
976,2822
977,2522
978,2197
979,1891
980,1655
981,1419
982,1211
983,1090
984,976
985,951
986,970
987,1022
988,1067
989,1087
990,1091
991,1058
992,1012
993,992
994,944
995,914
996,916
997,912
998,924
999,937
1000,988
1001,1008
1002,1016
1003,1040
1004,1075
1005,1102
1006,1137
1007,1151
1008,1218
1009,1419
1010,1782
1011,2273
1012,2722
1013,3037
1014,3109
1015,2903
1016,2647
1017,2313
1018,2003
1019,1738
1020,1493
1021,1277
1022,1110
1023,1039
1024,995
1025,1040
1026,1088
1027,1115
1028,1166
1029,1173
1030,1136
1031,1093
1032,1037
1033,1008
1034,970
1035,946
1036,968
1037,976
1038,973
1039,1021
1040,1055
1041,1072
1042,1073
1043,1091
1044,1133
1045,1259
1046,1574
1047,2010
1048,2463
1049,2819
1050,2977
1051,2885
1052,2623
1053,2311
1054,1982
1055,1718
1056,1469
1057,1250
1058,1090
1059,992
1060,944
1061,983
1062,1045
1063,1119
1064,1174
1065,1165
1066,1150
1067,1109
1068,1039
1069,1003
1070,978
1071,982
1072,976
1073,967
1074,969
1075,1008
1076,1035
1077,1088
1078,1104
1079,1102
1080,1124
1081,1200
1082,1446
1083,1878
1084,2388
1085,2829
1086,3083
1087,3056
1088,2824
1089,2526
1090,2183
1091,1898
1092,1629
1093,1392
1094,1201
1095,1058
1096,955
1097,943
1098,959
1099,1017
1100,1083
1101,1117
1102,1093
1103,1077
1104,1037
1105,990
1106,953
1107,926
1108,924
1109,933
1110,944
1111,940
1112,993
1113,1010
1114,1042
1115,1066
1116,1081
1117,1119
1118,1136
1119,1168
1120,1306
1121,1650
1122,2145
1123,2637
1124,3008
1125,3179
1126,3047
1127,2746
1128,2423
1129,2112
1130,1823
1131,1555
1132,1342
1133,1167
1134,1042
1135,979
1136,974
1137,1019
1138,1076
1139,1131
1140,1135
1141,1148
1142,1085
1143,1038
1144,1010
1145,961
1146,944
1147,934
1148,944
1149,948
1150,969
1151,995
1152,1021
1153,1047
1154,1067
1155,1085
1156,1115
1157,1158
1158,1360
1159,1742
1160,2234
1161,2687
1162,3024
1163,3089
1164,2902
1165,2609
1166,2288
1167,1975
1168,1709
1169,1457
1170,1232
1171,1085
1172,986
1173,955
1174,981
1175,1058
1176,1125
1177,1200
1178,1189
1179,1159
1180,1109
1181,1053
1182,1007
1183,977
1184,976
1185,987
1186,971
1187,995
1188,1035
1189,1060
1190,1072
1191,1077
1192,1104
1193,1171
1194,1398
1195,1790
1196,2265
1197,2677
1198,2921
1199,2934
1200,2727
1201,2435
1202,2126
1203,1853
1204,1589
1205,1360
1206,1166
1207,1058
1208,1002
1209,1023
1210,1092
1211,1186
1212,1236
1213,1245
1214,1221
1215,1161
1216,1121
1217,1071
1218,1040
1219,1047
1220,1040
1221,1009
1222,1035
1223,1046
1224,1088
1225,1094
1226,1105
1227,1180
1228,1360
1229,1753
1230,2234
1231,2655
1232,2926
1233,2933
1234,2754
1235,2480
1236,2172
1237,1875
1238,1613
1239,1378
1240,1199
1241,1040
1242,971
1243,977
1244,1018
1245,1098
1246,1142
1247,1168
1248,1175
1249,1143
1250,1088
1251,1047
1252,1002
1253,1003
1254,996
1255,986
1256,1005
1257,1023
1258,1072
1259,1085
1260,1091
1261,1115
1262,1213
1263,1493
1264,1944
1265,2437
1266,2826
1267,3065
1268,2997
1269,2784
1270,2470
1271,2147
1272,1872
1273,1600
1274,1366
1275,1195
1276,1050
1277,989
1278,977
1279,1018
1280,1085
1281,1126
1282,1159
1283,1140
1284,1088
1285,1050
1286,1008
1287,973
1288,970
1289,951
1290,951
1291,976
1292,994
1293,1023
1294,1066
1295,1089
1296,1099
1297,1131
1298,1131
1299,8
1300,9991291
1301,1600
1302,2096
1303,2593
1304,3017
1305,3242
1306,3131
1307,2864
1308,2526
1309,2203
1310,1898
1311,1651
1312,1407
1313,1213
1314,1062
1315,998
1316,997
1317,1033
1318,1099
1319,1145
1320,1194
1321,1163
1322,1107
1323,1071
1324,1006
1325,978
1326,951
1327,948
1328,959
1329,975
1330,998
1331,1040
1332,1057
1333,1078
1334,1101
1335,1138
1336,1148
1337,1188
1338,1309
1339,1631
1340,2106
1341,2559
1342,2954
1343,3098
1344,8
1345,999
1346,987
1347,976
1348,976
1349,1000
1350,1057
1351,1067
1352,1072
1353,1086
1354,1113
1355,1241
1356,1577
1357,2062
1358,2510
1359,2839
1360,2951
1361,2837
1362,2559
1363,2261
1364,1974
1365,1712
1366,1439
1367,1231
1368,1052
1369,944
1370,912
1371,942
1372,1020
1373,1067
1374,1095
1375,1115
1376,1099
1377,1062
1378,1008
1379,983
1380,948
1381,965
1382,973
1383,970
1384,1007
1385,1046
1386,1068
1387,1089
1388,1104
1389,1127
1390,1156
1391,1274
1392,1584
1393,2030
1394,2475
1395,2800
1396,2926
1397,2814
1398,2587
1399,2303
1400,2014
1401,1746
1402,1509
1403,1296
1404,1152
1405,1021
1406,975
1407,982
1408,1044
1409,1117
1410,1167
1411,1181
1412,1173
1413,1168
1414,1123
1415,1072
1416,1069
1417,1049
1418,1061
1419,1067
1420,1072
1421,1105
1422,1125
1423,1142
1424,1141
1425,1175
1426,1233
1427,1418
1428,1754
1429,2214
1430,2608
1431,2838
1432,2842
1433,2655
1434,2391
1435,2107
1436,1829
1437,1581
1438,1355
1439,1173
1440,1066
1441,1011
1442,1046
1443,1102
1444,1170
1445,1258
1446,1265
1447,1247
1448,1232
1449,1170
1450,1130
1451,1102
1452,1104
1453,1095
1454,1100
1455,1117
1456,1146
1457,1159
1458,1182
1459,1181
1460,1211
1461,1335
1462,1648
1463,2080
1464,2535
1465,2886
1466,2994
1467,2864
1468,2622
1469,2315
1470,2032
1471,1761
1472,1517
1473,1307
1474,1155
1475,1059
1476,1035
1477,1074
1478,1122
1479,1192
1480,1214
1481,1202
1482,1157
1483,1111
1484,1090
1485,1058
1486,1023
1487,1034
1488,1040
1489,1054
1490,1086
1491,1099
1492,1109
1493,1130
1494,1136
1495,1169
1496,1328
1497,1691
1498,2163
1499,2637
1500,2999
1501,3088
1502,2894
1503,2612
1504,2303
1505,2003
1506,1715
1507,1466
1508,1250
1509,1072
1510,975
1511,935
1512,958
1513,1021
1514,1077
1515,1136
1516,1137
1517,1115
1518,1068
1519,1023
1520,987
1521,977
1522,962
1523,959
1524,997
1525,1036
1526,1041
1527,1072
1528,1082
1529,1104
1530,1150
1531,1271
1532,1589
1533,2045
1534,2519
1535,2885
1536,2989
1537,2865
1538,2583
1539,2257
1540,1964
1541,1686
1542,1439
1543,1246
1544,1054
1545,945
1546,939
1547,953
1548,1019
1549,1101
1550,1162
1551,1179
1552,1150
1553,1139
1554,1073
1555,1058
1556,1019
1557,1014
1558,1006
1559,1008
1560,1045
1561,1070
1562,1095
1563,1111
1564,1129
1565,1143
1566,1198
1567,1375
1568,1771
1569,2271
1570,2720
1571,2991
1572,2989
1573,2763
1574,2449
1575,2123
1576,1825
1577,1535
1578,1326
1579,1136
1580,1006
1581,938
1582,951
1583,1023
1584,1127
1585,1198
1586,1232
1587,1233
1588,1183
1589,1122
1590,1097
1591,1065
1592,1073
1593,1070
1594,1067
1595,1104
1596,1117
1597,1143
1598,1139
1599,1149
1600,1167
1601,1303
1602,1618
1603,2096
1604,2555
1605,2938
1606,3024
1607,2867
1608,2559
1609,2227
1610,1904
1611,1626
1612,1364
1613,1158
1614,1008
1615,915
1616,925
1617,965
1618,1072
1619,1148
1620,1179
1621,1188
1622,1150
1623,1110
1624,1058
1625,1045
1626,1011
1627,1015
1628,1012
1629,1037
1630,1078
1631,1079
1632,1105
1633,1135
1634,1131
1635,1168
1636,1285
1637,1603
1638,2100
1639,2594
1640,2981
1641,3126
1642,2962
1643,2670
1644,2313
1645,1996
1646,1703
1647,1455
1648,1228
1649,1050
1650,921
1651,894
1652,918
1653,979
1654,1051
1655,1117
1656,1146
1657,1117
1658,1094
1659,1019
1660,983
1661,959
1662,961
1663,944
1664,947
1665,977
1666,1019
1667,1053
1668,1074
1669,1103
1670,1148
1671,1157
1672,1186
1673,1226
1674,1360
1675,1718
1676,2225
1677,2741
1678,3131
1679,3255
1680,3020
1681,2721
1682,2352
1683,2020
1684,1734
1685,1471
1686,1246
1687,1072
1688,960
1689,929
1690,959
1691,1041
1692,1121
1693,1195
1694,1197
1695,1181
1696,1121
1697,1067
1698,1040
1699,999
1700,987
1701,986
1702,1021
1703,1012
1704,1071
1705,1103
1706,1110
1707,1127
1708,1163
1709,1173
1710,1193
1711,1296
1712,1570
1713,2032
1714,2533
1715,2987
1716,3201
1717,3095
1718,2773
1719,2417
1720,2083
1721,1779
1722,1519
1723,1279
1724,1101
1725,986
1726,954
1727,990
1728,1070
1729,1149
1730,1203
1731,1220
1732,1196
1733,1149
1734,1091
1735,1062
1736,1023
1737,1011
1738,1008
1739,1020
1740,1056
1741,1081
1742,1099
1743,1115
1744,1133
1745,1147
1746,1182
1747,1362
1748,1755
1749,2254
1750,2735
1751,3035
1752,3088
1753,2896
1754,2559
1755,2224
1756,1909
1757,1653
1758,1395
1759,1196
1760,1043
1761,923
1762,927
1763,951
1764,1043
1765,1124
1766,1171
1767,1178
1768,1150
1769,1114
1770,1072
1771,1021
1772,1016
1773,987
1774,989
1775,1019
1776,1044
1777,1072
1778,1098
1779,1117
1780,1136
1781,1152
1782,1174
1783,1209
1784,1323
1785,1655
1786,2159
1787,2659
1788,3104
1789,3293
1790,3158
1791,2820
1792,2451
1793,2130
1794,1814
1795,1516
1796,1289
1797,1091
1798,972
1799,916
1800,946
1801,1006
1802,1088
1803,1136
1804,1177
1805,1179
1806,1122
1807,1074
1808,1019
1809,977
1810,972
1811,961
1812,985
1813,984
1814,1038
1815,1067
1816,1088
1817,1102
1818,1121
1819,1131
1820,1254
1821,1505
1822,1987
1823,2496
1824,2923
1825,3122
1826,3024
1827,2761
1828,2404
1829,2064
1830,1753
1831,1479
1832,1234
1833,1054
1834,961
1835,944
1836,992
1837,1073
1838,1168
1839,1213
1840,1220
1841,1174
1842,1123
1843,1072
1844,1023
1845,999
1846,988
1847,999
1848,999
1849,1054
1850,1055
1851,1067
1852,1097
1853,1091
1854,1153
1855,1310
1856,1705
1857,2218
1858,2704
1859,3043
1860,3118
1861,2894
1862,2559
1863,2209
1864,1897
1865,1575
1866,1339
1867,1121
1868,970
1869,883
1870,890
1871,945
1872,1044
1873,1117
1874,1168
1875,1168
1876,1129
1877,1074
1878,1009
1879,977
1880,953
1881,959
1882,935
1883,959
1884,986
1885,1040
1886,1057
1887,1078
1888,1094
1889,1118
1890,1137
1891,1215
1892,1455
1893,1927
1894,2470
1895,2976
1896,3280
1897,3270
1898,2954
1899,2599
1900,2231
1901,1884
1902,1607
1903,1333
1904,1122
1905,966
1906,894
1907,869
1908,919
1909,1020
1910,1105
1911,1134
1912,1129
1913,1089
1914,1039
1915,974
1916,943
1917,939
1918,912
1919,932
1920,943
1921,958
1922,999
1923,1021
1924,1061
1925,1090
1926,1097
1927,1121
1928,1156
1929,1311
1930,1664
1931,2183
1932,2703
1933,3133
1934,3280
1935,3086
1936,2754
1937,2367
1938,2017
1939,1697
1940,1424
1941,1193
1942,1012
1943,912
1944,894
1945,943
1946,1034
1947,1122
1948,1183
1949,1183
1950,1148
1951,1104
1952,1061
1953,1013
1954,981
1955,971
1956,957
1957,978
1958,1023
1959,1041
1960,1068
1961,1078
1962,1101
1963,1117
1964,1117
1965,1149
1966,1280
1967,1630
1968,2143
1969,2672
1970,3071
1971,3263
1972,3090
1973,2736
1974,2371
1975,2010
1976,1712
1977,1426
1978,1191
1979,996
1980,902
1981,880
1982,910
1983,1002
1984,1104
1985,1153
1986,1155
1987,1130
1988,1085
1989,1040
1990,998
1991,960
1992,949
1993,945
1994,953
1995,989
1996,1014
1997,1036
1998,1063
1999,1070
2000,1105
2001,1101
2002,1155
2003,1370
2004,1771
2005,2301
2006,2815
2007,3173
2008,3223
2009,2985
2010,2646
2011,2290
2012,1939
2013,1648
2014,1392
2015,1182
2016,999
2017,914
2018,892
2019,919
2020,1006
2021,1091
2022,1147
2023,1149
2024,1119
2025,1072
2026,1008
2027,976
2028,945
2029,931
2030,931
2031,944
2032,959
2033,1009
2034,1022
2035,1045
2036,1054
2037,1070
2038,1101
2039,1168
2040,1408
2041,1851
2042,2403
2043,2895
2044,3213
2045,3216
2046,2950
2047,2594
2048,2218
2049,1879
2050,1607
2051,1353
2052,1126
2053,976
2054,878
2055,886
2056,944
2057,1040
2058,1109
2059,1143
2060,1142
2061,1122
2062,1047
2063,999
2064,975
2065,944
2066,939
2067,944
2068,947
2069,1001
2070,1019
2071,1023
2072,1056
2073,1066
2074,1087
2075,1200
2076,1456
2077,1936
2078,2461
2079,2922
2080,3161
2081,3038
2082,2753
2083,2390
2084,2055
2085,1727
2086,1455
2087,1206
2088,1023
2089,911
2090,899
2091,930
2092,1015
2093,1103
2094,1191
2095,1187
2096,1155
2097,1104
2098,1040
2099,993
2100,958
2101,960
2102,945
2103,960
2104,977
2105,1021
2106,1021
2107,1062
2108,1059
2109,1085
2110,1209
2111,1535
2112,2039
2113,2559
2114,2988
2115,3179
2116,3038
2117,2704
2118,2342
2119,1983
2120,1674
2121,1431
2122,1178
2123,1007
2124,887
2125,843
2126,887
2127,961
2128,1040
2129,1116
2130,1134
2131,1120
2132,1066
2133,993
2134,961
2135,929
2136,913
2137,929
2138,911
2139,932
2140,998
2141,1010
2142,1047
2143,1061
2144,1071
2145,1098
2146,1165
2147,1407
2148,1904
2149,2445
2150,2945
2151,3301
2152,3275
2153,2945
2154,2559
2155,2208
2156,1881
2157,1583
2158,1330
2159,1104
2160,939
2161,848
2162,833
2163,887
2164,975
2165,1023
2166,1091
2167,1088
2168,1067
2169,995
2170,957
2171,905
2172,879
2173,866
2174,875
2175,879
2176,913
2177,962
2178,982
2179,1011
2180,1051
2181,1057
2182,1099
2183,1140
2184,1363
2185,1805
2186,2353
2187,2863
2188,3223
2189,3249
2190,2960
2191,2627
2192,2242
2193,1907
2194,1611
2195,1355
2196,1137
2197,976
2198,875
2199,862
2200,911
2201,991
2202,1082
2203,1135
2204,1135
2205,1119
2206,1054
2207,986
2208,935
2209,929
2210,924
2211,912
2212,931
2213,959
2214,990
2215,1037
2216,1040
2217,1045
2218,1059
2219,1136
2220,1329
2221,1766
2222,2288
2223,2785
2224,3093
2225,3117
2226,2877
2227,2524
2228,2180
2229,1843
2230,1553
2231,1298
2232,1089
2233,941
2234,873
2235,882
2236,954
2237,1056
2238,1136
2239,1175
2240,1153
2241,1134
2242,1074
2243,1023
2244,991
2245,948
2246,944
2247,955
2248,974
2249,996
2250,1042
2251,1050
2252,1063
2253,1079
2254,1109
2255,1170
2256,1411
2257,1866
2258,2396
2259,2871
2260,3184
2261,3157
2262,2864
2263,2517
2264,2159
2265,1830
2266,1521
2267,1308
2268,1107
2269,955
2270,901
2271,887
2272,947
2273,1035
2274,1084
2275,1133
2276,1125
2277,1104
2278,1047
2279,1011
2280,988
2281,955
2282,946
2283,966
2284,960
2285,988
2286,999
2287,1050
2288,1067
2289,1104
2290,1118
2291,1122
2292,1153
2293,1296
2294,1664
2295,2167
2296,2726
2297,3127
2298,3323
2299,3145
2300,2810
2301,2443
2302,2096
2303,1749
2304,1503
2305,1264
2306,1078
2307,926
2308,879
2309,909
2310,978
2311,1062
2312,1136
2313,1166
2314,1139
2315,1111
2316,1051
2317,1001
2318,979
2319,945
2320,963
2321,957
2322,971
2323,1008
2324,1040
2325,1058
2326,1074
2327,1095
2328,1094
2329,1122
2330,1166
2331,1266
2332,1585
2333,2078
2334,2614
2335,3106
2336,3337
2337,3220
2338,2871
2339,2517
2340,2148
2341,1813
2342,1522
2343,1294
2344,1079
2345,966
2346,953
2347,961
2348,1051
2349,1136
2350,1200
2351,1218
2352,1189
2353,1135
2354,1081
2355,1042
2356,1007
2357,1006
2358,979
2359,999
2360,1008
2361,1023
2362,1054
2363,1085
2364,1072
2365,1122
2366,1220
2367,1520
2368,1997
2369,2537
2370,2967
2371,3184
2372,3102
2373,2801
2374,2439
2375,2081
2376,1775
2377,1465
2378,1251
2379,1063
2380,938
2381,889
2382,907
2383,983
2384,1072
2385,1140
2386,1185
2387,1154
2388,1122
2389,1069
2390,1020
2391,989
2392,958
2393,976
2394,961
2395,972
2396,1008
2397,1056
2398,1053
2399,1086
2400,1091
2401,1121
2402,1157
2403,1323
2404,1712
2405,2240
2406,2786
2407,3231
2408,3437
2409,3234
2410,2859
2411,2461
2412,2093
2413,1776
2414,1494
2415,1230
2416,1049
2417,924
2418,883
2419,906
2420,977
2421,1067
2422,1136
2423,1130
2424,1125
2425,1073
2426,1015
2427,987
2428,941
2429,915
2430,903
2431,917
2432,919
2433,953
2434,986
2435,1035
2436,1046
2437,1070
2438,1089
2439,1169
2440,1381
2441,1808
2442,2378
2443,2863
2444,3267
2445,3323
2446,3088
2447,2698
2448,2323
2449,1980
2450,1667
2451,1390
2452,1163
2453,989
2454,896
2455,887
2456,942
2457,1014
2458,1107
2459,1163
2460,1165
2461,1134
2462,1087
2463,1042
2464,1005
2465,990
2466,970
2467,978
2468,990
2469,991
2470,1040
2471,1063
2472,1063
2473,1081
2474,1102
2475,1189
2476,1463
2477,1958
2478,2486
2479,2943
2480,3237
2481,3151
2482,2853
2483,2498
2484,2119
2485,1798
2486,1511
2487,1247
2488,1054
2489,931
2490,879
2491,920
2492,997
2493,1089
2494,1149
2495,1178
2496,1182
2497,1137
2498,1059
2499,1017
2500,999
2501,978
2502,990
2503,980
2504,1006
2505,1023
2506,1051
2507,1054
2508,1072
2509,1099
2510,1252
2511,1602
2512,2115
2513,2640
2514,3042
2515,3201
2516,3025
2517,2704
2518,2347
2519,1997
2520,1715
2521,1424
2522,1203
2523,1006
2524,903
2525,312898
2526,973
2527,1075
2528,1129
2529,1135
2530,1116
2531,1079
2532,1023
2533,1003
2534,966
2535,955
2536,945
2537,971
2538,983
2539,1023
2540,1050
2541,1059
2542,1091
2543,1115
2544,1127
2545,1178
2546,1355
2547,1771
2548,2311
2549,2821
2550,3264
2551,3392
2552,3163
2553,2768
2554,2405
2555,2043
2556,1733
2557,1461
2558,1218
2559,1035
2560,905
2561,878
2562,900
2563,979
2564,1055
2565,1103
2566,1119
2567,1109
2568,1063
2569,100
2570,3126
2571,2848
2572,2487
2573,2128
2574,1810
2575,1515
2576,1265
2577,1040
2578,896
2579,833
2580,861
2581,913
2582,1008
2583,1085
2584,1140
2585,1121
2586,1103
2587,1083
2588,1013
2589,987
2590,979
2591,970
2592,960
2593,987
2594,1005
2595,1059
2596,1071
2597,1074
2598,1082
2599,1120
2600,1226
2601,1492
2602,1975
2603,2499
2604,2949
2605,3206
2606,3109
2607,2795
2608,2450
2609,2081
2610,1776
2611,1477
2612,1232
2613,1023
2614,896
2615,846
2616,877
2617,917
2618,1021
2619,1104
2620,1122
2621,1116
2622,1079
2623,1022
2624,997
2625,972
2626,954
2627,963
2628,960
2629,994
2630,1021
2631,1036
2632,1041
2633,1070
2634,1083
2635,1154
2636,1379
2637,1823
2638,2371
2639,2845
2640,3152
2641,3152
2642,2841
2643,2515
2644,2162
2645,1839
2646,1535
2647,1280
2648,1063
2649,900
2650,809
2651,816
2652,862
2653,939
2654,1031
2655,1065
2656,1074
2657,1055
2658,1005
2659,971
2660,936
2661,927
2662,907
2663,902
2664,901
2665,960
2666,995
2667,1010
2668,1031
2669,1067
2670,1097
2671,1109
2672,1143
2673,1232
2674,1526
2675,2009
2676,2544
2677,3006
2678,3263
2679,3170
2680,2882
2681,2518
2682,2144
2683,1808
2684,1516
2685,1275
2686,1051
2687,897
2688,816
2689,819
2690,863
2691,909
2692,993
2693,1053
2694,1037
2695,1034
2696,989
2697,943
2698,928
2699,899
2700,886
2701,906
2702,925
2703,960
2704,995
2705,1017
2706,1045
2707,1078
2708,1110
2709,1136
2710,1153
2711,1215
2712,1424
2713,1815
2714,2350
2715,2813
2716,3111
2717,3146
2718,2907
2719,2580
2720,2226
2721,1907
2722,1619
2723,1366
2724,1136
2725,989
2726,893
2727,888
2728,947
2729,1023
2730,1104
2731,1165
2732,1181
2733,1152
2734,1113
2735,1069
2736,1055
2737,1008
2738,1001
2739,1019
2740,1021
2741,1056
2742,1077
2743,1102
2744,1108
2745,1136
2746,1163
2747,1185
2748,1316
2749,1641
2750,2101
2751,2603
2752,2974
2753,3149
2754,2967
2755,2673
2756,2358
2757,2033
2758,1693
2759,1451
2760,1210
2761,1036
2762,942
2763,912
2764,948
2765,1046
2766,1104
2767,1185
2768,1200
2769,1184
2770,1137
2771,1096
2772,1067
2773,1013
2774,1023
2775,1005
2776,1008
2777,1023
2778,1067
2779,1082
2780,1099
2781,1114
2782,1136
2783,1171
2784,1371
2785,1745
2786,2254
2787,2755
2788,3118
2789,3205
2790,3014
2791,2673
2792,2323
2793,1991
2794,1674
2795,1417
2796,1182
2797,1008
2798,906
2799,880
2800,931
2801,991
2802,1071
2803,1163
2804,1138
2805,1134
2806,1079
2807,1045
2808,999
2809,976
2810,986
2811,966
2812,975
2813,997
2814,1053
2815,1051
2816,1083
2817,1104
2818,1119
2819,1153
2820,1159
2821,1266
2822,1509
2823,1970
2824,2487
2825,2976
2826,3265
2827,3203
2828,2921
2829,2593
2830,2239
2831,1873
2832,1586
2833,1333
2834,1104
2835,944
2836,879
2837,880
2838,933
2839,1002
2840,1073
2841,1168
2842,1166
2843,1130
2844,1105
2845,1054
2846,1015
2847,990
2848,979
2849,977
2850,971
2851,1017
2852,1062
2853,1091
2854,1102
2855,1117
2856,1135
2857,1175
2858,1232
2859,1485
2860,1925
2861,2448
2862,2918
2863,3210
2864,3182
2865,2896
2866,2535
2867,2188
2868,1851
2869,1570
2870,1283
2871,1078
2872,959
2873,919
2874,930
2875,988
2876,1118
2877,1189
2878,1219
2879,1219
2880,1179
2881,1137
2882,1088
2883,1066
2884,1041
2885,1035
2886,1040
2887,1040
2888,1072
2889,1090
2890,1105
2891,1125
2892,1131
2893,1159
2894,1254
2895,1503
2896,1974
2897,2496
2898,2925
2899,3175
2900,3110
2901,2855
2902,2497
2903,2150
2904,1829
2905,1518
2906,1275
2907,1097
2908,935
2909,895
2910,914
2911,976
2912,1088
2913,1169
2914,1200
2915,1199
2916,1168
2917,1109
2918,1078
2919,1056
2920,1012
2921,1023
2922,1019
2923,1038
2924,1040
2925,1088
2926,1109
2927,1106
2928,1148
2929,1162
2930,1168
2931,1209
2932,1362
2933,1746
2934,2261
2935,2773
2936,3216
2937,3379
2938,3226
2939,2893
2940,2512
2941,2147
2942,1823
2943,1524
2944,1279
2945,1071
2946,918
2947,862
2948,875
2949,928
2950,1015
2951,1113
2952,1157
2953,1168
2954,1135
2955,1090
2956,1039
2957,998
2958,989
2959,982
2960,977
2961,977
2962,1005
2963,1045
2964,1069
2965,1098
2966,1126
2967,1116
2968,1169
2969,1195
2970,1273
2971,1518
2972,1966
2973,2502
2974,3025
2975,3395
2976,3381
2977,3115
2978,2720
2979,2339
2980,1994
2981,1675
2982,1406
2983,1167
2984,1008
2985,918
2986,912
2987,975
2988,1072
2989,1163
2990,1207
2991,1229
2992,1198
2993,1139
2994,1088
2995,1067
2996,1035
2997,1013
2998,1021
2999,1042
3000,1060
3001,1088
3002,1123
3003,1131
3004,1137
3005,1161
3006,1225
3007,1494
3008,1974
3009,2511
3010,2960
3011,3233
3012,3189
3013,2866
3014,2523
3015,2179
3016,1825
3017,1521
3018,1281
3019,1058
3020,915
3021,877
3022,914
3023,997
3024,1089
3025,1187
3026,1222
3027,1200
3028,1162
3029,1104
3030,1059
3031,1021
3032,996
3033,995
3034,998
3035,1010
3036,1022
3037,1070
3038,1081
3039,1094
3040,1127
3041,1149
3042,1280
3043,1637
3044,2159
3045,2699
3046,3146
3047,3362
3048,3201
3049,2819
3050,2448
3051,2083
3052,1757
3053,1474
3054,1232
3055,1019
3056,912
3057,832
3058,866
3059,929
3060,1011
3061,1091
3062,1142
3063,1120
3064,1094
3065,1039
3066,1004
3067,978
3068,950
3069,943
3070,944
3071,954
3072,1003
3073,1037
3074,1045
3075,1092
3076,1115
3077,1136
3078,1169
3079,1232
3080,1454
3081,1909
3082,2462
3083,2999
3084,3369
3085,3381
3086,3095
3087,2709
3088,2309
3089,1959
3090,1654
3091,1371
3092,1138
3093,973
3094,889
3095,881
3096,921
3097,1008
3098,1109
3099,1178
3100,1168
3101,1166
3102,1106
3103,1062
3104,1021
3105,993
3106,976
3107,990
3108,1006
3109,999
3110,1040
3111,1062
3112,1102
3113,1120
3114,1123
3115,1165
3116,1170
3117,1335
3118,1685
3119,2215
3120,2755
3121,3197
3122,3350
3123,3168
3124,2803
3125,2407
3126,2029
3127,1709
3128,1409
3129,1168
3130,985
3131,896
3132,885
3133,931
3134,1023
3135,1142
3136,1183
3137,1219
3138,1190
3139,1149
3140,1088
3141,1046
3142,1015
3143,999
3144,1019
3145,1019
3146,1038
3147,1070
3148,1072
3149,1062
3150,1107
3151,1123
3152,1148
3153,1351
3154,1731
3155,2283
3156,2791
3157,3136
3158,3299
3159,3049
3160,2704
3161,2322
3162,1964
3163,1654
3164,1362
3165,1148
3166,983
3167,880
3168,849
3169,887
3170,976
3171,1081
3172,1151
3173,1165
3174,1155
3175,1137
3176,1080
3177,1038
3178,1005
3179,991
3180,993
3181,1002
3182,1019
3183,1060
3184,1070
3185,1102
3186,1117
3187,1121
3188,1157
3189,1187
3190,1274
3191,1488
3192,1936
3193,2481
3194,3011
3195,3366
3196,3375
3197,3079
3198,2688
3199,2295
3200,1947
3201,1635
3202,1355
3203,1121
3204,960
3205,866
3206,863
3207,922
3208,994
3209,1111
3210,1168
3211,1167
3212,1150
3213,1127
3214,1055
3215,1043
3216,992
3217,991
3218,976
3219,979
3220,996
3221,1037
3222,1060
3223,1079
3224,1120
3225,1129
3226,1162
3227,1174
3228,1232
3229,1370
3230,1733
3231,2254
3232,2802
3233,3248
3234,3406
3235,3216
3236,2831
3237,2426
3238,2061
3239,1727
3240,1428
3241,1200
3242,1009
3243,906
3244,883
3245,944
3246,1039
3247,1153
3248,1230
3249,1233
3250,1217
3251,1177
3252,1119
3253,1086
3254,1059
3255,1004
3256,1004
3257,1011
3258,1011
3259,1055
3260,1069
3261,1089
3262,1107
3263,1105
3264,1119
3265,1211
3266,1408
3267,1814
3268,2375
3269,2880
3270,3293
3271,3334
3272,3057
3273,2687
3274,2300
3275,1941
3276,1634
3277,1344
3278,1123
3279,941
3280,848
3281,845
3282,911
3283,992
3284,1089
3285,1142
3286,1155
3287,1154
3288,1106
3289,1034
3290,1003
3291,990
3292,971
3293,964
3294,970
3295,994
3296,1044
3297,1040
3298,1075
3299,1095
3300,1104
3301,1135
3302,1167
3303,1322
3304,1718
3305,2256
3306,2807
3307,3248
3308,3414
3309,3217
3310,2804
3311,2426
3312,2064
3313,1738
3314,1436
3315,1183
3316,997
3317,875
3318,846
3319,850
3320,916
3321,994
3322,1083
3323,1108
3324,1114
3325,1091
3326,1013
3327,979
3328,944
3329,931
3330,949
3331,935
3332,979
3333,991
3334,1035
3335,1068
3336,1078
3337,1094
3338,1114
3339,1134
3340,1168
3341,1226
3342,1395
3343,1783
3344,2343
3345,2900
3346,3344
3347,3502
3348,3267
3349,2864
3350,2439
3351,2085
3352,1737
3353,1439
3354,1200
3355,996
3356,887
3357,877
3358,896
3359,979
3360,1088
3361,1168
3362,1171
3363,1168
3364,1136
3365,1087
3366,1051
3367,1009
3368,991
3369,977
3370,998
3371,1002
3372,1035
3373,1056
3374,1079
3375,1104
3376,1122
3377,1139
3378,1161
3379,1287
3380,1601
3381,2112
3382,2650
3383,3134
3384,3376
3385,3274
3386,2885
3387,2467
3388,2095
3389,1762
3390,1445
3391,1189
3392,983
3393,862
3394,816
3395,870
3396,944
3397,1060
3398,1136
3399,1168
3400,1152
3401,1129
3402,1077
3403,1041
3404,1014
3405,983
3406,971
3407,961
3408,999
3409,1006
3410,1051
3411,1061
3412,1082
3413,1086
3414,1114
3415,1158
3416,1350
3417,1773
3418,2320
3419,2865
3420,3323
3421,3438
3422,3193
3423,2780
3424,2370
3425,1989
3426,1664
3427,1386
3428,1136
3429,933
3430,829
3431,793
3432,844
3433,895
3434,1005
3435,1087
3436,1110
3437,1104
3438,1072
3439,1022
3440,956
3441,934
3442,926
3443,918
3444,912
3445,923
3446,974
3447,996
3448,1021
3449,1043
3450,1077
3451,1087
3452,1104
3453,1180
3454,1371
3455,1823
3456,2384
3457,2949
3458,3409
3459,3477
3460,3196
3461,2768
3462,2375
3463,1998
3464,1661
3465,1366
3466,1111
3467,917
3468,801
3469,786
3470,826
3471,910
3472,1022
3473,1090
3474,1104
3475,1117
3476,1093
3477,1023
3478,990
3479,953
3480,937
3481,926
3482,923
3483,955
3484,977
3485,1002
3486,1020
3487,1037
3488,1059
3489,1088
3490,1102
3491,1149
3492,1200
3493,1385
3494,1830
3495,2373
3496,2916
3497,3428
3498,3515
3499,3231
3500,2775
3501,2352
3502,1987
3503,1635
3504,1343
3505,1095
3506,911
3507,829
3508,815
3509,890
3510,973
3511,1111
3512,1158
3513,1173
3514,1147
3515,1115
3516,1072
3517,1043
3518,1004
3519,994
3520,966
3521,988
3522,976
3523,1021
3524,1031
3525,1040
3526,1061
3527,1073
3528,1094
3529,1232
3530,1559
3531,2096
3532,2638
3533,3114
3534,3307
3535,3152
3536,2772
3537,2368
3538,2000
3539,1680
3540,1375
3541,1131
3542,925
3543,816
3544,779
3545,829
3546,916
3547,998
3548,1099
3549,1127
3550,1107
3551,1088
3552,1033
3553,978
3554,977
3555,934
3556,934
3557,931
3558,967
3559,980
3560,1002
3561,1008
3562,1039
3563,1081
3564,1092
3565,1104
3566,1133
3567,1254
3568,1570
3569,2110
3570,2683
3571,3238
3572,3531
3573,3405
3574,3003
3575,2559
3576,2189
3577,1812
3578,1515
3579,1235
3580,1018
3581,866
3582,785
3583,816
3584,866
3585,963
3586,1057
3587,1100
3588,1089
3589,1071
3590,1015
3591,979
3592,939
3593,910
3594,914
3595,885
3596,894
3597,922
3598,963
3599,973
3600,991
3601,1034
3602,1050
3603,1089
3604,1119
3605,1133
3606,1184
3607,1201
3608,1221
3609,1243
3610,1332
3611,1628
3612,2139
3613,2751
3614,3403
3615,3779
3616,3654
3617,3271
3618,2757
3619,2346
3620,1959
3621,1609
3622,1325
3623,1094
3624,912
3625,831
3626,816
3627,848
3628,945
3629,1039
3630,1104
3631,1107
3632,1074
3633,1021
3634,957
3635,912
3636,895
3637,887
3638,877
3639,881
3640,901
3641,947
3642,965
3643,979
3644,1012
3645,1038
3646,1062
3647,1086
3648,1124
3649,1156
3650,1187
3651,1207
3652,1235
3653,1246
3654,1287
3655,1339
3656,1503
3657,1918
3658,2501
3659,3120
3660,3664
3661,3781
3662,3446
3663,2967
3664,2522
3665,2103
3666,1739
3667,1441
3668,1154
3669,982
3670,878
3671,845
3672,911
3673,979
3674,1083
3675,1169
3676,1188
3677,1147
3678,1113
3679,1041
3680,1002
3681,958
3682,947
3683,931
3684,935
3685,948
3686,961
3687,1018
3688,1039
3689,1059
3690,1088
3691,1099
3692,1131
3693,1133
3694,1242
3695,1492
3696,1987
3697,2547
3698,3071
3699,3418
3700,3341
3701,3012
3702,2611
3703,2215
3704,1882
3705,1567
3706,1303
3707,1073
3708,928
3709,838
3710,823
3711,887
3712,962
3713,1048
3714,1114
3715,1111
3716,1111
3717,1056
3718,1004
3719,973
3720,939
3721,934
3722,935
3723,946
3724,953
3725,977
3726,1005
3727,1040
3728,1066
3729,1104
3730,1118
3731,1134
3732,1167
3733,1200
3734,1335
3735,1699
3736,2247
3737,2845
3738,3431
3739,3671
3740,3494
3741,3055
3742,2634
3743,2231
3744,1861
3745,1563
3746,10511061
3747,893
3748,823
3749,816
3750,865
3751,921
3752,1008
3753,1044
3754,1079
3755,1059
3756,1003
3757,963
3758,943
3759,919
3760,912
3761,891
3762,913
3763,939
3764,983
3765,989
3766,1015
3767,1047
3768,1074
3769,1087
3770,1151
3771,1383
3772,1861
3773,2415
3774,2935
3775,3321
3776,3328
3777,3037
3778,2659
3779,2259
3780,1919
3781,1600
3782,1315
3783,1092
3784,911
3785,823
3786,791
3787,868
3788,974
3789,1057
3790,1134
3791,1133
3792,1051
3793,1002
3794,979
3795,964
3796,966
3797,967
3798,985
3799,1008
3800,1044
3801,1054
3802,1063
3803,1072
3804,1121
3805,1248
3806,1614
3807,2161
3808,2718
3809,3165
3810,3370
3811,3187
3812,2800
3813,2403
3814,2030
3815,1686
3816,1372
3817,1126
3818,936
3819,811
3820,750
3821,799
3822,896
3823,980
3824,1059
3825,1102
3826,1104
3827,1099
3828,1021
3829,974
3830,971
3831,927
3832,925
3833,940
3834,931
3835,974
3836,1011
3837,1039
3838,1047
3839,1067
3840,1122
3841,1182
3842,1441
3843,1918
3844,2499
3845,3026
3846,3382
3847,3347
3848,3043
3849,2613
3850,2243
3851,1859
3852,1535
3853,1266
3854,1037
3855,879
3856,788
3857,789
3858,853
3859,966
3860,1078
3861,1123
3862,1155
3863,1127
3864,1095
3865,1040
3866,1004
3867,987
3868,987
3869,967
3870,974
3871,991
3872,1040
3873,1059
3874,1097
3875,1084
3876,1108
3877,1182
3878,1390
3879,1840
3880,2415
3881,2947
3882,3310
3883,3319
3884,3024
3885,2618
3886,2209
3887,1850
3888,1534
3889,1264
3890,1041
3891,866
3892,816
3893,820
3894,901
3895,1011
3896,1120
3897,1155
3898,1155
3899,1150
3900,1110
3901,1061
3902,1008
3903,1003
3904,976
3905,976
3906,990
3907,1034
3908,1059
3909,1067
3910,1088
3911,1094
3912,1174
3913,1424
3914,1899
3915,2483
3916,2992
3917,3317
3918,3270
3919,2941
3920,2559
3921,2171
3922,1808
3923,1488
3924,1223
3925,996
3926,870
3927,812
3928,799
3929,870
3930,977
3931,1085
3932,1126
3933,1138
3934,1118
3935,1093
3936,1040
3937,996
3938,980
3939,966
3940,975
3941,991
3942,993
3943,1040
3944,1059
3945,1091
3946,1120
3947,1129
3948,1152
3949,1181
3950,1221
3951,1405
3952,1830
3953,2407
3954,3005
3955,3547
3956,3702
3957,3406
3958,2931
3959,2500
3960,2102
3961,1727
3962,1422
3963,1147
3964,951
3965,826
3966,782
3967,819
3968,909
3969,1001
3970,1088
3971,1134
3972,1148
3973,1134
3974,1086
3975,1039
3976,1018
3977,975
3978,987
3979,978
3980,970
3981,1015
3982,1037
3983,1059
3984,1091
3985,1106
3986,1125
3987,1149
3988,1168
3989,1253
3990,1535
3991,2037
3992,2640
3993,3213
3994,3568
3995,3459
3996,3070
3997,2635
3998,2225
3999,1856
4000,1509
4001,1232
4002,1008
4003,867
4004,809
4005,835
4006,922
4007,1040
4008,1147
4009,1187
4010,1213
4011,1199
4012,1150
4013,1104
4014,1059
4015,1063
4016,1015
4017,1012
4018,1023
4019,1035
4020,1072
4021,1074
4022,1096
4023,1086
4024,1113
4025,1211
4026,1505
4027,2016
4028,2609
4029,3099
4030,3387
4031,3282
4032,2910
4033,2506
4034,2118
4035,1764
4036,1445
4037,1182
4038,959
4039,822
4040,784
4041,833
4042,912
4043,1020
4044,1124
4045,1165
4046,1172
4047,1149
4048,1118
4049,1069
4050,1038
4051,1022
4052,1004
4053,999
4054,1015
4055,1023
4056,1072
4057,1079
4058,1098
4059,1115
4060,1134
4061,1195
4062,1404
4063,1874
4064,2441
4065,2986
4066,3440
4067,3451
4068,3150
4069,2720
4070,2317
4071,1931
4072,1605
4073,1316
4074,1088
4075,907
4076,816
4077,789
4078,844
4079,935
4080,1043
4081,1111
4082,1137
4083,1151
4084,1109
4085,1104
4086,1057
4087,1042
4088,1022
4089,1023
4090,1040
4091,1059
4092,1077
4093,1095
4094,1104
4095,1122
4096,1124
4097,1174
4098,1318
4099,1684
4100,2215
4101,2758
4102,3198
4103,3343
4104,3149
4105,2800
4106,2386
4107,2026
4108,1679
4109,1374
4110,1121
4111,923
4112,811
4113,784
4114,848
4115,926
4116,1035
4117,1143
4118,1181
4119,1172
4120,1182
4121,1152
4122,1089
4123,1049
4124,1035
4125,1037
4126,1015
4127,1023
4128,1056
4129,1075
4130,1075
4131,1121
4132,1333
4133,1749
4134,2291
4135,2801
4136,3133
4137,3165
4138,2925
4139,2559
4140,2217
4141,1849
4142,1535
4143,1253
4144,1018
4145,869
4146,822
4147,843
4148,921
4149,1063
4150,1182
4151,1232
4152,1243
4153,1227
4154,1200
4155,1133
4156,1104
4157,1085
4158,1075
4159,1073
4160,1069
4161,1075
4162,1081
4163,1088
4164,1123
4165,1261
4166,1602
4167,2148
4168,2669
4169,3119
4170,3268
4171,3088
4172,2727
4173,2339
4174,1978
4175,1625
4176,1331
4177,1091
4178,902
4179,798
4180,798
4181,846
4182,942
4183,1057
4184,1148
4185,1159
4186,1158
4187,1146
4188,1104
4189,1050
4190,1037
4191,1003
4192,1014
4193,990
4194,1033
4195,1068
4196,1056
4197,1086
4198,1087
4199,1174
4200,1422
4201,1897
4202,2474
4203,2977
4204,3313
4205,3305
4206,2965
4207,2587
4208,2205
4209,1846
4210,1515
4211,1222
4212,987
4213,846
4214,768
4215,771
4216,829
4217,924
4218,1058
4219,1101
4220,1122
4221,1123
4222,1103
4223,1063
4224,1038
4225,966
4226,972
4227,977
4228,989
4229,1013
4230,1039
4231,1069
4232,1097
4233,1088
4234,1108
4235,1145
4236,1279
4237,1659
4238,2214
4239,2779
4240,3281
4241,3510
4242,3299
4243,2899
4244,2496
4245,2096
4246,1728
4247,1403
4248,1136
4249,931
4250,794
4251,789
4252,827
4253,912
4254,1038
4255,1111
4256,1155
4257,1190
4258,1153
4259,1119
4260,1059
4261,1036
4262,1011
4263,1018
4264,1011
4265,1031
4266,1058
4267,1065
4268,1082
4269,1090
4270,1111
4271,1227
4272,1535
4273,2081
4274,2649
4275,3136
4276,3367
4277,3216
4278,2859
4279,2458
4280,2064
4281,1699
4282,1387
4283,1109
4284,907
4285,792
4286,784
4287,853
4288,962
4289,1046
4290,1148
4291,1185
4292,1166
4293,1164
4294,1114
4295,1068
4296,1040
4297,1009
4298,1006
4299,1021
4300,1021
4301,1057
4302,1073
4303,1079
4304,1079
4305,1105
4306,1235
4307,1589
4308,2149
4309,2704
4310,3180
4311,3387
4312,3218
4313,2843
4314,2429
4315,2060
4316,1693
4317,1373
4318,1105
4319,917
4320,784
4321,752
4322,786
4323,866
4324,990
4325,1073
4326,1136
4327,1133
4328,1122
4329,1088
4330,1023
4331,1003
4332,995
4333,976
4334,970
4335,966
4336,1023
4337,1040
4338,1069
4339,1075
4340,1079
4341,1110
4342,1175
4343,1383
4344,1842
4345,2415
4346,2957
4347,3399
4348,3447
4349,3157
4350,2735
4351,2316
4352,1929
4353,1603
4354,1279
4355,1040
4356,860
4357,752
4358,741
4359,807
4360,894
4361,1001
4362,1103
4363,1123
4364,1118
4365,1094
4366,1073
4367,1023
4368,997
4369,983
4370,967
4371,973
4372,999
4373,1015
4374,1062
4375,1060
4376,1057
4377,1099
4378,1131
4379,1302
4380,1679
4381,2231
4382,2800
4383,3218
4384,3360
4385,3121
4386,2731
4387,2315
4388,1931
4389,1598
4390,1271
4391,1021
4392,842
4393,774
4394,771
4395,851
4396,992
4397,1102
4398,1184
4399,1200
4400,1189
4401,1184
4402,1123
4403,1072
4404,1045
4405,1008
4406,1005
4407,1005
4408,1010
4409,1041
4410,1047
4411,1073
4412,1083
4413,1111
4414,1296
4415,1690
4416,2252
4417,2774
4418,3189
4419,3302
4420,3041
4421,2663
4422,2259
4423,1887
4424,1559
4425,1264
4426,1023
4427,848
4428,763
4429,758
4430,816
4431,917
4432,1043
4433,1103
4434,1132
4435,1121
4436,1091
4437,1056
4438,1013
4439,986
4440,973
4441,971
4442,974
4443,981
4444,997
4445,1038
4446,1050
4447,1052
4448,1085
4449,1163
4450,1423
4451,1936
4452,2489
4453,2992
4454,3347
4455,3271
4456,2958
4457,2559
4458,2161
4459,1791
4460,1465
4461,1200
4462,973
4463,815
4464,739
4465,757
4466,815
4467,910
4468,1016
4469,1073
4470,1085
4471,1072
4472,1045
4473,1005
4474,974
4475,946
4476,937
4477,937
4478,966
4479,981
4480,994
4481,1018
4482,1043
4483,1085
4484,1087
4485,1093
4486,1185
4487,1408
4488,1873
4489,2458
4490,3033
4491,3410
4492,3439
4493,3071
4494,2672
4495,2256
4496,1890
4497,1564
4498,1246
4499,1010
4500,845
4501,771
4502,774
4503,835
4504,945
4505,1063
4506,1123
4507,1164
4508,1143
4509,1105
4510,1061
4511,1023
4512,986
4513,973
4514,967
4515,989
4516,1017
4517,1040
4518,1049
4519,1078
4520,1087
4521,1105
4522,1194
4523,1456
4524,1931
4525,2506
4526,3010
4527,3341
4528,3250
4529,2902
4530,2487
4531,2106
4532,1741
4533,1406
4534,1146
4535,927
4536,770
4537,747
4538,771
4539,879
4540,981
4541,1102
4542,1141
4543,1132
4544,1126
4545,1088
4546,1042
4547,1009
4548,994
4549,963
4550,972
4551,978
4552,1008
4553,1035
4554,1055
4555,1056
4556,1071
4557,1125
4558,1331
4559,1758
4560,2329
4561,2867
4562,3262
4563,3312
4564,3020
4565,2634
4566,2231
4567,1861
4568,1531
4569,1251
4570,997
4571,830
4572,748
4573,753
4574,802
4575,898
4576,1011
4577,1088
4578,1104
4579,1098
4580,1087
4581,1018
4582,987
4583,960
4584,956
4585,943
4586,938
4587,944
4588,997
4589,1006
4590,1014
4591,1066
4592,1074
4593,1127
4594,1138
4595,1291
4596,1664
4597,2226
4598,2805
4599,3299
4600,3506
4601,3261
4602,2847
4603,2439
4604,2063
4605,1698
4606,1380
4607,1109
4608,916
4609,782
4610,743
4611,784
4612,866
4613,972
4614,1072
4615,1117
4616,1122
4617,1111
4618,1091
4619,1023
4620,990
4621,957
4622,951
4623,963
4624,961
4625,1004
4626,1023
4627,1044
4628,1056
4629,1072
4630,1107
4631,1174
4632,1427
4633,1907
4634,2485
4635,3015
4636,3339
4637,3280
4638,2941
4639,2544
4640,2139
4641,1779
4642,1438
4643,1151
4644,946
4645,799
4646,766
4647,816
4648,895
4649,1043
4650,1139
4651,1191
4652,1199
4653,1173
4654,1138
4655,1097
4656,1042
4657,1023
4658,1010
4659,999
4660,1010
4661,1010
4662,1062
4663,1072
4664,1079
4665,1098
4666,1149
4667,1337
4668,1768
4669,2343
4670,2896
4671,3280
4672,3329
4673,3029
4674,2629
4675,2217
4676,1861
4677,1503
4678,1247
4679,999
4680,848
4681,779
4682,786
4683,863
4684,975
4685,1101
4686,1159
4687,1177
4688,1154
4689,1119
4690,1071
4691,1043
4692,1009
4693,1002
4694,976
4695,985
4696,1019
4697,1041
4698,1059
4699,1086
4700,1088
4701,1121
4702,1184
4703,1404
4704,1840
4705,2442
4706,2992
4707,3446
4708,3458
4709,3144
4710,2704
4711,2310
4712,1914
4713,1585
4714,1287
4715,1040
4716,870
4717,769
4718,770
4719,818
4720,933
4721,1043
4722,1107
4723,1132
4724,1117
4725,1104
4726,1023
4727,989
4728,951
4729,928
4730,942
4731,954
4732,961
4733,990
4734,1019
4735,1051
4736,1072
4737,1092
4738,1114
4739,1181
4740,1415
4741,1879
4742,2479
4743,3049
4744,3491
4745,3493
4746,3155
4747,2704
4748,2310
4749,1918
4750,1593
4751,1296
4752,1060
4753,887
4754,789
4755,786
4756,851
4757,950
4758,1063
4759,1136
4760,1145
4761,1145
4762,1123
4763,1062
4764,1013
4765,1013
4766,978
4767,973
4768,976
4769,996
4770,1033
4771,1058
4772,1088
4773,1091
4774,1104
4775,1168
4776,1390
4777,1856
4778,2461
4779,3008
4780,3404
4781,3379
4782,3031
4783,2627
4784,2222
4785,1839
4786,1507
4787,1230
4788,982
4789,852
4790,789
4791,798
4792,895
4793,994
4794,1123
4795,1161
4796,1168
4797,1146
4798,1105
4799,1058
4800,1036
4801,1000
4802,966
4803,976
4804,991
4805,1030
4806,1038
4807,1061
4808,1086
4809,1091
4810,1123
4811,1247
4812,1594
4813,2118
4814,2693
4815,3193
4816,3401
4817,3217
4818,2832
4819,2416
4820,2039
4821,1689
4822,1376
4823,1098
4824,909
4825,784
4826,753
4827,784
4828,865
4829,993
4830,1072
4831,1111
4832,1134
4833,1111
4834,1072
4835,1023
4836,987
4837,976
4838,973
4839,960
4840,980
4841,1005
4842,1041
4843,1068
4844,1082
4845,1090
4846,1122
4847,1139
4848,1226
4849,1502
4850,1990
4851,2583
4852,3133
4853,3476
4854,3415
4855,3024
4856,2596
4857,2191
4858,1840
4859,1504
4860,1232
4861,1010
4862,852
4863,784
4864,794
4865,873
4866,966
4867,1072
4868,1131
4869,1153
4870,1159
4871,1119
4872,1072
4873,1018
4874,1011
4875,999
4876,992
4877,982
4878,1010
4879,1059
4880,1071
4881,1094
4882,1110
4883,1130
4884,1158
4885,1203
4886,1399
4887,1831
4888,2432
4889,2976
4890,3408
4891,3438
4892,3111
4893,2679
4894,2265
4895,1877
4896,1535
4897,1266
4898,1023
4899,869
4900,811
4901,821
4902,925
4903,1040
4904,1134
4905,1201
4906,1209
4907,1178
4908,1145
4909,1088
4910,1035
4911,1010
4912,995
4913,982
4914,1008
4915,1017
4916,1054
4917,1070
4918,1104
4919,1111
4920,1136
4921,1210
4922,1495
4923,1983
4924,2559
4925,3088
4926,3391
4927,3281
4928,2908
4929,2498
4930,2129
4931,1754
4932,1453
4933,1188
4934,976
4935,832
4936,776
4937,788
4938,895
4939,995
4940,1077
4941,1143
4942,1149
4943,1132
4944,1079
4945,1038
4946,1019
4947,974
4948,962
4949,961
4950,974
4951,1007
4952,1037
4953,1051
4954,1072
4955,1095
4956,70
4957,261150
4958,1195
4959,1413
4960,1856
4961,2448
4962,3031
4963,3474
4964,3549
4965,3190
4966,2751
4967,2336
4968,1951
4969,1605
4970,1307
4971,1069
4972,873
4973,766
4974,751
4975,781
4976,869
4977,991
4978,1099
4979,1110
4980,1110
4981,1101
4982,1051
4983,979
4984,959
4985,953
4986,959
4987,955
4988,975
4989,1001
4990,1040
4991,1044
4992,1078
4993,1098
4994,1123
4995,1142
4996,1195
4997,1347
4998,1703
4999,2291
5000,2876
5001,340570
5002,2629
5003,2219
5004,1856
5005,1533
5006,1262
5007,1040
5008,907
5009,839
5010,871
5011,942
5012,1062
5013,1163
5014,1222
5015,1216
5016,1199
5017,1165
5018,1119
5019,1063
5020,1040
5021,1021
5022,1040
5023,1041
5024,1053
5025,1094
5026,1116
5027,1134
5028,1123
5029,1173
5030,1195
5031,1399
5032,1819
5033,2383
5034,2918
5035,3321
5036,3398
5037,3102
5038,2697
5039,2314
5040,1935
5041,1617
5042,1346
5043,1104
5044,941
5045,852
5046,829
5047,895
5048,976
5049,1086
5050,1183
5051,1189
5052,1178
5053,1136
5054,1072
5055,1034
5056,1020
5057,994
5058,987
5059,1007
5060,1014
5061,1069
5062,1079
5063,1093
5064,1119
5065,1152
5066,1151
5067,1179
5068,1235
5069,1451
5070,1892
5071,2480
5072,3055
5073,3511
5074,3563
5075,3189
5076,2752
5077,2338
5078,1958
5079,1650
5080,1371
5081,1137
5082,953
5083,827
5084,784
5085,839
5086,929
5087,1023
5088,1111
5089,1161
5090,1155
5091,1123
5092,1055
5093,1007
5094,993
5095,959
5096,963
5097,957
5098,976
5099,994
5100,1037
5101,1064
5102,1093
5103,1104
5104,1127
5105,1157
5106,1199
5107,1369
5108,1773
5109,2347
5110,2888
5111,3318
5112,3429
5113,3141
5114,2743
5115,2309
5116,1949
5117,1622
5118,1353
5119,1115
5120,926
5121,829
5122,815
5123,876
5124,973
5125,1079
5126,1157
5127,1200
5128,1168
5129,1143
5130,1072
5131,1073
5132,1007
5133,979
5134,985
5135,977
5136,1007
5137,1050
5138,1070
5139,1086
5140,1119
5141,1131
5142,1155
5143,1187
5144,1233
5145,1405
5146,1808
5147,2365
5148,2867
5149,3275
5150,3334
5151,3011
5152,2628
5153,2252
5154,1898
5155,1580
5156,1326
5157,1110
5158,959
5159,870
5160,843
5161,914
5162,1007
5163,1113
5164,1171
5165,1185
5166,1184
5167,1140
5168,1073
5169,1045
5170,1015
5171,989
5172,994
5173,1019
5174,1023
5175,1077
5176,1088
5177,1116
5178,1136
5179,1162
5180,1186
5181,1206
5182,1344
5183,1700
5184,2209
5185,2767
5186,3220
5187,3382
5188,3167
5189,2790
5190,2403
5191,2025
5192,1735
5193,1445
5194,1221
5195,1044
5196,890
5197,860
5198,869
5199,945
5200,998
5201,1110
5202,1157
5203,1154
5204,1149
5205,1088
5206,1021
5207,994
5208,973
5209,969
5210,967
5211,987
5212,1004
5213,1049
5214,1066
5215,1102
5216,1114
5217,1146
5218,1157
5219,1175
5220,1213
5221,1264
5222,1475
5223,1939
5224,2523
5225,3095
5226,3506
5227,3583
5228,3202
5229,2735
5230,2354
5231,1973
5232,1667
5233,1405
5234,1170
5235,1004
5236,893
5237,857
5238,882
5239,986
5240,1088
5241,1163
5242,1173
5243,1152
5244,1123
5245,1056
5246,1005
5247,991
5248,986
5249,949
5250,967
5251,977
5252,1015
5253,1013
5254,1054
5255,1072
5256,1093
5257,1131
5258,1141
5259,1179
5260,1245
5261,1437
5262,1885
5263,2438
5264,3009
5265,3399
5266,3362
5267,3093
5268,2691
5269,2269
5270,1901
5271,1591
5272,1322
5273,1114
5274,915
5275,847
5276,868
5277,919
5278,1039
5279,1137
5280,1195
5281,1219
5282,1190
5283,1147
5284,1086
5285,1023
5286,1007
5287,998
5288,977
5289,997
5290,1040
5291,1045
5292,1073
5293,1088
5294,1104
5295,1121
5296,1143
5297,1200
5298,1328
5299,1693
5300,2246
5301,2819
5302,3280
5303,3409
5304,3145
5305,2743
5306,2345
5307,1968
5308,1635
5309,1374
5310,1147
5311,955
5312,846
5313,825
5314,862
5315,965
5316,1061
5317,1134
5318,1153
5319,1137
5320,1104
5321,1041
5322,979
5323,957
5324,944
5325,944
5326,933
5327,963
5328,983
5329,1008
5330,1041
5331,1077
5332,1091
5333,1123
5334,1149
5335,1176
5336,1184
5337,1244
5338,1424
5339,1822
5340,2416
5341,3024
5342,3507
5343,3597
5344,3323
5345,2838
5346,2431
5347,2024
5348,1702
5349,1442
5350,1200
5351,993
5352,860
5353,799
5354,821
5355,895
5356,993
5357,1074
5358,1119
5359,1107
5360,1072
5361,1010
5362,957
5363,942
5364,907
5365,903
5366,914
5367,919
5368,973
5369,1006
5370,1008
5371,1047
5372,1081
5373,1098
5374,1129
5375,1145
5376,1199
5377,1203
5378,1232
5379,1291
5380,1510
5381,1971
5382,2581
5383,3162
5384,3607
5385,3606
5386,3206
5387,2751
5388,2335
5389,1972
5390,1654
5391,1391
5392,1152
5393,976
5394,866
5395,840
5396,880
5397,965
5398,1066
5399,1139
5400,1162
5401,1138
5402,1109
5403,1040
5404,994
5405,983
5406,960
5407,945
5408,945
5409,977
5410,1023
5411,1042
5412,1058
5413,1078
5414,1098
5415,1114
5416,1152
5417,1330
5418,1743
5419,2286
5420,2803
5421,3174
5422,3230
5423,2965
5424,2580
5425,2192
5426,1845
5427,1535
5428,1296
5429,1073
5430,895
5431,835
5432,848
5433,914
5434,1037
5435,1143
5436,1215
5437,1229
5438,1186
5439,1135
5440,1083
5441,1040
5442,1005
5443,982
5444,993
5445,990
5446,1005
5447,1065
5448,1070
5449,1071
5450,1089
5451,1106
5452,1229
5453,1518
5454,2019
5455,2559
5456,3037
5457,3254
5458,3095
5459,2736
5460,2349
5461,1983
5462,1685
5463,1396
5464,1159
5465,967
5466,863
5467,812
5468,839
5469,935
5470,1023
5471,1106
5472,1136
5473,1109
5474,1083
5475,1022
5476,972
5477,947
5478,937
5479,915
5480,943
5481,961
5482,997
5483,1015
5484,1050
5485,1055
5486,1094
5487,1138
5488,1305
5489,1680
5490,2251
5491,2785
5492,3184
5493,3226
5494,2986
5495,2618
5496,2262
5497,1919
5498,1629
5499,1370
5500,1142
5501,957
5502,844
5503,810
5504,827
5505,889
5506,960
5507,1040
5508,1063
5509,1056
5510,1008
5511,971
5512,931
5513,924
5514,913
5515,905
5516,929
5517,960
5518,976
5519,1013
5520,1046
5521,1063
5522,1086
5523,1108
5524,1137
5525,1271
5526,1632
5527,2129
5528,2658
5529,3013
5530,3099
5531,2896
5532,2559
5533,2240
5534,1904
5535,1616
5536,1367
5537,1151
5538,981
5539,863
5540,824
5541,849
5542,935
5543,1003
5544,1105
5545,1117
5546,1107
5547,1071
5548,1021
5549,1008
5550,969
5551,965
5552,977
5553,967
5554,1007
5555,1010
5556,1053
5557,1087
5558,1104
5559,1109
5560,1143
5561,1193
5562,1328
5563,1634
5564,2070
5565,2483
5566,2764
5567,2826
5568,2655
5569,2410
5570,2118
5571,1837
5572,1622
5573,1410
5574,1246
5575,1104
5576,1022
5577,1014
5578,1071
5579,1127
5580,1213
5581,1263
5582,1263
5583,1236
5584,1195
5585,1154
5586,1136
5587,1135
5588,1131
5589,1119
5590,1145
5591,1167
5592,1209
5593,1200
5594,1216
5595,1218
5596,1245
5597,1328
5598,1567
5599,1939
5600,2355
5601,2670
5602,2789
5603,2681
5604,2507
5605,2250
5606,2009
5607,1792
5608,1585
5609,1412
5610,1264
5611,1136
5612,1129
5613,1136
5614,1190
5615,1227
5616,1290
5617,1298
5618,1283
5619,1242
5620,1182
5621,1155
5622,1136
5623,1135
5624,1122
5625,1134
5626,1135
5627,1170
5628,1184
5629,1214
5630,1225
5631,1245
5632,1249
5633,1264
5634,1299
5635,1361
5636,1615
5637,1983
5638,2401
5639,2741
5640,2896
5641,2818
5642,2633
5643,2393
5644,2155
5645,1914
5646,1723
5647,1533
5648,1353
5649,1233
5650,1165
5651,1152
5652,1174
5653,1201
5654,1238
5655,1273
5656,1269
5657,1231
5658,1204
5659,1167
5660,1138
5661,1134
5662,1121
5663,1131
5664,1147
5665,1143
5666,1170
5667,1199
5668,1199
5669,1211
5670,1216
5671,1249
5672,1275
5673,1266
5674,1337
5675,1486
5676,1799
5677,2198
5678,2557
5679,2800
5680,2829
5681,2672
5682,2443
5683,2190
5684,1965
5685,1733
5686,1535
5687,1382
5688,1263
5689,1183
5690,1170
5691,1193
5692,1244
5693,1293
5694,1311
5695,1325
5696,1260
5697,1207
5698,1179
5699,1147
5700,1130
5701,1136
5702,1136
5703,1127
5704,1155
5705,1194
5706,1194
5707,1203
5708,1223
5709,1232
5710,1272
5711,1381
5712,1651
5713,2046
5714,2461
5715,2759
5716,2835
5717,2709
5718,2471
5719,2215
5720,1968
5721,1739
5722,1523
5723,1311
5724,1168
5725,1084
5726,1070
5727,1098
5728,1140
5729,1202
5730,1246
5731,1216
5732,1182
5733,1123
5734,1088
5735,1067
5736,1035
5737,1031
5738,1045
5739,1051
5740,1059
5741,1081
5742,1109
5743,1133
5744,1130
5745,1155
5746,1185
5747,1321
5748,1615
5749,2073
5750,2503
5751,2827
5752,2889
5753,2752
5754,2475
5755,2173
5756,1885
5757,1637
5758,1423
5759,1217
5760,1083
5761,976
5762,939
5763,955
5764,1010
5765,1084
5766,1136
5767,1165
5768,1130
5769,1110
5770,1040
5771,1023
5772,1013
5773,1021
5774,1002
5775,1036
5776,1056
5777,1074
5778,1099
5779,1130
5780,1153
5781,1162
5782,1181
5783,1203
5784,1315
5785,1575
5786,2005
5787,2481
5788,2864
5789,3009
5790,2881
5791,2629
5792,2309
5793,1967
5794,1728
5795,1488
5796,1296
5797,1137
5798,1017
5799,959
5800,965
5801,1013
5802,1116
5803,1175
5804,1200
5805,1199
5806,1185
5807,1119
5808,1088
5809,1072
5810,1072
5811,1056
5812,1086
5813,1114
5814,1126
5815,1168
5816,1145
5817,1174
5818,1216
5819,1207
5820,1292
5821,1474
5822,1845
5823,2315
5824,2705
5825,2919
5826,2863
5827,2635
5828,2336
5829,2023
5830,1751
5831,1507
5832,1321
5833,1136
5834,1023
5835,992
5836,1023
5837,1091
5838,1222
5839,1273
5840,1285
5841,1273
5842,1242
5843,1186
5844,1145
5845,1107
5846,1101
5847,1099
5848,1099
5849,1132
5850,1170
5851,1195
5852,1210
5853,1225
5854,1241
5855,1250
5856,1290
5857,1439
5858,1780
5859,2266
5860,2709
5861,3020
5862,3085
5863,2829
5864,2509
5865,2183
5866,1882
5867,1629
5868,1403
5869,1206
5870,1098
5871,994
5872,1003
5873,1052
5874,1136
5875,1214
5876,1251
5877,1263
5878,1225
5879,1183
5880,1140
5881,1114
5882,1085
5883,1077
5884,1078
5885,1111
5886,1136
5887,1168
5888,1181
5889,1186
5890,1209
5891,1226
5892,1265
5893,1427
5894,1762
5895,2256
5896,2717
5897,3051
5898,3099
5899,2910
5900,2587
5901,2269
5902,1963
5903,1704
5904,1466
5905,1258
5906,1115
5907,1015
5908,990
5909,1011
5910,1103
5911,1174
5912,1232
5913,1243
5914,1232
5915,1176
5916,1134
5917,1113
5918,1082
5919,1088
5920,1097
5921,1118
5922,1154
5923,1162
5924,1174
5925,1200
5926,1218
5927,1229
5928,1253
5929,1278
5930,1417
5931,1749
5932,2222
5933,2699
5934,3067
5935,3194
5936,2974
5937,2655
5938,2320
5939,1987
5940,1711
5941,1486
5942,1264
5943,1119
5944,1031
5945,1010
5946,1059
5947,1147
5948,1220
5949,1267
5950,1280
5951,1259
5952,1216
5953,1174
5954,1129
5955,1111
5956,1107
5957,1106
5958,1105
5959,1153
5960,1182
5961,1181
5962,1205
5963,1235
5964,1244
5965,1253
5966,1276
5967,1477
5968,1845
5969,2353
5970,2803
5971,3120
5972,3123
5973,2861
5974,2525
5975,2191
5976,1889
5977,1617
5978,1387
5979,1205
5980,1085
5981,1008
5982,1042
5983,1105
5984,1205
5985,1282
5986,1327
5987,1282
5988,1257
5989,1184
5990,1147
5991,1103
5992,1104
5993,1088
5994,1104
5995,1110
5996,1149
5997,1182
5998,1193
5999,1200
6000,1203
6001,1221
6002,1294
6003,1482
6004,1906
6005,2397
6006,2849
6007,3113
6008,3103
6009,2827
6010,2497
6011,2160
6012,1842
6013,1585
6014,1375
6015,1183
6016,1059
6017,994
6018,982
6019,1055
6020,1129
6021,1233
6022,1264
6023,1241
6024,1216
6025,1168
6026,1120
6027,1087
6028,1085
6029,1069
6030,1079
6031,1086
6032,1106
6033,1154
6034,1177
6035,1213
6036,1229
6037,1230
6038,1247
6039,1267
6040,1312
6041,1463
6042,1802
6043,2319
6044,2821
6045,3247
6046,3347
6047,3122
6048,2773
6049,2387
6050,2063
6051,1777
6052,1535
6053,1309
6054,1136
6055,1023
6056,1003
6057,1023
6058,1079
6059,1168
6060,1233
6061,1241
6062,1211
6063,1168
6064,1117
6065,1090
6066,1067
6067,1044
6068,1053
6069,1072
6070,1078
6071,1105
6072,1126
6073,1168
6074,1171
6075,1199
6076,1227
6077,1247
6078,1280
6079,1296
6080,1328
6081,1502
6082,1840
6083,2384
6084,2899
6085,3317
6086,3440
6087,3216
6088,2807
6089,2418
6090,2064
6091,1783
6092,1508
6093,1280
6094,1124
6095,1014
6096,1015
6097,1047
6098,1139
6099,1223
6100,1294
6101,1296
6102,1271
6103,1197
6104,1145
6105,1102
6106,1077
6107,1071
6108,1055
6109,1062
6110,1072
6111,1117
6112,1152
6113,1165
6114,1181
6115,1226
6116,1230
6117,1259
6118,1277
6119,1430
6120,1754
6121,2267
6122,2770
6123,3213
6124,3350
6125,3149
6126,7
6127,1252401
6128,2058
6129,1757
6130,1483
6131,1252
6132,1079
6133,998
6134,989
6135,1050
6136,1142
6137,1246
6138,1297
6139,1296
6140,1258
6141,1201
6142,1143
6143,1097
6144,1072
6145,1067
6146,1087
6147,1088
6148,1106
6149,1139
6150,1155
6151,1169
6152,1178
6153,1179
6154,1217
6155,1375
6156,1747
6157,2273
6158,2785
6159,3200
6160,3311
6161,3055
6162,2707
6163,2330
6164,1998
6165,1699
6166,1433
6167,1215
6168,1054
6169,945
6170,97
6171,1253
6172,1257
6173,1244
6174,1183
6175,1111
6176,1077
6177,1059
6178,1057
6179,1061
6180,1059
6181,1110
6182,1115
6183,1133
6184,1157
6185,1167
6186,1229
6187,1446
6188,1863
6189,2363
6190,2787
6191,3083
6192,3067
6193,2837
6194,2496
6195,2173
6196,1889
6197,1621
6198,1366
6199,1198
6200,1055
6201,976
6202,988
6203,1042
6204,1134
6205,1202
6206,1249
6207,1226
6208,1166
6209,1108
6210,1085
6211,1043
6212,1038
6213,1022
6214,1040
6215,1039
6216,1095
6217,1105
6218,1114
6219,1131
6220,1152
6221,1214
6222,1354
6223,1683
6224,2191
6225,2690
6226,3056
6227,3168
6228,2995
6229,2689
6230,2357
6231,2039
6232,1756
6233,1489
6234,1280
6235,1101
6236,990
6237,961
6238,991
6239,1088
6240,1141
6241,1206
6242,1222
6243,1189
6244,1136
6245,1086
6246,1067
6247,1023
6248,1043
6249,1067
6250,1059
6251,1094
6252,1111
6253,1125
6254,1156
6255,1155
6256,1250
6257,1509
6258,1932
6259,2391
6260,2749
6261,2915
6262,2830
6263,2581
6264,2282
6265,1987
6266,1713
6267,1475
6268,1293
6269,1115
6270,1054
6271,1023
6272,1094
6273,1183
6274,1271
6275,1314
6276,1318
6277,1271
6278,1217
6279,1175
6280,1152
6281,1129
6282,1122
6283,1144
6284,1157
6285,1165
6286,1182
6287,1185
6288,1217
6289,1249
6290,1390
6291,1689
6292,2110
6293,2500
6294,2735
6295,2784
6296,2655
6297,2413
6298,2144
6299,1904
6300,1687
6301,1475
6302,1298
6303,1184
6304,1106
6305,1126
6306,1150
6307,1207
6308,1286
6309,1305
6310,1308
6311,1295
6312,1234
6313,1198
6314,1179
6315,1186
6316,1186
6317,1195
6318,1209
6319,1230
6320,1239
6321,1247
6322,1282
6323,1350
6324,1535
6325,1858
6326,2224
6327,2503
6328,2639
6329,2621
6330,2464
6331,2289
6332,2080
6333,1898
6334,1728
6335,1555
6336,1431
6337,1326
6338,1294
6339,1299
6340,1330
6341,1360
6342,1399
6343,1422
6344,1411
6345,1367
6346,1317
6347,1298
6348,1282
6349,1275
6350,1285
6351,1275
6352,1299
6353,1331
6354,1358
6355,1358
6356,1365
6357,1411
6358,1535
6359,1769
6360,2077
6361,2357
6362,2529
6363,2586
6364,2507
6365,2340
6366,2157
6367,2001
6368,1839
6369,1683
6370,1535
6371,1472
6372,1421
6373,1393
6374,1408
6375,1431
6376,1474
6377,1470
6378,1481
6379,1455
6380,1415
6381,1373
6382,1380
6383,1357
6384,1372
6385,1360
6386,1363
6387,1370
6388,1383
6389,1375
6390,1411
6391,1477
6392,1630
6393,1889
6394,2134
6395,2331
6396,2397
6397,2379
6398,2244
6399,2095
6400,1952
6401,1800
6402,1658
6403,1559
6404,1475
6405,1429
6406,1449
6407,1470
6408,1509
6409,1517
6410,1535
6411,1531
6412,1469
6413,1453
6414,1412
6415,1392
6416,1373
6417,1371
6418,1375
6419,1387
6420,1375
6421,1375
6422,1409
6423,1425
6424,1473
6425,1626
6426,1869
6427,2128
6428,2358
6429,2448
6430,2451
6431,2359
6432,2224
6433,2092
6434,1936
6435,1839
6436,1685
6437,1589
6438,1515
6439,1505
6440,1520
6441,1531
6442,1562
6443,1587
6444,1586
6445,1535
6446,1499
6447,1461
6448,1441
6449,1398
6450,1378
6451,1387
6452,1392
6453,1366
6454,1377
6455,1391
6456,1357
6457,1358
6458,1439
6459,1533
6460,1771
6461,2076
6462,2370
6463,2590
6464,2630
6465,2548
6466,2404
6467,2234
6468,2038
6469,1879
6470,1712
6471,1567
6472,1451
6473,1365
6474,1344
6475,1357
6476,1367
6477,1381
6478,1392
6479,1371
6480,1346
6481,1302
6482,1277
6483,1247
6484,1232
6485,1231
6486,1227
6487,1226
6488,1235
6489,1257
6490,1281
6491,1288
6492,1299
6493,1334
6494,1474
6495,1711
6496,2022
6497,2326
6498,2515
6499,2558
6500,2491
6501,2330
6502,2146
6503,1966
6504,1781
6505,1620
6506,1483
6507,1369
6508,1328
6509,1325
6510,1344
6511,1370
6512,1405
6513,1431
6514,1407
6515,1363
6516,1319
6517,1293
6518,1257
6519,1247
6520,1238
6521,1232
6522,1233
6523,1269
6524,1274
6525,1296
6526,1302
6527,1365
6528,1494
6529,1770
6530,2092
6531,2359
6532,2532
6533,2550
6534,2432
6535,2250
6536,2075
6537,1863
6538,1674
6539,1527
6540,1394
6541,1303
6542,1279
6543,1310
6544,1328
6545,1378
6546,1421
6547,1402
6548,1395
6549,1334
6550,1295
6551,1253
6552,1246
6553,1219
6554,1216
6555,1226
6556,1243
6557,1241
6558,1257
6559,1264
6560,1283
6561,1319
6562,1474
6563,1759
6564,2116
6565,2465
6566,2641
6567,2643
6568,2512
6569,2282
6570,2054
6571,1844
6572,1655
6573,1504
6574,1338
6575,1249
6576,1209
6577,1214
6578,1251
6579,1310
6580,1343
6581,1355
6582,1344
6583,1278
6584,1255
6585,1238
6586,1205
6587,1207
6588,1195
6589,1203
6590,1241
6591,1266
6592,1280
6593,1282
6594,1278
6595,1268
6596,1312
6597,1365
6598,1509
6599,1787
6600,2164
6601,2539
6602,2755
6603,2821
6604,2669
6605,2448
6606,2192
6607,1952
6608,1741
6609,1535
6610,1369
6611,1270
6612,1202
6613,1187
6614,1232
6615,1296
6616,1338
6617,1366
6618,1347
6619,1317
6620,1262
6621,1231
6622,1189
6623,1182
6624,1168
6625,1168
6626,1189
6627,1205
6628,1233
6629,1250
6630,1271
6631,1285
6632,1319
6633,1318
6634,1342
6635,1447
6636,1675
6637,2062
6638,2452
6639,2769
6640,2904
6641,2832
6642,2635
6643,2336
6644,2082
6645,1831
6646,1622
6647,1430
6648,1290
6649,1190
6650,1168
6651,1200
6652,1264
6653,1322
6654,1391
6655,1383
6656,1360
6657,1299
6658,1271
6659,1230
6660,1200
6661,1181
6662,1198
6663,1185
6664,1200
6665,1217
6666,1253
6667,1278
6668,1296
6669,1297
6670,1315
6671,1364
6672,1566
6673,1916
6674,2336
6675,2709
6676,2913
6677,2910
6678,2711
6679,2429
6680,2142
6681,1856
6682,1632
6683,1441
6684,1260
6685,1183
6686,1151
6687,1183
6688,1267
6689,1349
6690,1395
6691,1421
6692,1392
6693,1341
6694,1274
6695,1248
6696,1225
6697,1200
6698,1184
6699,1194
6700,1222
6701,1239
6702,1267
6703,1274
6704,1276
6705,1277
6706,1315
6707,1456
6708,1779
6709,2192
6710,2595
6711,2896
6712,2969
6713,2799
6714,2531
6715,2225
6716,1943
6717,1707
6718,1482
6719,1304
6720,1177
6721,1103
6722,1107
6723,1181
6724,1242
6725,1332
6726,1363
6727,1345
6728,1333
6729,1254
6730,1213
6731,1194
6732,1159
6733,1129
6734,1138
6735,1166
6736,1174
6737,1205
6738,1216
6739,1232
6740,1261
6741,1254
6742,1281
6743,1392
6744,1678
6745,2097
6746,2551
6747,2922
6748,3088
6749,2972
6750,2701
6751,2382
6752,2069
6753,1792
6754,1535
6755,1319
6756,1155
6757,1069
6758,1013
6759,1053
6760,1122
6761,1215
6762,1281
6763,1296
6764,1292
6765,1254
6766,1213
6767,1184
6768,1147
6769,1123
6770,1122
6771,1119
6772,1137
6773,1174
6774,1178
6775,1203
6776,1228
6777,1234
6778,1261
6779,1287
6780,1362
6781,1579
6782,1986
6783,2468
6784,2915
6785,3182
6786,3153
6787,2870
6788,2525
6789,2189
6790,1878
6791,1600
6792,1358
6793,1181
6794,1072
6795,1047
6796,1088
6797,1168
6798,1269
6799,1315
6800,1330
6801,1316
6802,1267
6803,1212
6804,1169
6805,1151
6806,1143
6807,1131
6808,1131
6809,1145
6810,1171
6811,1198
6812,1214
6813,1228
6814,1225
6815,1281
6816,1425
6817,1753
6818,2239
6819,2720
6820,3030
6821,3101
6822,2926
6823,2599
6824,2256
6825,1920
6826,1635
6827,1377
6828,1197
6829,1053
6830,986
6831,1014
6832,1085
6833,1180
6834,1292
6835,1322
6836,1303
6837,1283
6838,1213
6839,1175
6840,1138
6841,1115
6842,1095
6843,1104
6844,1129
6845,1138
6846,1188
6847,1189
6848,1193
6849,1218
6850,1217
6851,1296
6852,1535
6853,1969
6854,2480
6855,2931
6856,3177
6857,3128
6858,2846
6859,2506
6860,2159
6861,1853
6862,1563
6863,1319
6864,1141
6865,1021
6866,963
6867,983
6868,1056
6869,1145
6870,1231
6871,1259
6872,1244
6873,1206
6874,1127
6875,1094
6876,1087
6877,1055
6878,1023
6879,1046
6880,1072
6881,1116
6882,1118
6883,1147
6884,1158
6885,1169
6886,1199
6887,1221
6888,1364
6889,1710
6890,2190
6891,2673
6892,3050
6893,3205
6894,3018
6895,2718
6896,2368
6897,2019
6898,1716
6899,1462
6900,1237
6901,1075
6902,977
6903,964
6904,1009
6905,1090
6906,1213
6907,1270
6908,1274
6909,1233
6910,1207
6911,1159
6912,1123
6913,1088
6914,1063
6915,1067
6916,1072
6917,1116
6918,1133
6919,1169
6920,1186
6921,1200
6922,1211
6923,1232
6924,1337
6925,1616
6926,2082
6927,2559
6928,2991
6929,3187
6930,3030
6931,2743
6932,2385
6933,2032
6934,1727
6935,1456
6936,1243
6937,1066
6938,999
6939,999
6940,1072
6941,1183
6942,1270
6943,1319
6944,1322
6945,1295
6946,1237
6947,1171
6948,1139
6949,1115
6950,1111
6951,1127
6952,1114
6953,1152
6954,1158
6955,1184
6956,1194
6957,1205
6958,1235
6959,1356
6960,1685
6961,2137
6962,2626
6963,2991
6964,3134
6965,2977
6966,2683
6967,2333
6968,1989
6969,1701
6970,1427
6971,1200
6972,1061
6973,982
6974,960
6975,1037
6976,1127
6977,1218
6978,1267
6979,1275
6980,1264
6981,1209
6982,1136
6983,1104
6984,1068
6985,1054
6986,1054
6987,1062
6988,1099
6989,1142
6990,1158
6991,1186
6992,1195
6993,1189
6994,1221
6995,1349
6996,1648
6997,2122
6998,2633
6999,3059
7000,3269
7001,3153
7002,2832
7003,2474
7004,2113
7005,1807
7006,1535
7007,1293
7008,1103
7009,990
7010,949
7011,977
7012,1047
7013,1143
7014,1211
7015,1233
7016,1221
7017,1183
7018,1133
7019,1088
7020,1069
7021,1041
7022,1040
7023,1047
7024,1040
7025,1082
7026,1104
7027,1141
7028,1165
7029,1191
7030,1191
7031,1226
7032,1243
7033,1392
7034,1728
7035,2210
7036,2738
7037,3161
7038,3341
7039,3163
7040,2800
7041,2433
7042,2074
7043,1778
7044,1498
7045,1267
7046,1092
7047,1008
7048,974
7049,1011
7050,1101
7051,1193
7052,1281
7053,1280
7054,1263
7055,1202
7056,1151
7057,1104
7058,1072
7059,1053
7060,1049
7061,1057
7062,1076
7063,1122
7064,1136
7065,1147
7066,1150
7067,1182
7068,1207
7069,1303
7070,1609
7071,2054
7072,2545
7073,2945
7074,3135
7075,3015
7076,2733
7077,2385
7078,2033
7079,1725
7080,1454
7081,1216
7082,1059
7083,970
7084,978
7085,1051
7086,1151
7087,1246
7088,1301
7089,1309
7090,1267
7091,1220
7092,1147
7093,1114
7094,1089
7095,1087
7096,1072
7097,1092
7098,1103
7099,1143
7100,1170
7101,1169
7102,1200
7103,1200
7104,1231
7105,1341
7106,1653
7107,2130
7108,2627
7109,3053
7110,3236
7111,3090
7112,2788
7113,2417
7114,2073
7115,1764
7116,1488
7117,1247
7118,1079
7119,971
7120,962
7121,1006
7122,1079
7123,1168
7124,1245
7125,1263
7126,1239
7127,1193
7128,1126
7129,1088
7130,1057
7131,1039
7132,1035
7133,1049
7134,1061
7135,1114
7136,1129
7137,1151
7138,1168
7139,1183
7140,1222
7141,1328
7142,1650
7143,2109
7144,2623
7145,3010
7146,3206
7147,3087
7148,2800
7149,2428
7150,2109
7151,1831
7152,1557
7153,1315
7154,1134
7155,1005
7156,952
7157,971
7158,1037
7159,1104
7160,1173
7161,1214
7162,1187
7163,1169
7164,1090
7165,1076
7166,1022
7167,1004
7168,1006
7169,1034
7170,1045
7171,1077
7172,1109
7173,1131
7174,1168
7175,1192
7176,1215
7177,1246
7178,1285
7179,1285
7180,1311
7181,1345
7182,1535
7183,1899
7184,2401
7185,2884
7186,3273
7187,3339
7188,3098
7189,2736
7190,2377
7191,2041
7192,1749
7193,1519
7194,1305
7195,1136
7196,1050
7197,1036
7198,1084
7199,1149
7200,1232
7201,1296
7202,1290
7203,1280
7204,1229
7205,1167
7206,1131
7207,1116
7208,1095
7209,1097
7210,1122
7211,1135
7212,1156
7213,1200
7214,1202
7215,1248
7216,1264
7217,1280
7218,1299
7219,1347
7220,1357
7221,1371
7222,1396
7223,1407
7224,1439
7225,1467
7226,1637
7227,1979
7228,2458
7229,2964
7230,3373
7231,3472
7232,3216
7233,2827
7234,2470
7235,2115
7236,1831
7237,1593
7238,1370
7239,1210
7240,1133
7241,1106
7242,1151
7243,1225
7244,1312
7245,1360
7246,1361
7247,1323
7248,1271
7249,1199
7250,1161
7251,1136
7252,1121
7253,1095
7254,1105
7255,1119
7256,1149
7257,1187
7258,1210
7259,1242
7260,1234
7261,1264
7262,1296
7263,1312
7264,1454
7265,1746
7266,2165
7267,2660
7268,3025
7269,3220
7270,3123
7271,2813
7272,2487
7273,2173
7274,1885
7275,1639
7276,1418
7277,1232
7278,1116
7279,1050
7280,1073
7281,1120
7282,1200
7283,1269
7284,1323
7285,1290
7286,1258
7287,1190
7288,1155
7289,1126
7290,1104
7291,1105
7292,65
7293,101127
7294,1160
7295,1191
7296,1202
7297,1233
7298,1245
7299,1273
7300,1284
7301,1306
7302,1363
7303,1533
7304,1888
7305,2363
7306,2815
7307,3163
7308,3248
7309,3021
7310,2695
7311,2368
7312,2032
7313,1775
7314,1522
7315,1328
7316,1169
7317,1078
7318,1063
7319,1118
7320,1185
7321,1290
7322,1331
7323,1346
7324,1311
7325,1260
7326,1221
7327,1172
7328,1143
7329,1147
7330,1140
7331,1127
7332,1165
7333,1186
7334,1209
7335,122665
7336,1074
7337,1097
7338,1120
7339,1153
7340,1197
7341,1207
7342,1259
7343,1277
7344,1275
7345,1319
7346,1341
7347,1424
7348,1701
7349,2161
7350,2717
7351,3282
7352,3536
7353,3488
7354,3091
7355,2659
7356,2272
7357,1946
7358,1676
7359,1443
7360,1255
7361,1099
7362,977
7363,961
7364,983
7365,1064
7366,1139
7367,1207
7368,1218
7369,1193
7370,1145
7371,1075
7372,1019
7373,998
7374,971
7375,965
7376,985
7377,976
7378,1010
7379,1038
7380,1072
7381,1085
7382,1119
7383,1142
7384,1167
7385,1186
7386,1219
7387,1246
7388,1312
7389,1502
7390,1899
7391,2421
7392,2934
7393,3295
7394,3312
7395,3015
7396,2641
7397,2273
7398,1937
7399,1630
7400,1392
7401,1189
7402,1046
7403,963
7404,965
7405,1034
7406,1147
7407,1255
7408,1299
7409,1314
7410,1265
7411,1195
7412,1147
7413,1092
7414,1056
7415,1044
7416,1040
7417,1039
7418,1062
7419,1093
7420,1102
7421,1120
7422,1143
7423,1167
7424,1166
7425,1191
7426,1225
7427,1322
7428,1606
7429,2095
7430,2607
7431,3058
7432,3281
7433,3159
7434,2815
7435,2442
7436,2093
7437,1782
7438,1527
7439,1307
7440,1136
7441,1020
7442,955
7443,965
7444,1013
7445,1125
7446,1215
7447,1266
7448,1248
7449,1233
7450,1166
7451,1105
7452,1049
7453,1040
7454,1022
7455,1009
7456,1023
7457,1069
7458,1094
7459,1109
7460,1131
7461,1152
7462,1171
7463,1195
7464,1215
7465,1264
7466,1278
7467,1312
7468,1332
7469,1359
7470,1519
7471,1903
7472,2441
7473,3001
7474,3541
7475,3669
7476,3409
7477,2963
7478,2544
7479,2169
7480,1839
7481,1599
7482,1347
7483,1171
7484,1045
7485,974
7486,976
7487,1013
7488,1102
7489,1184
7490,1222
7491,1223
7492,1197
7493,1125
7494,1087
7495,1041
7496,1018
7497,999
7498,994
7499,1007
7500,1034
7501,1062
7502,1096
7503,1117
7504,1136
7505,1169
7506,1197
7507,1210
7508,1238
7509,1264
7510,1297
7511,1326
7512,1355
7513,1380
7514,1488
7515,1790
7516,2273
7517,2822
7518,3322
7519,3540
7520,3451
7521,3035
7522,2609
7523,2245
7524,1905
7525,1620
7526,1403
7527,1200
7528,1072
7529,1008
7530,1032
7531,1103
7532,1201
7533,1293
7534,1328
7535,1327
7536,1278
7537,1205
7538,1156
7539,1113
7540,1073
7541,1059
7542,1072
7543,1076
7544,1071
7545,1089
7546,1106
7547,1111
7548,1142
7549,1168
7550,1173
7551,1193
7552,1226
7553,1263
7554,1414
7555,1779
7556,2285
7557,2772
7558,3136
7559,3246
7560,3018
7561,2683
7562,2319
7563,1982
7564,1696
7565,1455
7566,1250
7567,1092
7568,996
7569,980
7570,1019
7571,1104
7572,1206
7573,1275
7574,1286
7575,1222
7576,1210
7577,1146
7578,1104
7579,1072
7580,1066
7581,1056
7582,1051
7583,1072
7584,1113
7585,1129
7586,1145
7587,1173
7588,1186
7589,1198
7590,1231
7591,1264
7592,1264
7593,1300
7594,1415
7595,1698
7596,2160
7597,2675
7598,3153
7599,3376
7600,3268
7601,2939
7602,2558
7603,2223
7604,1926
7605,1651
7606,1456
7607,1263
7608,1114
7609,1035
7610,1005
7611,1046
7612,1121
7613,1189
7614,1237
7615,1255
7616,1219
7617,1168
7618,1113
7619,1083
7620,1054
7621,1049
7622,1038
7623,1046
7624,1067
7625,1093
7626,1111
7627,1136
7628,1152
7629,1170
7630,1200
7631,1218
7632,1237
7633,1302
7634,1307
7635,1329
7636,1358
7637,1405
7638,1399
7639,1427
7640,1453
7641,1522
7642,1782
7643,2203
7644,2784
7645,3353
7646,3751
7647,3712
7648,3321
7649,2857
7650,2474
7651,2118
7652,1845
7653,1590
7654,1371
7655,1218
7656,1104
7657,1082
7658,1104
7659,1181
7660,1258
7661,1312
7662,1338
7663,1305
7664,1235
7665,1179
7666,1136
7667,1075
7668,1061
7669,1042
7670,1039
7671,1050
7672,1061
7673,1091
7674,1121
7675,1132
7676,1159
7677,1187
7678,1217
7679,1238
7680,1267
7681,1296
7682,1319
7683,1409
7684,1665
7685,2097
7686,2608
7687,3082
7688,3361
7689,3296
7690,2985
7691,2597
7692,2266
7693,1947
7694,1679
7695,1435
7696,1239
7697,1114
7698,1072
7699,1079
7700,1165
7701,1232
7702,1327
7703,1330
7704,1307
7705,1274
7706,1200
7707,1147
7708,1131
7709,1085
7710,1079
7711,1088
7712,1082
7713,1091
7714,1109
7715,1149
7716,1167
7717,1179
7718,1196
7719,1209
7720,1229
7721,1346
7722,1630
7723,2111
7724,2633
7725,3111
7726,3347
7727,3244
7728,2895
7729,2529
7730,2193
7731,1875
7732,1616
7733,1389
7734,1203
7735,1055
7736,978
7737,982
7738,1044
7739,1108
7740,1184
7741,1221
7742,1222
7743,1174
7744,1111
7745,1075
7746,1019
7747,1017
7748,976
7749,983
7750,1002
7751,1023
7752,1072
7753,1088
7754,1122
7755,1136
7756,1173
7757,1198
7758,1224
7759,1262
7760,1303
7761,1327
7762,1360
7763,1369
7764,1432
7765,1630
7766,2078
7767,2635
7768,3217
7769,3715
7770,3765
7771,3408
7772,2938
7773,2509
7774,2160
7775,1849
7776,1576
7777,1347
7778,1175
7779,1043
7780,973
7781,980
7782,1023
7783,1104
7784,1177
7785,1201
7786,1200
7787,1149
7788,1086
7789,1039
7790,990
7791,977
7792,955
7793,970
7794,983
7795,1007
7796,1060
7797,1079
7798,1102
7799,1099
7800,1146
7801,1170
7802,1211
7803,1249
7804,1281
7805,1318
7806,1350
7807,1366
7808,1381
7809,1435
7810,1567
7811,1938
7812,2491
7813,3056
7814,3600
7815,3710
7816,3449
7817,2979
7818,2555
7819,2166
7820,1867
7821,1575
7822,1339
7823,1146
7824,1037
7825,962
7826,1006
7827,1105
7828,1199
7829,1264
7830,1300
7831,1274
7832,1211
7833,1169
7834,1104
7835,1073
7836,1045
7837,1015
7838,1019
7839,1043
7840,1049
7841,1074
7842,1093
7843,1114
7844,1147
7845,1169
7846,1203
7847,1237
7848,1271
7849,1310
7850,1337
7851,1434
7852,1760
7853,2231
7854,2757
7855,3261
7856,3485
7857,3313
7858,2928
7859,2533
7860,2167
7861,1840
7862,1584
7863,1338
7864,1162
7865,1022
7866,976
7867,980
7868,1063
7869,1158
7870,1229
7871,1329
7872,2473
7873,2404
7874,810
7875,3328
7876,1488
7877,0
7878,0
7879,179
7880,83
7881,0
7882,0
7883,652
7884,2387
7885,169
7886,0
7887,0
7888,0
7889,62
7890,355
7891,641
7892,1562
7893,1393
7894,1680
7895,2384
7896,3313
7897,4095
7898,4095
7899,4095
7900,4095
7901,3851
7902,3099
7903,2559
7904,2096
7905,1663
7906,1313
7907,1091
7908,959
7909,919
7910,998
7911,1054
7912,1123
7913,1191
7914,1229
7915,1209
7916,1159
7917,1081
7918,1023
7919,1007
7920,998
7921,1008
7922,1008
7923,1015
7924,1040
7925,1071
7926,1079
7927,1097
7928,1113
7929,1207
7930,1486
7931,1936
7932,2438
7933,2839
7934,3044
7935,2974
7936,2709
7937,2374
7938,2020
7939,1712
7940,1437
7941,1209
7942,1013
7943,902
7944,870
7945,918
7946,1009
7947,1154
7948,1255
7949,1282
7950,1269
7951,1232
7952,1168
7953,1107
7954,1072
7955,1040
7956,1015
7957,1013
7958,1042
7959,1061
7960,1095
7961,1119
7962,1125
7963,1139
7964,1161
7965,1293
7966,1613
7967,2123
7968,2650
7969,3083
7970,3266
7971,3112
7972,2769
7973,2394
7974,2023
7975,1717
7976,1473
7977,1239
7978,1074
7979,947
7980,907
7981,938
7982,1038
7983,1123
7984,1177
7985,1202
7986,1163
7987,1123
7988,1045
7989,990
7990,951
7991,942
7992,940
7993,955
7994,955
7995,1008
7996,1045
7997,1057
7998,1054
7999,1079
8000,1163
8001,1425
8002,1874
8003,2369
8004,2748
8005,2928
8006,2855
8007,2618
8008,2322
8009,1997
8010,1775
8011,1535
8012,1354
8013,1170
8014,1035
8015,940
8016,910
8017,946
8018,1002
8019,1075
8020,1104
8021,1099
8022,1060
8023,998
8024,958
8025,919
8026,913
8027,915
8028,912
8029,962
8030,1002
8031,1003
8032,1042
8033,1051
8034,1079
8035,1108
8036,1130
8037,1152
8038,1175
8039,1195
8040,1223
8041,1273
8042,1413
8043,1697
8044,2090
8045,2416
8046,2640
8047,2688
8048,2559
8049,2352
8050,2141
8051,1936
8052,1766
8053,1630
8054,1469
8055,1331
8056,1238
8057,1178
8058,1155
8059,1177
8060,1203
8061,1231
8062,1259
8063,1264
8064,1242
8065,1182
8066,1173
8067,1168
8068,1166
8069,1186
8070,1203
8071,1231
8072,1244
8073,1254
8074,1264
8075,1283
8076,1291
8077,1319
8078,1335
8079,1349
8080,1366
8081,1378
8082,1411
8083,1423
8084,1456
8085,1563
8086,1728
8087,1919
8088,2109
8089,2208
8090,2224
8091,2183
8092,2101
8093,1978
8094,1901
8095,1815
8096,1749
8097,1664
8098,1605
8099,1535
8100,1531
8101,1531
8102,1535
8103,1571
8104,1570
8105,1570
8106,1535
8107,1527
8108,1499
8109,1480
8110,1471
8111,1463
8112,1472
8113,1465
8114,1462
8115,1475
8116,1497
8117,1520
8118,1517
8119,1520
8120,1513
8121,1529
8122,1535
8123,1562
8124,1603
8125,1711
8126,1847
8127,1994
8128,2105
8129,2147
8130,2133
8131,2080
8132,2000
8133,1926
8134,1873
8135,1815
8136,1759
8137,1719
8138,1691
8139,1674
8140,1676
8141,1695
8142,1711
8143,1699
8144,1687
8145,1672
8146,1647
8147,1630
8148,1616
8149,1599
8150,1599
8151,1593
8152,1597
8153,1583
8154,1598
8155,1592
8156,1590
8157,1622
8158,1637
8159,1629
8160,1627
8161,1632
8162,1654
8163,1703
8164,1794
8165,1942
8166,2112
8167,2249
8168,2294
8169,2291
8170,2245
8171,2184
8172,2112
8173,2047
8174,1998
8175,1926
8176,1869
8177,1808
8178,1776
8179,1758
8180,1759
8181,1763
8182,1771
8183,1744
8184,1736
8185,1695
8186,1667
8187,1649
8188,1623
8189,1616
8190,1601
8191,1587
8192,1575
8193,1573
8194,1574
8195,1561
8196,1582
8197,1575
8198,1567
8199,1571
8200,1599
8201,1606
8202,1611
8203,1612
8204,1616
8205,1607
8206,1612
8207,1610
8208,1617
8209,1657
8210,1782
8211,1987
8212,2252
8213,2511
8214,2643
8215,2686
8216,2640
8217,2523
8218,2412
8219,2304
8220,2194
8221,2096
8222,1955
8223,1857
8224,1775
8225,1723
8226,1701
8227,1685
8228,1675
8229,1648
8230,1602
8231,1535
8232,1495
8233,1429
8234,1391
8235,1350
8236,1328
8237,1312
8238,1286
8239,1274
8240,1268
8241,1264
8242,1250
8243,1255
8244,1269
8245,1271
8246,1321
8247,1323
8248,1337
8249,1341
8250,1353
8251,1419
8252,1535
8253,1822
8254,2115
8255,2352
8256,2482
8257,2467
8258,2370
8259,2225
8260,2071
8261,1961
8262,1843
8263,1723
8264,1614
8265,1520
8266,1479
8267,1459
8268,1471
8269,1488
8270,1509
8271,1482
8272,1439
8273,1404
8274,1359
8275,1326
8276,1286
8277,1255
8278,1241
8279,1245
8280,1243
8281,1231
8282,1227
8283,1237
8284,1243
8285,1281
8286,1292
8287,1297
8288,1299
8289,1357
8290,1488
8291,1739
8292,2060
8293,2346
8294,2510
8295,2490
8296,2379
8297,2197
8298,2006
8299,1874
8300,1728
8301,1614
8302,1488
8303,1394
8304,1343
8305,1310
8306,1348
8307,1371
8308,1402
8309,1388
8310,1349
8311,1312
8312,1264
8313,1231
8314,1195
8315,1173
8316,1154
8317,1168
8318,1167
8319,1170
8320,1215
8321,1231
8322,1234
8323,1253
8324,1264
8325,1264
8326,1299
8327,1311
8328,1321
8329,1343
8330,1347
8331,1370
8332,1407
8333,1535
8334,1808
8335,2154
8336,2467
8337,2651
8338,2637
8339,2517
8340,2312
8341,2112
8342,1926
8343,1799
8344,1670
8345,1535
8346,1436
8347,1357
8348,1295
8349,1303
8350,1316
8351,1346
8352,1370
8353,1347
8354,1318
8355,1279
8356,1235
8357,1206
8358,1190
8359,1176
8360,1168
8361,1179
8362,1193
8363,1197
8364,1231
8365,1255
8366,1264
8367,1278
8368,1298
8369,1309
8370,1328
8371,1339
8372,1382
8373,1397
8374,1392
8375,1425
8376,1503
8377,1763
8378,2096
8379,2429
8380,2659
8381,2708
8382,2601
8383,2405
8384,2191
8385,1982
8386,1831
8387,1697
8388,1595
8389,1465
8390,1365
8391,1335
8392,1321
8393,1358
8394,1384
8395,1424
8396,1443
8397,1407
8398,1346
8399,1299
8400,1285
8401,1264
8402,1247
8403,1242
8404,1247
8405,1239
8406,1251
8407,1294
8408,1297
8409,1315
8410,1323
8411,1343
8412,1354
8413,1381
8414,1392
8415,1399
8416,1424
8417,1500
8418,1717
8419,2045
8420,2407
8421,2672
8422,2766
8423,2663
8424,2464
8425,2231
8426,2009
8427,1824
8428,1680
8429,1534
8430,1430
8431,1339
8432,1313
8433,1346
8434,1403
8435,1449
8436,1503
8437,1486
8438,1422
8439,1351
8440,1293
8441,1248
8442,1217
8443,1206
8444,1206
8445,1205
8446,1211
8447,1223
8448,1264
8449,1269
8450,1290
8451,1281
8452,1287
8453,1306
8454,1328
8455,1351
8456,1361
8457,1377
8458,1406
8459,1461
8460,1663
8461,2019
8462,2427
8463,2775
8464,2944
8465,2877
8466,2667
8467,2381
8468,2121
8469,1893
8470,1714
8471,1569
8472,1430
8473,1326
8474,1250
8475,1231
8476,1253
8477,12811351
8478,1382
8479,1355
8480,1281
8481,1223
8482,1166
8483,1136
8484,1114
8485,1099
8486,1118
8487,1119
8488,1133
8489,1168
8490,1190
8491,1203
8492,1213
8493,1232
8494,1248
8495,1264
8496,1290
8497,1312
8498,1326
8499,1351
8500,1370
8501,1394
8502,1413
8503,1426
8504,1430
8505,1469
8506,1619
8507,1963
8508,2402
8509,2827
8510,3103
8511,3120
8512,2896
8513,2605
8514,2291
8515,2021
8516,1795
8517,1648
8518,1477
8519,1360
8520,1281
8521,1302
8522,1298
8523,1257
8524,1185
8525,1137
8526,1118
8527,1102
8528,1077
8529,1086
8530,1098
8531,1106
8532,1152
8533,1186
8534,1187
8535,1213
8536,1206
8537,1255
8538,1415
8539,1777
8540,2274
8541,2735
8542,3088
8543,3161
8544,2941
8545,2637
8546,2294
8547,1974
8548,1698
8549,1463
8550,1260
8551,1104
8552,995
8553,955
8554,987
8555,1072
8556,1150
8557,1220
8558,1237
8559,1232
8560,1174
8561,1111
8562,1072
8563,1045
8564,1036
8565,1015
8566,1040
8567,1054
8568,1099
8569,1109
8570,1135
8571,1173
8572,1181
8573,1200
8574,1226
8575,1242
8576,1275
8577,1387
8578,1680
8579,2128
8580,2658
8581,3115
8582,3323
8583,3188
8584,2874
8585,2530
8586,2166
8587,1863
8588,1611
8589,1374
8590,1184
8591,1057
8592,960
8593,945
8594,1006
8595,1070
8596,1145
8597,1191
8598,1197
8599,1170
8600,1118
8601,1064
8602,1023
8603,998
8604,993
8605,988
8606,1008
8607,1057
8608,1089
8609,1107
8610,1135
8611,1152
8612,1180
8613,1188
8614,1218
8615,1232
8616,1297
8617,1490
8618,1872
8619,2371
8620,2849
8621,3184
8622,3221
8623,2982
8624,2661
8625,2295
8626,1969
8627,1697
8628,1447
8629,1245
8630,1075
8631,990
8632,959
8633,1008
8634,1090
8635,1195
8636,1245
8637,1263
8638,1234
8639,1179
8640,1131
8641,1088
8642,1061
8643,1057
8644,1054
8645,1055
8646,1072
8647,1105
8648,1126
8649,1134
8650,1174
8651,1181
8652,1206
8653,1232
8654,1244
8655,1282
8656,1419
8657,1770
8658,2238
8659,2725
8660,3127
8661,3265
8662,3084
8663,2749
8664,2377
8665,2034
8666,1742
8667,1467
8668,1258
8669,1075
8670,979
8671,960
8672,1007
8673,1109
8674,1211
8675,1281
8676,1309
8677,1270
8678,1216
8679,1150
8680,1097
8681,1084
8682,1067
8683,1065
8684,1063
8685,1086
8686,1120
8687,1145
8688,1154
8689,1163
8690,1184
8691,1210
8692,1312
8693,1617
8694,2069
8695,2559
8696,2976
8697,3183
8698,3086
8699,2787
8700,2447
8701,2114
8702,1791
8703,1535
8704,1321
8705,1126
8706,986
8707,929
8708,931
8709,983
8710,1086
8711,1178
8712,1217
8713,1217
8714,1194
8715,1137
8716,1088
8717,1040
8718,1008
8719,1007
8720,1010
8721,1009
8722,1036
8723,1097
8724,1119
8725,1136
8726,1162
8727,1174
8728,1198
8729,1195
8730,1248
8731,1456
8732,1876
8733,2403
8734,2928
8735,3293
8736,3344
8737,3065
8738,2711
8739,2338
8740,1996
8741,1713
8742,1461
8743,1234
8744,1061
8745,947
8746,912
8747,938
8748,1021
8749,1109
8750,1193
8751,1215
8752,1200
8753,1158
8754,1088
8755,1046
8756,1021
8757,995
8758,999
8759,1003
8760,1017
8761,1072
8762,1097
8763,1104
8764,1121
8765,1137
8766,1153
8767,1223
8768,1409
8769,1808
8770,2316
8771,2773
8772,3106
8773,3127
8774,2903
8775,2558
8776,2198
8777,1851
8778,1559
8779,1314
8780,1089
8781,953
8782,897
8783,931
8784,1018
8785,1128
8786,1232
8787,1294
8788,1290
8789,1255
8790,1186
8791,1120
8792,1084
8793,1063
8794,1035
8795,1051
8796,1041
8797,1073
8798,1117
8799,1136
8800,1166
8801,1171
8802,1188
8803,1232
8804,1457
8805,1875
8806,2398
8807,2863
8808,3184
8809,3181
8810,2923
8811,2557
8812,2205
8813,1870
8814,1571
8815,1325
8816,1114
8817,962
8818,881
8819,893
8820,961
8821,1065
8822,1172
8823,1204
8824,1222
8825,1193
8826,1130
8827,1091
8828,1051
8829,1009
8830,992
8831,1008
8832,1023
8833,1055
8834,1095
8835,1117
8836,1140
8837,1152
8838,1168
8839,1198
8840,1247
8841,1458
8842,1899
8843,2422
8844,2923
8845,3279
8846,3307
8847,3043
8848,2679
8849,2309
8850,1961
8851,1669
8852,1413
8853,1195
8854,1015
8855,915
8856,901
8857,948
8858,1023
8859,1121
8860,1185
8861,1198
8862,1173
8863,1102
8864,1051
8865,1017
8866,989
8867,983
8868,982
8869,992
8870,1040
8871,1085
8872,1107
8873,1127
8874,1141
8875,1169
8876,1187
8877,1230
8878,1372
8879,1725
8880,2230
8881,2752
8882,3155
8883,3299
8884,3100
8885,2754
8886,2396
8887,2047
8888,1731
8889,1472
8890,1239
8891,1056
8892,941
8893,893
8894,967
8895,1054
8896,1166
8897,1243
8898,1262
8899,1233
8900,1198
8901,1146
8902,1089
8903,1057
8904,1040
8905,1040
8906,1056
8907,1072
8908,1104
8909,1130
8910,1151
8911,1165
8912,1179
8913,1202
8914,1257
8915,1424
8916,1802
8917,2322
8918,2822
8919,3205
8920,3266
8921,3019
8922,2673
8923,2313
8924,1959
8925,1649
8926,1385
8927,1158
8928,1004
8929,935
8930,930
8931,1023
8932,1119
8933,1245
8934,1294
8935,1282
8936,1247
8937,1175
8938,1115
8939,1077
8940,1051
8941,1039
8942,1038
8943,1045
8944,1072
8945,1111
8946,1142
8947,1149
8948,1168
8949,1183
8950,1200
8951,1295
8952,1556
8953,2023
8954,2551
8955,3061
8956,3355
8957,3303
8958,2984
8959,2605
8960,2229
8961,1887
8962,1603
8963,1351
8964,1140
8965,997
8966,929
8967,912
8968,997
8969,1088
8970,1193
8971,1230
8972,1232
8973,1201
8974,1129
8975,1072
8976,1033
8977,1008
8978,980
8979,977
8980,999
8981,1023
8982,1071
8983,1104
8984,1117
8985,1154
8986,1177
8987,1194
8988,1210
8989,1256
8990,1370
8991,1694
8992,2218
8993,2772
8994,3287
8995,3555
8996,3390
8997,3019
8998,2611
8999,2243
9000,1889
9001,1597
9002,1346
9003,1121
9004,975
9005,899
9006,897
9007,959
9008,1051
9009,1151
9010,1203
9011,1205
9012,1169
9013,1123
9014,1063
9015,1018
9016,991
9017,974
9018,980
9019,995
9020,1012
9021,1060
9022,1087
9023,1102
9024,1132
9025,1151
9026,1178
9027,1217
9028,1232
9029,1269
9030,1378
9031,1707
9032,2224
9033,2774
9034,3308
9035,3557
9036,3398
9037,2998
9038,2594
9039,2197
9040,1850
9041,1535
9042,1294
9043,1078
9044,944
9045,890
9046,927
9047,1009
9048,1137
9049,1238
9050,1283
9051,1265
9052,1232
9053,1151
9054,1119
9055,1055
9056,1033
9057,1021
9058,1033
9059,1040
9060,1079
9061,1114
9062,1135
9063,1163
9064,1172
9065,1200
9066,1203
9067,1237
9068,1311
9069,1593
9070,2069
9071,2611
9072,3122
9073,3433
9074,3396
9075,3011
9076,2632
9077,2229
9078,1875
9079,1573
9080,1303
9081,1102
9082,947
9083,879
9084,894
9085,985
9086,1107
9087,1216
9088,1258
9089,1250
9090,1227
9091,1152
9092,1093
9093,1053
9094,1039
9095,1037
9096,1017
9097,1041
9098,1072
9099,1102
9100,1122
9101,1137
9102,1173
9103,1184
9104,1203
9105,1231
9106,1305
9107,1535
9108,2015
9109,2587
9110,3138
9111,3501
9112,3504
9113,3203
9114,2770
9115,2385
9116,2011
9117,1691
9118,1424
9119,1178
9120,1018
9121,910
9122,887
9123,924
9124,1008
9125,1105
9126,1167
9127,1200
9128,1178
9129,1132
9130,1063
9131,1036
9132,989
9133,973
9134,965
9135,960
9136,999
9137,1040
9138,1067
9139,1095
9140,1114
9141,1136
9142,1143
9143,1167
9144,1259
9145,1535
9146,2027
9147,2594
9148,3105
9149,3440
9150,3381
9151,3053
9152,2660
9153,2282
9154,1923
9155,1626
9156,1357
9157,1136
9158,965
9159,880
9160,869
9161,927
9162,1021
9163,1140
9164,1212
9165,1219
9166,1217
9167,1180
9168,1104
9169,1058
9170,1031
9171,1009
9172,1009
9173,1009
9174,1035
9175,1088
9176,1091
9177,1118
9178,1134
9179,1153
9180,1179
9181,1216
9182,1391
9183,1779
9184,2305
9185,2815
9186,3209
9187,3299
9188,3071
9189,2726
9190,2343
9191,1983
9192,1660
9193,1371
9194,1139
9195,973
9196,889
9197,896
9198,976
9199,1104
9200,1228
9201,1282
9202,1290
9203,1268
9204,1219
9205,1141
9206,1103
9207,1079
9208,1067
9209,1052
9210,1062
9211,1085
9212,1115
9213,1152
9214,1154
9215,1171
9216,1190
9217,1254
9218,1490
9219,1940
9220,2480
9221,2967
9222,3231
9223,3217
9224,2925
9225,2559
9226,2198
9227,1840
9228,1563
9229,1297
9230,1095
9231,928
9232,859
9233,885
9234,938
9235,1045
9236,1152
9237,1207
9238,1226
9239,1203
9240,1168
9241,1104
9242,1075
9243,1038
9244,1023
9245,1034
9246,1057
9247,1079
9248,1113
9249,1125
9250,1142
9251,1173
9252,1184
9253,1211
9254,1334
9255,1655
9256,2156
9257,2704
9258,3178
9259,3399
9260,3248
9261,2913
9262,2543
9263,2179
9264,1846
9265,1535
9266,1303
9267,1087
9268,949
9269,878
9270,865
9271,938
9272,1018
9273,1125
9274,1187
9275,1186
9276,1170
9277,1135
9278,1057
9279,1023
9280,1008
9281,1002
9282,999
9283,1012
9284,1047
9285,1089
9286,1117
9287,1121
9288,1129
9289,1165
9290,1290
9291,1648
9292,2128
9293,2642
9294,3018
9295,3152
9296,3024
9297,2750
9298,2403
9299,2077
9300,1761
9301,1494
9302,1255
9303,1049
9304,941
9305,887
9306,913
9307,1008
9308,1111
9309,1179
9310,1225
9311,1213
9312,1166
9313,1099
9314,1062
9315,1035
9316,1008
9317,994
9318,1008
9319,1018
9320,1057
9321,1087
9322,1088
9323,1108
9324,1202
9325,1497
9326,1963
9327,2473
9328,2863
9329,3058
9330,2956
9331,2693
9332,2369
9333,2018
9334,1713
9335,1430
9336,1214
9337,1003
9338,886
9339,863
9340,896
9341,991
9342,1104
9343,1197
9344,1232
9345,1226
9346,1211
9347,1161
9348,1111
9349,1076
9350,1056
9351,1062
9352,1059
9353,1108
9354,1133
9355,1137
9356,1155
9357,1236
9358,1439
9359,1867
9360,2367
9361,2785
9362,3049
9363,3010
9364,2774
9365,2448
9366,2090
9367,1758
9368,1457
9369,1211
9370,1002
9371,881
9372,839
9373,886
9374,979
9375,1119
9376,1201
9377,1221
9378,1227
9379,1206
9380,1168
9381,1103
9382,1078
9383,1057
9384,1044
9385,1063
9386,1075
9387,1106
9388,1118
9389,1136
9390,1163
9391,1306
9392,1650
9393,2166
9394,2672
9395,3040
9396,3170
9397,3011
9398,2702
9399,2337
9400,1996
9401,1680
9402,1409
9403,1161
9404,970
9405,870
9406,832
9407,859
9408,944
9409,1062
9410,1143
9411,1167
9412,1168
9413,1151
9414,1114
9415,1057
9416,1023
9417,999
9418,989
9419,1002
9420,989
9421,1055
9422,1097
9423,1115
9424,1132
9425,1150
9426,1168
9427,1200
9428,1358
9429,1727
9430,2245
9431,2733
9432,3107
9433,3235
9434,3040
9435,2729
9436,2359
9437,2016
9438,1699
9439,1418
9440,1181
9441,986
9442,871
9443,817
9444,838
9445,907
9446,998
9447,1109
9448,1157
9449,1181
9450,1171
9451,1134
9452,1101
9453,1051
9454,1050
9455,1043
9456,1034
9457,1051
9458,1089
9459,1120
9460,1136
9461,1168
9462,1189
9463,1200
9464,1232
9465,1281
9466,1488
9467,1872
9468,2334
9469,2743
9470,2973
9471,2969
9472,2771
9473,2501
9474,2191
9475,1887
9476,1623
9477,1381
9478,1185
9479,1055
9480,982
9481,995
9482,1072
9483,1164
9484,1275
9485,1333
9486,1333
9487,1332
9488,1298
9489,1259
9490,1213
9491,1199
9492,1185
9493,1185
9494,1205
9495,1230
9496,1264
9497,1266
9498,1275
9499,1278
9500,1302
9501,1419
9502,1702
9503,2128
9504,2559
9505,2887
9506,3033
9507,2909
9508,2677
9509,2383
9510,2078
9511,1793
9512,1535
9513,1315
9514,1146
9515,1052
9516,1023
9517,1074
9518,1141
9519,1252
9520,1321
9521,1333
9522,1327
9523,1314
9524,1269
9525,1213
9526,1194
9527,1180
9528,1167
9529,1168
9530,1182
9531,1226
9532,1253
9533,1250
9534,1262
9535,1277
9536,1327
9537,1515
9538,1890
9539,2333
9540,2813
9541,3147
9542,3221
9543,3038
9544,2737
9545,2410
9546,2103
9547,1799
9548,1535
9549,1305
9550,1133
9551,1021
9552,979
9553,1009
9554,1083
9555,1155
9556,1233
9557,1259
9558,1255
9559,1232
9560,1185
9561,1129
9562,1104
9563,1093
9564,1082
9565,1091
9566,1094
9567,1125
9568,1164
9569,1179
9570,1190
9571,1200
9572,1230
9573,1248
9574,1327
9575,1587
9576,2031
9577,2519
9578,2946
9579,3217
9580,3201
9581,2946
9582,2611
9583,2268
9584,1958
9585,1671
9586,1413
9587,1205
9588,1062
9589,978
9590,972
9591,1023
9592,1103
9593,1216
9594,1267
9595,1269
9596,1266
9597,1237
9598,1175
9599,1136
9600,1105
9601,1081
9602,1072
9603,1084
9604,1092
9605,1136
9606,1168
9607,1183
9608,1162
9609,1201
9610,1232
9611,1353
9612,1631
9613,2065
9614,2512
9615,2869
9616,3022
9617,2935
9618,2689
9619,2374
9620,2061
9621,1776
9622,1486
9623,1258
9624,1089
9625,999
9626,983
9627,1043
9628,1154
9629,1255
9630,1337
9631,1349
9632,1344
9633,1317
9634,1253
9635,1200
9636,1175
9637,1139
9638,1155
9639,1135
9640,1146
9641,1163
9642,1200
9643,1213
9644,1232
9645,1232
9646,1281
9647,1477
9648,1876
9649,2327
9650,2750
9651,1
9652,1073090
9653,2896
9654,2608
9655,2273
9656,1952
9657,1654
9658,1395
9659,1182
9660,1022
9661,960
9662,957
9663,1022
9664,1115
9665,1216
9666,1287
9667,1297
9668,1277
9669,1245
9670,1194
9671,1148
9672,1110
9673,1107
9674,1105
9675,1105
9676,1121
9677,1152
9678,1169
9679,1191
9680,1205
9681,1219
9682,1264
9683,1408
9684,1749
9685,2239
9686,2719
9687,3116
9688,3250
9689,3088
9690,2800
9691,2448
9692,2122
9693,1823
9694,1535
9695,1
9696,1073
9697,1108
9698,1126
9699,1135
9700,1162
9701,1184
9702,1283
9703,1591
9704,2080
9705,2640
9706,3117
9707,3357
9708,3245
9709,2896
9710,2533
9711,2165
9712,1826
9713,1535
9714,1293
9715,1070
9716,899
9717,810
9718,783
9719,837
9720,901
9721,981
9722,1072
9723,1091
9724,1087
9725,1069
9726,1003
9727,970
9728,944
9729,927
9730,943
9731,955
9732,1002
9733,1023
9734,1059
9735,1079
9736,1102
9737,1136
9738,1146
9739,1170
9740,1211
9741,1393
9742,1793
9743,2315
9744,2829
9745,3234
9746,3274
9747,3011
9748,2656
9749,2273
9750,1911
9751,1617
9752,1345
9753,1138
9754,963
9755,854
9756,819
9757,871
9758,954
9759,1076
9760,1158
9761,1180
9762,1171
9763,1149
9764,1089
9765,1038
9766,1001
9767,996
9768,979
9769,990
9770,1008
9771,1072
9772,1088
9773,1104
9774,1118
9775,1135
9776,1212
9777,1421
9778,1842
9779,2363
9780,2800
9781,3039
9782,2989
9783,2736
9784,2382
9785,2022
9786,1702
9787,1431
9788,1214
9789,1008
9790,880
9791,816
9792,817
9793,902
9794,1012
9795,1131
9796,1168
9797,1173
9798,1157
9799,1105
9800,1057
9801,1016
9802,991
9803,998
9804,1004
9805,1018
9806,1059
9807,1098
9808,1101
9809,1123
9810,1144
9811,1159
9812,1190
9813,1281
9814,1589
9815,2077
9816,2614
9817,3024
9818,3218
9819,3070
9820,2757
9821,2384
9822,2034
9823,1727
9824,1457
9825,1219
9826,1021
9827,883
9828,813
9829,816
9830,867
9831,971
9832,1070
9833,1118
9834,1125
9835,1104
9836,1071
9837,1019
9838,977
9839,959
9840,948
9841,953
9842,977
9843,1019
9844,1043
9845,1059
9846,1083
9847,1113
9848,1137
9849,1168
9850,1200
9851,1229
9852,1249
9853,1265
9854,1296
9855,1360
9856,1630
9857,2105
9858,2674
9859,3234
9860,3583
9861,3499
9862,3116
9863,2688
9864,2291
9865,1935
9866,1622
9867,1370
9868,1152
9869,981
9870,885
9871,862
9872,879
9873,967
9874,1067
9875,1145
9876,1168
9877,1159
9878,1097
9879,1051
9880,999
9881,976
9882,967
9883,948
9884,959
9885,983
9886,1015
9887,1061
9888,1073
9889,1107
9890,1106
9891,1145
9892,1173
9893,1200
9894,1220
9895,1259
9896,1287
9897,1315
9898,1326
9899,1348
9900,1373
9901,1395
9902,1578
9903,1951
9904,2502
9905,3106
9906,3639
9907,3730
9908,3405
9909,2937
9910,2499
9911,2103
9912,1747
9913,1455
9914,1200
9915,1008
9916,894
9917,879
9918,938
9919,1040
9920,1163
9921,1253
9922,1265
9923,1243
9924,1215
9925,1136
9926,1072
9927,1040
9928,1002
9929,992
9930,992
9931,999
9932,1019
9933,1056
9934,1105
9935,1114
9936,1126
9937,1146
9938,1165
9939,1201
9940,1246
9941,1414
9942,1819
9943,2351
9944,2850
9945,3274
9946,3395
9947,3137
9948,2755
9949,2371
9950,1995
9951,1673
9952,1401
9953,1149
9954,959
9955,850
9956,816
9957,861
9958,943
9959,1038
9960,1150
9961,1190
9962,1183
9963,1142
9964,1083
9965,1040
9966,997
9967,983
9968,958
9969,974
9970,972
9971,1023
9972,1050
9973,1073
9974,1088
9975,1126
9976,1151
9977,1170
9978,1225
9979,1225
9980,1243
9981,1294
9982,1433
9983,1760
9984,2320
9985,2895
9986,3466
9987,3675
9988,3470
9989,3043
9990,2609
9991,2191
9992,1860
9993,1534
9994,1299
9995,1058
9996,905
9997,823
9998,822
9999,864
10000,967
10001,1083
10002,1138
10003,1164
10004,1161
10005,1114
10006,1056
10007,998
10008,967
10009,959
10010,955
10011,959
10012,973
10013,1012
10014,1045
10015,1062
10016,1093
10017,1123
10018,1138
10019,1155
10020,1174
10021,1258
10022,1483
10023,1934
10024,2451
10025,2950
10026,3277
10027,3248
10028,2960
10029,2622
10030,2225
10031,1870
10032,1568
10033,1296
10034,1071
10035,925
10036,843
10037,851
10038,912
10039,1039
10040,1162
10041,1226
10042,1243
10043,1245
10044,1200
10045,1152
10046,1093
10047,1066
10048,1045
10049,1045
10050,1043
10051,1067
10052,1104
10053,1120
10054,1129
10055,1122
10056,1143
10057,1180
10058,1263
10059,1535
10060,2001
10061,2526
10062,2992
10063,3225
10064,3120
10065,2829
10066,2462
10067,2110
10068,1776
10069,1484
10070,1243
10071,1037
10072,891
10073,834
10074,839
10075,932
10076,1018
10077,1137
10078,1202
10079,1214
10080,1193
10081,1159
10082,1097
10083,1061
10084,1039
10085,1023
10086,1034
10087,1036
10088,1041
10089,1088
10090,1123
10091,1133
10092,1160
10093,1181
10094,1191
10095,1234
10096,1405
10097,1790
10098,2322
10099,2847
10100,3263
10101,3376
10102,3151
10103,2794
10104,2429
10105,2070
10106,1735
10107,1461
10108,1216
10109,1023
10110,906
10111,839
10112,853
10113,925
10114,999
10115,1105
10116,1131
10117,1146
10118,1126
10119,1092
10120,1036
10121,1002
10122,987
10123,978
10124,973
10125,1003
10126,1034
10127,1072
10128,1092
10129,1111
10130,1131
10131,1153
10132,1171
10133,1195
10134,1264
10135,1486
10136,1927
10137,2462
10138,2965
10139,3309
10140,3313
10141,3023
10142,2661
10143,2286
10144,1934
10145,1628
10146,1360
10147,1133
10148,963
10149,866
10150,838
10151,893
10152,979
10153,1109
10154,1178
10155,1207
10156,1195
10157,1168
10158,1121
10159,1072
10160,1043
10161,1021
10162,1023
10163,1023
10164,1059
10165,1103
10166,1118
10167,1136
10168,1148
10169,1182
10170,1200
10171,1226
10172,1347
10173,1681
10174,2154
10175,2650
10176,3037
10177,3213
10178,3047
10179,2719
10180,2373
10181,2006
10182,1693
10183,1419
10184,1179
10185,991
10186,875
10187,844
10188,897
10189,973
10190,1077
10191,1183
10192,1231
10193,1217
10194,1200
10195,1139
10196,1088
10197,1054
10198,1040
10199,1040
10200,1023
10201,1051
10202,1092
10203,1119
10204,1130
10205,1154
10206,1152
10207,1173
10208,1234
10209,1422
10210,1842
10211,2352
10212,2849
10213,3213
10214,3279
10215,3025
10216,2675
10217,2322
10218,1968
10219,1649
10220,1387
10221,1167
10222,979
10223,865
10224,832
10225,847
10226,912
10227,1008
10228,1110
10229,1147
10230,1167
10231,1136
10232,1115
10233,1044
10234,1008
10235,985
10236,973
10237,976
10238,979
10239,996
10240,1042
10241,1079
10242,1102
10243,1130
10244,1151
10245,1170
10246,1202
10247,1307
10248,1570
10249,2028
10250,2559
10251,3061
10252,3394
10253,3354
10254,3022
10255,2653
10256,2268
10257,1934
10258,1623
10259,1356
10260,1130
10261,965
10262,857
10263,847
10264,909
10265,976
10266,1089
10267,1168
10268,1193
10269,1185
10270,1153
10271,1104
10272,1055
10273,1013
10274,1007
10275,1007
10276,1002
10277,1023
10278,1072
10279,1078
10280,1097
10281,1124
10282,1136
10283,1154
10284,1183
10285,1271
10286,1535
10287,2004
10288,2503
10289,2933
10290,3175
10291,3100
10292,2817
10293,2461
10294,2112
10295,1767
10296,1483
10297,1239
10298,1015
10299,900
10300,848
10301,883
10302,947
10303,1072
10304,1173
10305,1233
10306,1218
10307,1210
10308,1148
10309,1109
10310,1073
10311,1045
10312,1039
10313,1051
10314,1055
10315,1104
10316,1110
10317,1142
10318,1151
10319,1178
10320,1203
10321,1199
10322,1296
10323,1535
10324,2000
10325,2503
10326,2935
10327,3200
10328,3142
10329,2878
10330,2525
10331,2175
10332,1842
10333,1565
10334,1317
10335,1110
10336,949
10337,880
10338,866
10339,913
10340,997
10341,1117
10342,1188
10343,1199
10344,1187
10345,1170
10346,1110
10347,1067
10348,1046
10349,1022
10350,1035
10351,1041
10352,1058
10353,1095
10354,1122
10355,1143
10356,1161
10357,1180
10358,1207
10359,1217
10360,1245
10361,1323
10362,1569
10363,2002
10364,2521
10365,3014
10366,3314
10367,3313
10368,3063
10369,2681
10370,2320
10371,1999
10372,1683
10373,1419
10374,1199
10375,1009
10376,909
10377,867
10378,908
10379,991
10380,1077
10381,1181
10382,1211
10383,1213
10384,1195
10385,1136
10386,1090
10387,1054
10388,1039
10389,1019
10390,1035
10391,1052
10392,1099
10393,1121
10394,1136
10395,1145
10396,1163
10397,1177
10398,1215
10399,1285
10400,1519
10401,1949
10402,2461
10403,2895
10404,3188
10405,3155
10406,2891
10407,2558
10408,2203
10409,1872
10410,1581
10411,1299
10412,1101
10413,970
10414,895
10415,912
10416,997
10417,1104
10418,1228
10419,1271
10420,1275
10421,1263
10422,1216
10423,1139
10424,1121
10425,1082
10426,1072
10427,1069
10428,1071
10429,1090
10430,1131
10431,1163
10432,1169
10433,1198
10434,1200
10435,1257
10436,1432
10437,1849
10438,2361
10439,2833
10440,3187
10441,3249
10442,3005
10443,2677
10444,2313
10445,1965
10446,1651
10447,1374
10448,1147
10449,976
10450,877
10451,853
10452,909
10453,988
10454,1088
10455,1182
10456,1217
10457,1203
10458,1161
10459,1115
10460,1067
10461,1042
10462,1008
10463,1006
10464,1005
10465,1040
10466,1087
10467,1093
10468,1120
10469,1136
10470,1154
10471,1180
10472,1215
10473,1299
10474,1578
10475,2057
10476,2610
10477,3120
10478,3455
10479,3408
10480,3083
10481,2692
10482,2315
10483,1958
10484,1631
10485,1360
10486,1142
10487,961
10488,866
10489,821
10490,839
10491,943
10492,1020
10493,1104
10494,1127
10495,1127
10496,1089
10497,1062
10498,1008
10499,981
10500,973
10501,972
10502,980
10503,976
10504,1038
10505,1063
10506,1088
10507,1110
10508,1135
10509,1152
10510,1187
10511,1213
10512,1319
10513,1654
10514,2162
10515,2703
10516,3190
10517,3441
10518,3311
10519,2928
10520,2559
10521,2204
10522,1844
10523,1519
10524,1270
10525,1047
10526,902
10527,831
10528,851
10529,925
10530,1023
10531,1141
10532,1186
10533,1191
10534,1171
10535,1149
10536,1104
10537,1054
10538,1039
10539,1020
10540,1023
10541,1046
10542,1079
10543,1104
10544,1125
10545,1141
10546,1169
10547,1186
10548,1198
10549,1232
10550,1394
10551,1762
10552,2271
10553,2800
10554,3195
10555,3302
10556,3093
10557,2739
10558,2379
10559,1987
10560,1680
10561,1360
10562,1145
10563,960
10564,848
10565,816
10566,875
10567,958
10568,1082
10569,1155
10570,1198
10571,1195
10572,1181
10573,1138
10574,1088
10575,1037
10576,1040
10577,1023
10578,1021
10579,1040
10580,1088
10581,1104
10582,1126
10583,1145
10584,1151
10585,1183
10586,1269
10587,1467
10588,1909
10589,2452
10590,2960
10591,3331
10592,3355
10593,3071
10594,2714
10595,2330
10596,1953
10597,1637
10598,1354
10599,1105
10600,928
10601,826
10602,804
10603,839
10604,912
10605,1035
10606,1132
10607,1157
10608,1165
10609,1136
10610,1123
10611,1045
10612,1009
10613,996
10614,1001
10615,997
10616,1006
10617,1046
10618,1086
10619,1114
10620,1121
10621,1163
10622,1181
10623,1200
10624,1218
10625,1262
10626,1409
10627,1794
10628,2348
10629,2896
10630,3403
10631,3547
10632,3349
10633,2950
10634,2539
10635,2169
10636,1821
10637,1507
10638,1231
10639,1015
10640,873
10641,813
10642,816
10643,890
10644,976
10645,1098
10646,1158
10647,1171
10648,1172
10649,1137
10650,1078
10651,1042
10652,1008
10653,1006
10654,989
10655,991
10656,1008
10657,1069
10658,1086
10659,1099
10660,1134
10661,1165
10662,1169
10663,1214
10664,1361
10665,1723
10666,2235
10667,2757
10668,3223
10669,3392
10670,3211
10671,2829
10672,2454
10673,2079
10674,1727
10675,1413
10676,1161
10677,973
10678,853
10679,829
10680,898
10681,980
10682,1104
10683,1201
10684,1230
10685,1226
10686,1203
10687,1150
10688,1106
10689,1079
10690,1049
10691,1033
10692,1043
10693,1049
10694,1086
10695,1107
10696,1136
10697,1152
10698,1158
10699,1179
10700,1303
10701,1584
10702,2080
10703,2624
10704,3120
10705,3395
10706,3299
10707,2960
10708,2581
10709,2197
10710,1842
10711,1531
10712,1255
10713,1009
10714,849
10715,784
10716,784
10717,865
10718,944
10719,1070
10720,1133
10721,1154
10722,1143
10723,1120
10724,1066
10725,1040
10726,1008
10727,995
10728,1002
10729,1003
10730,1022
10731,1082
10732,1104
10733,1111
10734,1146
10735,1157
10736,1173
10737,1255
10738,1495
10739,1968
10740,2512
10741,3060
10742,3472
10743,3502
10744,3184
10745,2768
10746,2374
10747,1986
10748,1668
10749,1364
10750,1106
10751,914
10752,787
10753,759
10754,786
10755,873
10756,965
10757,1073
10758,1125
10759,1131
10760,1133
10761,1102
10762,1042
10763,1008
10764,989
10765,974
10766,981
10767,983
10768,1040
10769,1067
10770,1084
10771,1115
10772,1127
10773,1162
10774,1168
10775,1216
10776,1392
10777,1783
10778,2336
10779,2879
10780,3340
10781,3463
10782,3222
10783,2845
10784,2445
10785,2064
10786,1711
10787,1415
10788,1161
10789,957
10790,849
10791,815
10792,839
10793,947
10794,1061
10795,1169
10796,1215
10797,1210
10798,1195
10799,1152
10800,1110
10801,1066
10802,1076
10803,1046
10804,1023
10805,1065
10806,1120
10807,1130
10808,1156
10809,1165
10810,1177
10811,1200
10812,1303
10813,1591
10814,2068
10815,2608
10816,3060
10817,3295
10818,3185
10819,2848
10820,2496
10821,2117
10822,1774
10823,1479
10824,1198
10825,982
10826,841
10827,787
10828,816
10829,895
10830,1036
10831,1133
10832,1184
10833,1205
10834,1186
10835,1167
10836,1119
10837,1077
10838,1066
10839,1063
10840,1048
10841,12001088
10842,1121
10843,1137
10844,1162
10845,1168
10846,1195
10847,1282
10848,1530
10849,2001
10850,2559
10851,3083
10852,3435
10853,3409
10854,3091
10855,2690
10856,2289
10857,1933
10858,1593
10859,1306
10860,1072
10861,887
10862,795
10863,787
10864,829
10865,915
10866,1022
10867,1116
10868,1143
10869,1157
10870,1135
10871,1102
10872,1052
10873,996
10874,999
10875,992
10876,993
10877,1010
10878,1062
10879,1075
10880,1103
10881,1131
10882,1159
10883,1193
10884,1210
10885,1
10886,1200
10887,1209
10888,1236
10889,1260
10890,1380
10891,1653
10892,2122
10893,2624
10894,3010
10895,3173
10896,2997
10897,2699
10898,2346
10899,2013
10900,1735
10901,1488
10902,1275
10903,1092
10904,971
10905,911
10906,912
10907,971
10908,1068
10909,1152
10910,1190
10911,1187
10912,1150
10913,1108
10914,1070
10915,1043
10916,1039
10917,1038
10918,1042
10919,1072
10920,1126
10921,1142
10922,1164
10923,1183
10924,1201
10925,1214
10926,1232
10927,1247
10928,1280
10929,1371
10930,1626
10931,2031
10932,2486
10933,2829
10934,2949
10935,2834
10936,2559
10937,2265
10938,1949
10939,1691
10940,1454
10941,1270
10942,1126
10943,1023
10944,1010
10945,1049
10946,1128
10947,1231
10948,1309
10949,1317
10950,1296
10951,1264
10952,1215
10953,1166
10954,1136
10955,1136
10956,1145
10957,1150
10958,1174
10959,1215
10960,1226
10961,1239
10962,1267
10963,1275
10964,1292
10965,1308
10966,1343
10967,1505
10968,1838
10969,2288
10970,2693
10971,2983
10972,3010
10973,2821
10974,2529
10975,2218
10976,1938
10977,1681
10978,1461
10979,1296
10980,1152
10981,1063
10982,1050
10983,1088
10984,1164
10985,1250
10986,1311
10987,1303
10988,1289
10989,1226
10990,1173
10991,1165
10992,1129
10993,1123
10994,1132
10995,1136
10996,1146
10997,1200
10998,1208
10999,1244
11000,1248
11001,1282
11002,1296
11003,1328
11004,1328
11005,1402
11006,1623
11007,2019
11008,2487
11009,2927
11010,3194
11011,3167
11012,2883
11013,2559
11014,2235
11015,1945
11016,1701
11017,1466
11018,1279
11019,1136
11020,1046
11021,1023
11022,1079
11023,1143
11024,1223
11025,1285
11026,1298
11027,1278
11028,1216
11029,1159
11030,1142
11031,1118
11032,1104
11033,1104
11034,1099
11035,1119
11036,1157
11037,1179
11038,1210
11039,1225
11040,1242
11041,1264
11042,1286
11043,1297
11044,1351
11045,1535
11046,1921
11047,2412
11048,2868
11049,3198
11050,3213
11051,2966
11052,2640
11053,2288
11054,1974
11055,1712
11056,1478
11057,1280
11058,1118
11059,1035
11060,1021
11061,1054
11062,1145
11063,1234
11064,1286
11065,1325
11066,1294
11067,1241
11068,1157
11069,1162
11070,1129
11071,1107
11072,1125
11073,1136
11074,1146
11075,1187
11076,1195
11077,1216
11078,1232
11079,1252
11080,1262
11081,1267
11082,1350
11083,1567
11084,1948
11085,2432
11086,2864
11087,3134
11088,3126
11089,2857
11090,2512
11091,2189
11092,1865
11093,1600
11094,1363
11095,1188
11096,1053
11097,1010
11098,1050
11099,1117
11100,1218
11101,1307
11102,1339
11103,1347
11104,1302
11105,1232
11106,1188
11107,1155
11108,1136
11109,1146
11110,1131
11111,1127
11112,1160
11113,1198
11114,1216
11115,1227
11116,1238
11117,1259
11118,1264
11119,1307
11120,1457
11121,1808
11122,2320
11123,2803
11124,3201
11125,3277
11126,3045
11127,2709
11128,2349
11129,1982
11130,1727
11131,1473
11132,1257
11133,1099
11134,1004
11135,976
11136,1023
11137,1115
11138,1200
11139,1270
11140,1279
11141,1251
11142,1232
11143,1146
11144,1105
11145,1087
11146,1078
11147,1071
11148,1079
11149,1097
11150,1142
11151,1168
11152,1186
11153,1205
11154,1232
11155,1243
11156,1276
11157,1291
11158,1317
11159,1423
11160,1743
11161,2224
11162,2738
11163,3218
11164,3410
11165,3246
11166,2880
11167,2503
11168,2145
11169,1842
11170,1584
11171,1347
11172,1163
11173,1019
11174,966
11175,975
11176,1022
11177,1121
11178,1205
11179,1242
11180,1252
11181,1216
11182,1148
11183,1098
11184,1071
11185,1061
11186,1051
11187,1051
11188,1058
11189,1101
11190,1137
11191,1151
11192,1174
11193,1207
11194,1230
11195,1250
11196,1267
11197,1296
11198,1315
11199,1405
11200,1664
11201,2122
11202,2634
11203,3099
11204,3362
11205,3231
11206,2905
11207,2534
11208,2174
11209,1872
11210,1610
11211,1367
11212,1183
11213,1066
11214,997
11215,1018
11216,1099
11217,1180
11218,1270
11219,1310
11220,1319
11221,1293
11222,1221
11223,1168
11224,1136
11225,1115
11226,1104
11227,1111
11228,1117
11229,1137
11230,1183
11231,1217
11232,1237
11233,1253
11234,1269
11235,1287
11236,1292
11237,1328
11238,1473
11239,1793
11240,2271
11241,2763
11242,3162
11243,3262
11244,3071
11245,2735
11246,2371
11247,2031
11248,1728
11249,1475
11250,1280
11251,1119
11252,1049
11253,1035
11254,1088
11255,1178
11256,1298
11257,1356
11258,1366
11259,1343
11260,1307
11261,1217
11262,1170
11263,1154
11264,1136
11265,1127
11266,1127
11267,1152
11268,1178
11269,1222
11270,1230
11271,1254
11272,1261
11273,1275
11274,1312
11275,1399
11276,1702
11277,2175
11278,2685
11279,3127
11280,3321
11281,3169
11282,2823
11283,2461
11284,2102
11285,1803
11286,1535
11287,1307
11288,1134
11289,1019
11290,966
11291,996
11292,1074
11293,1177
11294,1263
11295,1282
11296,1275
11297,1247
11298,1174
11299,1127
11300,1099
11301,1072
11302,1063
11303,1071
11304,1088
11305,1114
11306,1157
11307,1182
11308,1205
11309,1209
11310,1234
11311,1223
11312,1290
11313,1444
11314,1807
11315,2330
11316,2847
11317,3265
11318,3386
11319,3127
11320,2761
11321,2368
11322,2019
11323,1730
11324,1471
11325,1239
11326,1056
11327,950
11328,918
11329,953
11330,1049
11331,1147
11332,1211
11333,1235
11334,1231
11335,1179
11336,1135
11337,1071
11338,1051
11339,1023
11340,1023
11341,1035
11342,1070
11343,1105
11344,1126
11345,1167
11346,1185
11347,1197
11348,1211
11349,1231
11350,1249
11351,1274
11352,1411
11353,1771
11354,2281
11355,2800
11356,3248
11357,3352
11358,3136
11359,2762
11360,2375
11361,2021
11362,1707
11363,1452
11364,1228
11365,1047
11366,951
11367,937
11368,1003
11369,1098
11370,1216
11371,1278
11372,1300
11373,1275
11374,1232
11375,1159
11376,1106
11377,1090
11378,1073
11379,1072
11380,1072
11381,1103
11382,1150
11383,1168
11384,1195
11385,1185
11386,1214
11387,1213
11388,1245
11389,1333
11390,1648
11391,2112
11392,2640
11393,3059
11394,3227
11395,3071
11396,2731
11397,2365
11398,2002
11399,1695
11400,1441
11401,1206
11402,1041
11403,933
11404,910
11405,949
11406,1050
11407,1179
11408,1255
11409,1287
11410,1262
11411,1211
11412,1137
11413,1103
11414,1072
11415,1047
11416,1047
11417,1041
11418,1079
11419,1131
11420,1138
11421,1166
11422,1174
11423,1201
11424,1222
11425,1245
11426,1258
11427,1319
11428,1529
11429,1966
11430,2483
11431,2992
11432,3357
11433,3325
11434,3003
11435,2610
11436,2251
11437,1903
11438,1617
11439,1385
11440,1178
11441,1037
11442,955
11443,939
11444,973
11445,1054
11446,1123
11447,1219
11448,1232
11449,1211
11450,1185
11451,1119
11452,1073
11453,1061
11454,1023
11455,1034
11456,1046
11457,1077
11458,1115
11459,1137
11460,1165
11461,1188
11462,1215
11463,1231
11464,1229
11465,1263
11466,1361
11467,1669
11468,2137
11469,2656
11470,3101
11471,3305
11472,3147
11473,2819
11474,2451
11475,2096
11476,1782
11477,1518
11478,1295
11479,1119
11480,989
11481,938
11482,956
11483,1039
11484,1126
11485,1212
11486,1274
11487,1264
11488,1244
11489,1199
11490,1126
11491,1093
11492,1071
11493,1067
11494,1063
11495,1076
11496,1104
11497,1131
11498,1167
11499,1178
11500,1191
11501,1214
11502,1245
11503,1253
11504,1276
11505,1290
11506,1342
11507,1535
11508,1975
11509,2500
11510,2997
11511,3392
11512,3354
11513,3043
11514,2654
11515,2265
11516,1920
11517,1618
11518,1360
11519,1162
11520,1015
11521,953
11522,957
11523,1040
11524,1149
11525,1263
11526,1315
11527,1308
11528,1292
11529,1235
11530,1168
11531,1131
11532,1105
11533,1088
11534,1083
11535,1083
11536,1098
11537,1139
11538,1174
11539,1198
11540,1200
11541,1201
11542,1214
11543,1233
11544,1362
11545,1683
11546,2176
11547,2689
11548,3099
11549,3239
11550,3058
11551,2706
11552,2335
11553,1969
11554,1680
11555,1429
11556,1203
11557,1048
11558,944
11559,927
11560,957
11561,1053
11562,1174
11563,1232
11564,1259
11565,1231
11566,1212
11567,1136
11568,1087
11569,1053
11570,1034
11571,1018
11572,1043
11573,1069
11574,1090
11575,1135
11576,1152
11577,1168
11578,1191
11579,1195
11580,1224
11581,1264
11582,1448
11583,1834
11584,2359
11585,2845
11586,3204
11587,3260
11588,2999
11589,2640
11590,2279
11591,1942
11592,1666
11593,1407
11594,1198
11595,1040
11596,945
11597,915
11598,951
11599,1023
11600,1138
11601,1200
11602,1226
11603,1219
11604,1177
11605,1104
11606,1061
11607,1037
11608,1009
11609,1007
11610,1023
11611,1071
11612,1102
11613,1135
11614,1137
11615,1164
11616,1170
11617,1207
11618,1219
11619,1251
11620,1296
11621,1487
11622,1907
11623,2427
11624,2918
11625,3263
11626,3267
11627,2989
11628,2636
11629,2256
11630,1935
11631,1668
11632,1417
11633,1213
11634,1058
11635,955
11636,934
11637,977
11638,1060
11639,1169
11640,1233
11641,1243
11642,1223
11643,1183
11644,1120
11645,1078
11646,1047
11647,1040
11648,1023
11649,1046
11650,1078
11651,1116
11652,1134
11653,1152
11654,1179
11655,1191
11656,1200
11657,1222
11658,1235
11659,1298
11660,1473
11661,1849
11662,2370
11663,2853
11664,3215
11665,3231
11666,2983
11667,2624
11668,2254
11669,1917
11670,1627
11671,1392
11672,1188
11673,1005
11674,961
11675,990
11676,1040
11677,1125
11678,1232
11679,1293
11680,1282
11681,1254
11682,1188
11683,1133
11684,1104
11685,1070
11686,1058
11687,1079
11688,1074
11689,1112
11690,1140
11691,1167
11692,1182
11693,1193
11694,1223
11695,1223
11696,1241
11697,1328
11698,1611
11699,2074
11700,2599
11701,3057
11702,3295
11703,3163
11704,2827
11705,2455
11706,2083
11707,1767
11708,1495
11709,1265
11710,1074
11711,950
11712,893
11713,931
11714,1002
11715,1091
11716,1191
11717,1215
11718,1190
11719,1157
11720,1091
11721,1060
11722,1023
11723,1008
11724,1011
11725,1017
11726,1057
11727,1095
11728,1109
11729,1127
11730,1147
11731,1179
11732,1200
11733,1228
11734,1249
11735,1269
11736,1309
11737,1488
11738,1917
11739,2470
11740,2999
11741,3378
11742,3376
11743,3059
11744,2672
11745,2288
11746,1935
11747,1643
11748,1396
11749,1169
11750,1011
11751,901
11752,886
11753,914
11754,998
11755,1093
11756,1168
11757,1179
11758,1169
11759,1130
11760,1077
11761,1043
11762,1005
11763,995
11764,988
11765,998
11766,1040
11767,1064
11768,1088
11769,1109
11770,1153
11771,1177
11772,1190
11773,1217
11774,1234
11775,1258
11776,1324
11777,1580
11778,2033
11779,2557
11780,3040
11781,3312
11782,3214
11783,2893
11784,2497
11785,2132
11786,1798
11787,1519
11788,1286
11789,1088
11790,945
11791,884
11792,889
11793,962
11794,1072
11795,1183
11796,1235
11797,1243
11798,1215
11799,1154
11800,1099
11801,1059
11802,1050
11803,1046
11804,1055
11805,1059
11806,1094
11807,1120
11808,1132
11809,1166
11810,1175
11811,1216
11812,1232
11813,1249
11814,1277
11815,1335
11816,1531
11817,1941
11818,2470
11819,2947
11820,3249
11821,3199
11822,2896
11823,2542
11824,2177
11825,1829
11826,1535
11827,1305
11828,1103
11829,954
11830,907
11831,922
11832,1002
11833,1106
11834,1226
11835,1264
11836,1264
11837,1235
11838,1183
11839,1111
11840,1088
11841,1065
11842,1050
11843,1051
11844,1049
11845,1089
11846,1126
11847,1132
11848,1154
11849,1175
11850,1195
11851,1206
11852,1233
11853,1314
11854,1566
11855,2031
11856,2547
11857,3021
11858,3270
11859,3180
11860,2867
11861,2496
11862,2145
11863,1815
11864,1521
11865,1293
11866,1107
11867,976
11868,905
11869,906
11870,965
11871,1043
11872,1152
11873,1202
11874,1207
11875,1195
11876,1159
11877,1093
11878,1045
11879,1023
11880,1031
11881,1040
11882,1040
11883,1081
11884,1086
11885,1118
11886,1161
11887,1180
11888,1210
11889,1234
11890,1254
11891,1280
11892,1301
11893,1360
11894,1567
11895,1999
11896,2523
11897,3035
11898,3381
11899,3375
11900,3030
11901,2643
11902,2265
11903,1906
11904,1614
11905,1353
11906,1136
11907,976
11908,877
11909,859
11910,912
11911,1002
11912,1122
11913,1187
11914,1213
11915,1195
11916,1163
11917,1109
11918,1066
11919,1040
11920,1011
11921,1005
11922,1008
11923,1041
11924,1079
11925,1122
11926,1121
11927,1150
11928,1175
11929,1194
11930,1229
11931,1223
11932,1264
11933,1349
11934,1642
11935,2118
11936,2640
11937,3115
11938,3301
11939,3174
11940,2832
11941,2457
11942,2087
11943,1762
11944,1490
11945,1236
11946,1051
11947,935
11948,903
11949,948
11950,1061
11951,1175
11952,1264
11953,1309
11954,1296
11955,1264
11956,1203
11957,1143
11958,1109
11959,1074
11960,1065
11961,1065
11962,1069
11963,1088
11964,1136
11965,1151
11966,1175
11967,1176
11968,1187
11969,1206
11970,1312
11971,1627
11972,2130
11973,2640
11974,3071
11975,3231
11976,3063
11977,2737
11978,2363
11979,1998
11980,1683
11981,1414
11982,1183
11983,1008
11984,906
11985,881
11986,897
11987,1007
11988,1126
11989,1200
11990,1238
11991,1243
11992,1215
11993,1140
11994,1088
11995,1065
11996,1040
11997,1040
11998,1034
11999,1051
12000,1083
12001,1122
12002,1133
12003,1157
12004,1172
12005,1197
12006,1200
12007,1229
12008,1296
12009,1521
12010,1975
12011,2542
12012,186
12013,83379
12014,3372
12015,3046
12016,2659
12017,2265
12018,1910
12019,1616
12020,1361
12021,1146
12022,998
12023,889
12024,855
12025,897
12026,973
12027,1069
12028,1156
12029,1177
12030,1167
12031,1143
12032,1081
12033,1035
12034,1008
12035,972
12036,977
12037,990
12038,997
12039,1063
12040,1079
12041,1118
12042,1135
12043,1143
12044,1167
12045,1159
12046,1245
12047,1454
12048,1873
12049,2401
12050,2890
12051,3211
12052,3202
12053,2919
12054,2551
12055,2183
12056,1855
12057,1186
12058,1216
12059,1226
12060,1234
12061,1246
12062,1281
12063,1382
12064,1683
12065,2148
12066,2638
12067,2998
12068,3120
12069,2956
12070,2643
12071,2305
12072,1954
12073,1706
12074,1498
12075,1308
12076,1141
12077,1019
12078,964
12079,982
12080,1042
12081,1116
12082,1191
12083,1228
12084,1200
12085,1171
12086,1111
12087,1059
12088,1046
12089,1019
12090,1019
12091,1023
12092,1072
12093,1105
12094,1136
12095,1149
12096,1166
12097,1186
12098,1185
12099,1218
12100,1289
12101,1497
12102,1904
12103,2365
12104,2758
12105,2937
12106,2854
12107,2616
12108,2314
12109,2000
12110,1729
12111,1509
12112,1314
12113,1147
12114,1033
12115,979
12116,960
12117,1014
12118,1094
12119,1200
12120,1232
12121,1245
12122,1221
12123,1183
12124,1126
12125,1093
12126,1085
12127,1077
12128,1085
12129,1109
12130,1138
12131,1168
12132,1178
12133,1196
12134,1222
12135,1227
12136,1253
12137,1279
12138,1296
12139,1344
12140,1530
12141,1878
12142,2297
12143,2677
12144,2853
12145,2800
12146,2627
12147,2339
12148,2062
12149,1807
12150,1613
12151,1422
12152,1271
12153,1162
12154,1125
12155,1136
12156,1198
12157,1276
12158,1357
12159,1390
12160,1387
12161,1346
12162,1279
12163,1250
12164,1230
12165,1211
12166,1200
12167,1210
12168,1217
12169,1252
12170,1279
12171,1293
12172,1301
12173,1310
12174,1311
12175,1329
12176,1411
12177,1622
12178,1959
12179,2352
12180,2667
12181,2802
12182,2737
12183,2541
12184,2277
12185,2022
12186,1802
12187,1635
12188,1454
12189,1317
12190,1229
12191,1210
12192,1240
12193,1286
12194,1385
12195,1436
12196,1449
12197,1423
12198,1375
12199,1302
12200,1276
12201,1253
12202,1239
12203,1251
12204,1259
12205,1264
12206,1291
12207,1329
12208,1326
12209,1345
12210,1349
12211,1353
12212,1354
12213,1392
12214,1503
12215,1791
12216,2187
12217,2586
12218,2883
12219,2967
12220,2845
12221,2592
12222,2307
12223,2061
12224,1834
12225,1663
12226,1488
12227,1357
12228,1254
12229,1211
12230,1221
12231,1278
12232,1326
12233,1385
12234,1394
12235,1367
12236,1296
12237,1242
12238,1214
12239,1197
12240,1182
12241,1177
12242,1178
12243,1186
12244,1232
12245,1267
12246,1269
12247,1286
12248,1300
12249,1317
12250,1334
12251,1351
12252,1363
12253,1380
12254,1426
12255,1632
12256,1997
12257,2413
12258,2783
12259,2995
12260,2983
12261,2794
12262,2512
12263,2229
12264,1988
12265,1785
12266,1600
12267,1455
12268,1321
12269,1251
12270,1232
12271,1266
12272,1323
12273,1365
12274,1411
12275,1410
12276,1373
12277,1297
12278,1259
12279,1219
12280,1197
12281,1172
12282,1168
12283,1181
12284,1197
12285,1221
12286,1253
12287,1264
12288,1277
12289,1287
12290,1302
12291,1303
12292,1330
12293,1358
12294,1360
12295,1392
12296,1403
12297,1429
12298,1443
12299,1446
12300,1468
12301,1477
12302,1489
12303,1520
12304,1647
12305,1947
12306,2372
12307,2790
12308,3145
12309,3218
12310,3055
12311,2741
12312,2431
12313,2141
12314,1889
12315,1695
12316,1517
12317,1364
12318,1286
12319,1240
12320,1260
12321,1322
12322,1381
12323,1450
12324,1459
12325,1427
12326,1335
12327,1283
12328,1249
12329,1206
12330,1199
12331,1185
12332,1191
12333,1195
12334,1217
12335,1242
12336,1273
12337,1283
12338,1289
12339,1296
12340,1314
12341,1345
12342,1351
12343,1369
12344,1375
12345,1417
12346,1526
12347,1786
12348,2196
12349,2592
12350,2911
12351,3024
12352,2903
12353,2655
12354,2354
12355,2079
12356,1839
12357,1623
12358,1451
12359,1311
12360,1219
12361,1205
12362,1221
12363,1317
12364,1400
12365,1449
12366,1451
12367,1413
12368,1339
12369,1276
12370,1226
12371,1203
12372,1191
12373,1185
12374,1187
12375,1187
12376,1235
12377,1264
12378,1268
12379,1266
12380,1286
12381,1296
12382,1299
12383,1329
12384,1444
12385,1749
12386,2167
12387,2608
12388,2931
12389,3043
12390,2896
12391,2635
12392,2316
12393,2015
12394,1786
12395,1590
12396,1393
12397,1246
12398,1137
12399,1089
12400,1121
12401,1174
12402,1246
12403,1327
12404,1335
12405,1326
12406,1251
12407,1185
12408,1127
12409,1107
12410,1088
12411,1088
12412,1082
12413,1103
12414,1136
12415,1174
12416,1188
12417,1186
12418,1199
12419,1233
12420,1249
12421,1274
12422,1293
12423,1303
12424,1319
12425,1348
12426,1424
12427,1675
12428,2095
12429,2589
12430,3008
12431,3247
12432,3165
12433,2886
12434,2529
12435,2199
12436,1910
12437,1669
12438,1473
12439,1303
12440,1159
12441,1072
12442,1056
12443,1082
12444,1148
12445,1247
12446,1297
12447,1296
12448,1262
12449,1184
12450,1145
12451,1103
12452,1072
12453,1072
12454,1063
12455,1079
12456,1084
12457,1118
12458,1147
12459,1161
12460,1174
12461,1193
12462,1215
12463,1229
12464,1241
12465,1261
12466,1292
12467,1424
12468,1721
12469,2167
12470,2611
12471,2947
12472,3013
12473,2864
12474,2559
12475,2239
12476,1936
12477,1676
12478,1455
12479,1281
12480,1136
12481,1069
12482,1050
12483,1102
12484,1200
12485,1296
12486,1360
12487,1369
12488,1353
12489,1296
12490,1217
12491,1169
12492,1143
12493,1136
12494,1143
12495,1155
12496,1199
12497,1201
12498,1226
12499,1231
12500,1244
12501,1245
12502,1263
12503,1287
12504,1295
12505,1322
12506,1402
12507,1678
12508,2103
12509,2580
12510,2942
12511,3095
12512,2981
12513,2676
12514,2349
12515,2031
12516,1746
12517,1521
12518,1337
12519,1169
12520,1078
12521,1050
12522,1083
12523,1152
12524,1264
12525,1342
12526,1361
12527,1347
12528,1294
12529,1207
12530,1166
12531,1127
12532,1127
12533,1107
12534,1119
12535,1127
12536,1167
12537,1191
12538,1205
12539,1232
12540,1243
12541,1261
12542,1280
12543,1293
12544,1314
12545,1342
12546,1411
12547,1659
12548,2115
12549,2606
12550,3047
12551,3280
12552,3190
12553,2873
12554,2523
12555,2190
12556,1879
12557,1645
12558,1441
12559,1264
12560,1136
12561,1047
12562,1043
12563,1089
12564,1159
12565,1258
12566,1293
12567,1279
12568,1259
12569,1161
12570,1107
12571,1059
12572,1023
12573,1008
12574,1017
12575,1045
12576,1058
12577,1105
12578,1136
12579,1160
12580,1174
12581,1198
12582,1213
12583,1243
12584,1260
12585,1284
12586,1315
12587,1333
12588,1360
12589,1374
12590,1399
12591,1515
12592,1813
12593,2303
12594,2833
12595,3324
12596,3525
12597,3355
12598,2968
12599,2559
12600,2197
12601,1873
12602,1627
12603,1399
12604,1216
12605,1087
12606,1022
12607,1023
12608,1099
12609,1183
12610,1284
12611,1319
12612,1308
12613,1263
12614,1183
12615,1125
12616,1087
12617,1056
12618,1040
12619,1040
12620,1040
12621,1046
12622,1104
12623,1117
12624,1142
12625,1152
12626,1178
12627,1194
12628,1216
12629,1232
12630,1263
12631,1316
12632,1498
12633,1895
12634,2391
12635,2861
12636,3184
12637,3196
12638,2941
12639,2592
12640,2235
12641,1899
12642,1620
12643,1381
12644,1200
12645,1069
12646,979
12647,980
12648,1056
12649,1159
12650,1266
12651,1312
12652,1328
12653,1296
12654,1232
12655,1157
12656,1123
12657,1099
12658,1077
12659,1081
12660,1085
12661,1089
12662,1133
12663,1157
12664,1175
12665,1179
12666,1203
12667,1205
12668,1230
12669,1242
12670,1271
12671,1296
12672,1473
12673,1855
12674,2384
12675,2896
12676,3281
12677,3345
12678,3087
12679,2718
12680,2343
12681,1991
12682,1709
12683,1477
12684,1291
12685,1120
12686,1008
12687,963
12688,981
12689,1049
12690,1127
12691,1214
12692,1241
12693,1243
12694,1190
12695,1104
12696,1072
12697,1023
12698,1002
12699,988
12700,993
12701,995
12702,1040
12703,1083
12704,1105
12705,1125
12706,1139
12707,1164
12708,1191
12709,1212
12710,1233
12711,1265
12712,1278
12713,1306
12714,1316
12715,1384
12716,1582
12717,2000
12718,2545
12719,3066
12720,3474
12721,3504
12722,3181
12723,2771
12724,2357
12725,2009
12726,1711
12727,1456
12728,1250
12729,1083
12730,973
12731,940
12732,972
12733,1023
12734,1122
12735,1206
12736,1244
12737,1232
12738,1190
12739,1110
12740,1071
12741,1034
12742,999
12743,994
12744,986
12745,1007
12746,1015
12747,1081
12748,1106
12749,1120
12750,1136
12751,1161
12752,1184
12753,1190
12754,1227
12755,1250
12756,1291
12757,1479
12758,1872
12759,2384
12760,2859
12761,3186
12762,3214
12763,2950
12764,2608
12765,2246
12766,1898
12767,1616
12768,1380
12769,1167
12770,1034
12771,944
12772,955
12773,1008
12774,1125
12775,1243
12776,1299
12777,1303
12778,1285
12779,1219
12780,1163
12781,1106
12782,1085
12783,1071
12784,1072
12785,1068
12786,1074
12787,1076
12788,1136
12789,1147
12790,1162
12791,1169
12792,1187
12793,1200
12794,1232
12795,1374
12796,1708
12797,2201
12798,2697
12799,3068
12800,3197
12801,3008
12802,2679
12803,2320
12804,1958
12805,1675
12806,1415
12807,1200
12808,1045
12809,953
12810,930
12811,986
12812,1072
12813,1177
12814,1251
12815,1269
12816,1254
12817,1203
12818,1127
12819,1075
12820,1051
12821,1023
12822,1040
12823,1040
12824,1053
12825,1104
12826,1130
12827,1126
12828,1145
12829,1163
12830,1182
12831,1185
12832,1266
12833,1518
12834,1968
12835,2500
12836,2953
12837,3250
12838,3184
12839,2893
12840,2517
12841,2175
12842,1840
12843,1584
12844,1359
12845,1159
12846,991
12847,928
12848,889
12849,940
12850,1018
12851,1132
12852,1173
12853,1194
12854,1167
12855,1101
12856,1046
12857,1014
12858,976
12859,974
12860,976
12861,989
12862,995
12863,1052
12864,1073
12865,1093
12866,1118
12867,1134
12868,1157
12869,1181
12870,1201
12871,1229
12872,1242
12873,1257
12874,1345
12875,1634
12876,2113
12877,2654
12878,3097
12879,3344
12880,3201
12881,2880
12882,2513
12883,2160
12884,1840
12885,1589
12886,1382
12887,1195
12888,1041
12889,955
12890,927
12891,977
12892,1055
12893,1142
12894,1199
12895,1217
12896,1197
12897,1143
12898,1073
12899,1040
12900,995
12901,992
12902,991
12903,987
12904,1008
12905,1049
12906,1072
12907,1072
12908,1091
12909,1121
12910,1147
12911,1171
12912,1198
12913,1226
12914,1248
12915,1263
12916,1391
12917,1681
12918,2156
12919,2638
12920,3022
12921,3187
12922,3032
12923,2705
12924,2357
12925,2022
12926,1719
12927,1474
12928,1277
12929,1092
12930,976
12931,944
12932,971
12933,1051
12934,1168
12935,1249
12936,1296
12937,1286
12938,1259
12939,1189
12940,1141
12941,1122
12942,1104
12943,1088
12944,1103
12945,1111
12946,1137
12947,1154
12948,1162
12949,1174
12950,1186
12951,1200
12952,1215
12953,1223
12954,1267
12955,1370
12956,1680
12957,2144
12958,2631
12959,2995
12960,3143
12961,2997
12962,2688
12963,2337
12964,2000
12965,1724
12966,1473
12967,1261
12968,1086
12969,979
12970,942
12971,971
12972,1041
12973,1120
12974,1205
12975,1243
12976,1219
12977,1198
12978,1117
12979,1075
12980,1045
12981,1034
12982,1038
12983,1054
12984,1058
12985,1115
12986,1126
12987,1137
12988,1159
12989,1184
12990,1211
12991,1232
12992,1247
12993,1265
12994,1280
12995,1307
12996,1387
12997,1669
12998,2137
12999,2672
13000,3150
13001,3424
13002,3327
13003,3002
13004,2616
13005,2237
13006,1904
13007,1648
13008,1431
13009,1226
13010,1072
13011,969
13012,919
13013,973
13014,1023
13015,1113
13016,1181
13017,1194
13018,1153
13019,1123
13020,1063
13021,1023
13022,1002
13023,974
13024,973
13025,973
13026,993
13027,1050
13028,1074
13029,1102
13030,1120
13031,1142
13032,1158
13033,1186
13034,1202
13035,1215
13036,1286
13037,1477
13038,1902
13039,2425
13040,2909
13041,3248
13042,3265
13043,3012
13044,2646
13045,2279
13046,1940
13047,1653
13048,1426
13049,1218
13050,1055
13051,948
13052,930
13053,937
13054,1023
13055,1131
13056,1211
13057,1233
13058,1234
13059,1172
13060,1125
13061,1072
13062,1049
13063,1033
13064,1014
13065,1033
13066,1045
13067,1088
13068,1099
13069,1135
13070,1143
13071,1153
13072,1171
13073,1197
13074,1233
13075,1360
13076,1712
13077,2192
13078,2668
13079,3028
13080,3098
13081,2917
13082,2609
13083,2263
13084,1904
13085,1638
13086,1397
13087,1183
13088,1010
13089,935
13090,940
13091,1008
13092,1111
13093,1243
13094,1297
13095,1315
13096,1293
13097,1232
13098,1163
13099,1126
13100,1093
13101,1075
13102,1072
13103,1084
13104,1094
13105,1105
13106,1146
13107,1177
13108,1174
13109,1198
13110,1214
13111,1232
13112,1254
13113,1340
13114,1584
13115,2033
13116,2553
13117,3007
13118,3273
13119,3196
13120,2891
13121,2523
13122,2151
13123,1841
13124,1565
13125,1322
13126,1135
13127,982
13128,912
13129,912
13130,1003
13131,1078
13132,1196
13133,1253
13134,1250
13135,1221
13136,1148
13137,1085
13138,1051
13139,1040
13140,1023
13141,1019
13142,1039
13143,1045
13144,1099
13145,1120
13146,1131
13147,1156
13148,1172
13149,1200
13150,1214
13151,1245
13152,1271
13153,1310
13154,1342
13155,1369
13156,1360
13157,1379
13158,1421
13159,1594
13160,1965
13161,2500
13162,3057
13163,3583
13164,3701
13165,3441
13166,2963
13167,2537
13168,2147
13169,1808
13170,1535
13171,1312
13172,1122
13173,1001
13174,942
13175,941
13176,991
13177,1087
13178,1189
13179,1243
13180,1233
13181,1211
13182,1138
13183,1089
13184,1060
13185,28511005
13186,1002
13187,1008
13188,1023
13189,1073
13190,1100
13191,1106
13192,1136
13193,1162
13194,1178
13195,1211
13196,1233
13197,1255
13198,1285
13199,1321
13200,1344
13201,1364
13202,1379
13203,1437
13204,1674
13205,2106
13206,2637
13207,3186
13208,3599
13209,3557
13210,3226
13211,2786
13212,2377
13213,2013
13214,1708
13215,1437
13216,1219
13217,1051
13218,957
13219,942
13220,976
13221,1083
13222,1164
13223,1248
13224,1274
13225,1263
13226,1223
13227,1149
13228,1
13229,2851
13230,2549
13231,2215
13232,1904
13233,1637
13234,1417
13235,1227
13236,1087
13237,1008
13238,1022
13239,1082
13240,1190
13241,1317
13242,1378
13243,1367
13244,1345
13245,1270
13246,1200
13247,1163
13248,1126
13249,1106
13250,1127
13251,1127
13252,1143
13253,1195
13254,1201
13255,1220
13256,1233
13257,1254
13258,1259
13259,1269
13260,1347
13261,1586
13262,1991
13263,2478
13264,2877
13265,3085
13266,2997
13267,2732
13268,2400
13269,2081
13270,1772
13271,1535
13272,1333
13273,1191
13274,1067
13275,1010
13276,1035
13277,1107
13278,1179
13279,1311
13280,1326
13281,1306
13282,1237
13283,1162
13284,1116
13285,1103
13286,1077
13287,1082
13288,1088
13289,1089
13290,1157
13291,1168
13292,1188
13293,1198
13294,1199
13295,1227
13296,1226
13297,1254
13298,1359
13299,1678
13300,2160
13301,2656
13302,3067
13303,3225
13304,3051
13305,2730
13306,2384
13307,2062
13308,1782
13309,1569
13310,1382
13311,1216
13312,1083
13313,1007
13314,1009
13315,1059
13316,1136
13317,1200
13318,1248
13319,1230
13320,1166
13321,1101
13322,1065
13323,1023
13324,1005
13325,1008
13326,1023
13327,1043
13328,1078
13329,1104
13330,1130
13331,1149
13332,1173
13333,1197
13334,1209
13335,1230
13336,1243
13337,1270
13338,1264
13339,1306
13340,1363
13341,1597
13342,2065
13343,2559
13344,3102
13345,3394
13346,3280
13347,2945
13348,2591
13349,2233
13350,1911
13351,1681
13352,1473
13353,1299
13354,1151
13355,1060
13356,1035
13357,1063
13358,1134
13359,1232
13360,1297
13361,1296
13362,1263
13363,1199
13364,1129
13365,1087
13366,1073
13367,1045
13368,1040
13369,1058
13370,1066
13371,1075
13372,1129
13373,1141
13374,1165
13375,1173
13376,1187
13377,1221
13378,1227
13379,1268
13380,1373
13381,1690
13382,2142
13383,2624
13384,2956
13385,3043
13386,2864
13387,2549
13388,2223
13389,1882
13390,1638
13391,1424
13392,1233
13393,1089
13394,1007
13395,998
13396,1069
13397,1168
13398,1294
13399,1356
13400,1351
13401,1296
13402,1239
13403,1169
13404,1136
13405,1113
13406,1104
13407,1104
13408,1120
13409,1131
13410,1155
13411,1180
13412,1200
13413,1205
13414,1218
13415,1223
13416,1231
13417,1261
13418,1403
13419,1780
13420,2271
13421,2745
13422,3094
13423,3107
13424,2879
13425,2532
13426,2170
13427,1841
13428,1593
13429,1381
13430,1200
13431,1059
13432,976
13433,963
13434,1015
13435,1122
13436,1233
13437,1270
13438,1280
13439,1232
13440,1150
13441,1084
13442,1050
13443,1039
13444,1040
13445,1040
13446,1047
13447,1084
13448,1122
13449,1136
13450,1155
13451,1176
13452,1184
13453,1216
13454,1221
13455,1245
13456,1264
13457,1277
13458,1360
13459,1651
13460,2154
13461,2702
13462,3188
13463,3402
13464,3225
13465,2848
13466,2473
13467,2111
13468,1799
13469,1583
13470,1381
13471,1218
13472,1061
13473,974
13474,944
13475,989
13476,1069
13477,1153
13478,1199
13479,1200
13480,1166
13481,1082
13482,1018
13483,979
13484,955
13485,942
13486,943
13487,955
13488,973
13489,1023
13490,1046
13491,1083
13492,1101
13493,1135
13494,1153
13495,1191
13496,1214
13497,1245
13498,1273
13499,1296
13500,1311
13501,1341
13502,1358
13503,1379
13504,1389
13505,1424
13506,1627
13507,2080
13508,2646
13509,3278
13510,3647
13511,3632
13512,3219
13513,2769
13514,2359
13515,2003
13516,1722
13517,1477
13518,1273
13519,1115
13520,1011
13521,984
13522,1023
13523,1107
13524,1204
13525,1268
13526,1264
13527,1232
13528,1141
13529,1091
13530,1035
13531,1018
13532,987
13533,987
13534,970
13535,1002
13536,1023
13537,1075
13538,1089
13539,1101
13540,1131
13541,1143
13542,1162
13543,1179
13544,1211
13545,1243
13546,1255
13547,1296
13548,1455
13549,1826
13550,2336
13551,2848
13552,3243
13553,3303
13554,3053
13555,2671
13556,2295
13557,1943
13558,1666
13559,1424
13560,1222
13561,1072
13562,976
13563,971
13564,1015
13565,1110
13566,1233
13567,1292
13568,1306
13569,1264
13570,1184
13571,1127
13572,1073
13573,1053
13574,1012
13575,1023
13576,1040
13577,1068
13578,1099
13579,1122
13580,1130
13581,1146
13582,1152
13583,1175
13584,1196
13585,1217
13586,1232
13587,1264
13588,1359
13589,1648
13590,2163
13591,2704
13592,3169
13593,3387
13594,3229
13595,2874
13596,2481
13597,2127
13598,1805
13599,1554
13600,1335
13601,1169
13602,1022
13603,944
13604,925
13605,976
13606,1072
13607,1155
13608,1219
13609,1215
13610,1195
13611,1104
13612,1060
13613,1015
13614,991
13615,983
13616,981
13617,993
13618,1011
13619,1065
13620,1090
13621,1106
13622,1126
13623,1136
13624,1170
13625,1198
13626,1203
13627,1227
13628,1251
13629,1280
13630,1321
13631,1343
13632,1360
13633,1382
13634,1389
13635,1407
13636,1467
13637,1728
13638,2219
13639,2791
13640,3407
13641,3786
13642,3728
13643,3278
13644,2797
13645,2366
13646,2010
13647,1712
13648,1478
13649,1278
13650,1104
13651,997
13652,949
13653,977
13654,1053
13655,1141
13656,1221
13657,1238
13658,1229
13659,1177
13660,1094
13661,1041
13662,997
13663,976
13664,975
13665,995
13666,999
13667,1023
13668,1067
13669,1090
13670,1104
13671,1127
13672,1141
13673,1171
13674,1200
13675,1222
13676,1231
13677,1277
13678,1296
13679,1326
13680,1344
13681,1354
13682,1386
13683,1429
13684,1616
13685,2064
13686,2608
13687,3163
13688,3542
13689,3569
13690,3216
13691,2800
13692,2384
13693,2007
13694,1705
13695,1438
13696,1210
13697,1046
13698,967
13699,945
13700,1023
13701,1136
13702,1278
13703,1348
13704,1360
13705,1345
13706,1300
13707,1216
13708,1167
13709,1119
13710,1103
13711,1074
13712,1056
13713,1063
13714,1072
13715,1101
13716,1141
13717,1149
13718,1155
13719,1188
13720,1201
13721,1235
13722,1258
13723,1266
13724,1309
13725,1447
13726,1803
13727,2323
13728,2877
13729,3315
13730,3483
13731,3249
13732,2871
13733,2446
13734,2100
13735,1751
13736,1488
13737,1264
13738,1091
13739,951
13740,920
13741,934
13742,1001
13743,1127
13744,1220
13745,1255
13746,1231
13747,1193
13748,1104
13749,1059
13750,1019
13751,1003
13752,981
13753,990
13754,1014
13755,1040
13756,1087
13757,1093
13758,1114
13759,1121
13760,1152
13761,1163
13762,1185
13763,1203
13764,1226
13765,1250
13766,1286
13767,1396
13768,1759
13769,2293
13770,2889
13771,3437
13772,3670
13773,3456
13774,3034
13775,2608
13776,2224
13777,1872
13778,1590
13779,1333
13780,1142
13781,977
13782,880
13783,866
13784,902
13785,985
13786,1097
13787,1169
13788,1191
13789,1173
13790,1143
13791,1064
13792,1018
13793,993
13794,958
13795,972
13796,971
13797,976
13798,1023
13799,1055
13800,1079
13801,1083
13802,1107
13803,1152
13804,1163
13805,1195
13806,1209
13807,1233
13808,1263
13809,1359
13810,1647
13811,2134
13812,2675
13813,3170
13814,3440
13815,3326
13816,2970
13817,2592
13818,2195
13819,1835
13820,1535
13821,1294
13822,1089
13823,953
13824,889
13825,914
13826,992
13827,1139
13828,1241
13829,1291
13830,1306
13831,1277
13832,1235
13833,1151
13834,1109
13835,1083
13836,1055
13837,1047
13838,1055
13839,1072
13840,1116
13841,1154
13842,1159
13843,1168
13844,1200
13845,1229
13846,1243
13847,1261
13848,1269
13849,1310
13850,1456
13851,1818
13852,2343
13853,2867
13854,3287
13855,3419
13856,3177
13857,2811
13858,2425
13859,2041
13860,1715
13861,1427
13862,1209
13863,1012
13864,913
13865,875
13866,903
13867,989
13868,1130
13869,1203
13870,1248
13871,1219
13872,1180
13873,1117
13874,1062
13875,1022
13876,1006
13877,995
13878,1004
13879,1014
13880,1062
13881,1086
13882,1092
13883,1115
13884,1130
13885,1143
13886,1173
13887,1187
13888,1216
13889,1258
13890,1252
13891,1281
13892,1298
13893,1387
13894,1691
13895,2216
13896,2801
13897,3387
13898,3723
13899,3575
13900,3152
13901,2685
13902,2262
13903,1920
13904,1603
13905,1365
13906,1153
13907,993
13908,891
13909,861
13910,906
13911,990
13912,1114
13913,1175
13914,1197
13915,1181
13916,1148
13917,1082
13918,1023
13919,982
13920,958
13921,955
13922,955
13923,970
13924,1004
13925,1042
13926,1040
13927,1059
13928,1093
13929,1104
13930,1125
13931,1143
13932,1169
13933,1214
13934,1221
13935,1243
13936,1271
13937,1300
13938,1325
13939,1344
13940,1348
13941,1423
13942,1648
13943,2113
13944,2671
13945,3232
13946,3636
13947,3607
13948,3266
13949,2827
13950,2423
13951,2062
13952,1733
13953,1475
13954,1265
13955,1069
13956,947
13957,912
13958,939
13959,1001
13960,1102
13961,1199
13962,1241
13963,1222
13964,1187
13965,1107
13966,1057
13967,1021
13968,998
13969,987
13970,976
13971,982
13972,983
13973,1036
13974,1065
13975,1075
13976,1088
13977,1113
13978,1135
13979,1153
13980,1188
13981,1213
13982,1250
13983,1292
13984,1293
13985,1328
13986,1328
13987,1376
13988,1572
13989,1941
13990,2435
13991,2922
13992,3280
13993,3333
13994,3107
13995,2754
13996,2391
13997,2064
13998,1738
13999,1485
14000,1264
14001,1097
14002,991
14003,976
14004,1023
14005,1134
14006,1255
14007,1337
14008,1366
14009,1371
14010,1331
14011,1243
14012,1197
14013,1158
14014,1136
14015,1106
14016,1104
14017,1103
14018,1104
14019,1104
14020,1119
14021,1158
14022,1171
14023,1184
14024,1194
14025,1207
14026,1231
14027,1244
14028,1264
14029,1328
14030,1534
14031,1927
14032,2444
14033,2899
14034,3247
14035,3247
14036,3030
14037,2695
14038,2321
14039,1987
14040,1701
14041,1456
14042,1239
14043,1073
14044,989
14045,944
14046,978
14047,1081
14048,1177
14049,1247
14050,1278
14051,1265
14052,1232
14053,1146
14054,1104
14055,1065
14056,1039
14057,1017
14058,1008
14059,1008
14060,1011
14061,1071
14062,1101
14063,1103
14064,1128
14065,1147
14066,1168
14067,1184
14068,1214
14069,1234
14070,1256
14071,1301
14072,1467
14073,1858
14074,2371
14075,2886
14076,3279
14077,3408
14078,3195
14079,2844
14080,2480
14081,2142
14082,1826
14083,1565
14084,1349
14085,1167
14086,1013
14087,930
14088,926
14089,972
14090,1058
14091,1162
14092,1198
14093,1202
14094,1184
14095,1141
14096,1074
14097,1023
14098,983
14099,970
14100,958
14101,957
14102,967
14103,1015
14104,1035
14105,1066
14106,1074
14107,1091
14108,1117
14109,1154
14110,1166
14111,1200
14112,1222
14113,1291
14114,1499
14115,1930
14116,2438
14117,2909
14118,3237
14119,3275
14120,3007
14121,2674
14122,2315
14123,1981
14124,1694
14125,1453
14126,1231
14127,1060
14128,939
14129,912
14130,933
14131,1004
14132,1103
14133,1199
14134,1229
14135,1229
14136,1199
14137,1167
14138,1092
14139,1077
14140,1053
14141,1041
14142,1035
14143,1023
14144,1041
14145,1074
14146,1096
14147,1107
14148,1117
14149,1144
14150,1155
14151,1168
14152,1203
14153,1293
14154,1559
14155,1995
14156,2481
14157,2886
14158,3095
14159,3034
14160,2774
14161,2454
14162,2128
14163,1828
14164,1535
14165,1310
14166,1125
14167,994
14168,954
14169,975
14170,1057
14171,1152
14172,1258
14173,1286
14174,1279
14175,1234
14176,1182
14177,1121
14178,1089
14179,1060
14180,1044
14181,1041
14182,1050
14183,1061
14184,1110
14185,1109
14186,1136
14187,1135
14188,1138
14189,1143
14190,1167
14191,1274
14192,1535
14193,2006
14194,2503
14195,2896
14196,3101
14197,3029
14198,2769
14199,2429
14200,2103
14201,1796
14202,1531
14203,1326
14204,1131
14205,976
14206,886
14207,869
14208,912
14209,987
14210,1095
14211,1138
14212,1143
14213,1131
14214,1072
14215,1008
14216,979
14217,956
14218,947
14219,951
14220,962
14221,1012
14222,1042
14223,1043
14224,1082
14225,1105
14226,1117
14227,1157
14228,1174
14229,1191
14230,1217
14231,1261
14232,1411
14233,1773
14234,2273
14235,2787
14236,3195
14237,3334
14238,3158
14239,2807
14240,2451
14241,2103
14242,1789
14243,1562
14244,1329
14245,1136
14246,965
14247,892
14248,860
14249,885
14250,927
14251,1015
14252,1079
14253,1094
14254,1073
14255,1023
14256,977
14257,928
14258,925
14259,923
14260,916
14261,938
14262,973
14263,1002
14264,1040
14265,1056
14266,1077
14267,1104
14268,1123
14269,1153
14270,1175
14271,1199
14272,1221
14273,1296
14274,1498
14275,1923
14276,2433
14277,2893
14278,3229
14279,3230
14280,2946
14281,2612
14282,2261
14283,1926
14284,1648
14285,1411
14286,1201
14287,1019
14288,912
14289,880
14290,907
14291,975
14292,1070
14293,1151
14294,1184
14295,1175
14296,1130
14297,1074
14298,1017
14299,990
14300,974
14301,979
14302,987
14303,986
14304,1054
14305,1075
14306,1086
14307,1105
14308,1123
14309,1139
14310,1152
14311,1209
14312,1360
14313,1715
14314,2160
14315,2631
14316,2971
14317,3036
14318,2864
14319,2554
14320,2209
14321,1874
14322,1590
14323,1358
14324,1149
14325,981
14326,897
14327,878
14328,937
14329,1035
14330,1154
14331,1218
14332,1222
14333,1199
14334,1135
14335,1088
14336,1047
14337,1015
14338,993
14339,1002
14340,1008
14341,1018
14342,1086
14343,1092
14344,1105
14345,1130
14346,1141
14347,1142
14348,1177
14349,1306
14350,1654
14351,2155
14352,2652
14353,3041
14354,3178
14355,2973
14356,2640
14357,2279
14358,1936
14359,1662
14360,1408
14361,1210
14362,1017
14363,898
14364,834
14365,848
14366,1809988
14367,1095
14368,1113
14369,1095
14370,1046
14371,976
14372,945
14373,923
14374,920
14375,915
14376,934
14377,981
14378,1008
14379,1023
14380,1047
14381,1072
14382,1103
14383,1134
14384,1136
14385,1153
14386,1175
14387,1246
14388,1511
14389,1968
14390,2505
14391,2943
14392,3163
14393,3090
14394,2771
14395,2423
14396,2070
14397,1763
14398,1511
14399,1296
14400,1115
14401,933
14402,829
14403,801
14404,816
14405,871
14406,944
14407,1035
14408,1065
14409,1039
14410,1008
14411,1809
14412,1671
14413,1535
14414,1429
14415,1365
14416,1346
14417,1363
14418,1413
14419,1454
14420,1492
14421,1483
14422,1420
14423,1379
14424,1328
14425,1291
14426,1277
14427,1267
14428,1265
14429,1262
14430,1273
14431,1283
14432,1344
14433,1353
14434,1343
14435,1355
14436,1366
14437,1369
14438,1371
14439,1390
14440,1507
14441,1745
14442,2100
14443,2477
14444,2767
14445,2864
14446,2798
14447,2607
14448,2366
14449,2139
14450,1936
14451,1774
14452,1611
14453,1452
14454,1358
14455,1291
14456,1276
14457,1306
14458,1344
14459,1361
14460,1345
14461,1306
14462,1258
14463,1211
14464,1156
14465,1111
14466,1110
14467,1097
14468,1104
14469,1104
14470,1109
14471,1135
14472,1168
14473,1179
14474,1207
14475,1218
14476,1230
14477,1245
14478,1263
14479,1280
14480,1282
14481,1392
14482,1648
14483,2046
14484,2466
14485,2799
14486,2939
14487,2832
14488,2588
14489,2298
14490,2026
14491,1791
14492,1595
14493,1407
14494,1266
14495,1165
14496,1103
14497,1101
14498,1141
14499,1200
14500,1263
14501,1287
14502,1260
14503,1203
14504,1146
14505,1098
14506,1082
14507,1062
14508,1056
14509,1058
14510,1073
14511,1095
14512,1135
14513,1168
14514,1171
14515,1195
14516,1200
14517,1226
14518,1232
14519,1256
14520,1283
14521,1296
14522,1303
14523,1331
14524,1383
14525,1506
14526,1809
14527,2243
14528,2642
14529,2882
14530,2899
14531,2757
14532,2446
14533,2158
14534,1870
14535,1631
14536,1429
14537,1265
14538,1150
14539,1102
14540,1099
14541,1162
14542,1261
14543,1346
14544,1375
14545,1360
14546,1326
14547,1249
14548,1193
14549,1168
14550,1152
14551,1155
14552,1141
14553,1153
14554,1184
14555,1227
14556,1233
14557,1261
14558,1274
14559,1283
14560,1291
14561,1303
14562,1347
14563,1477
14564,1787
14565,2181
14566,2559
14567,2814
14568,2833
14569,2674
14570,2413
14571,2125
14572,1854
14573,1627
14574,1425
14575,1263
14576,1154
14577,1114
14578,1124
14579,1189
14580,1279
14581,1360
14582,1383
14583,1364
14584,1328
14585,1253
14586,1200
14587,1168
14588,1165
14589,1168
14590,1168
14591,1187
14592,1231
14593,1257
14594,1251
14595,1281
14596,1286
14597,1285
14598,1318
14599,1327
14600,1341
14601,1360
14602,1424
14603,1680
14604,2083
14605,2559
14606,2963
14607,3184
14608,3071
14609,2802
14610,2459
14611,2134
14612,1845
14613,1627
14614,1443
14615,1286
14616,1159
14617,1088
14618,1077
14619,1122
14620,1200
14621,1277
14622,1331
14623,1323
14624,1275
14625,1191
14626,1149
14627,1102
14628,1099
14629,1074
14630,1088
14631,1104
14632,1136
14633,1167
14634,1187
14635,1203
14636,1232
14637,1259
14638,1267
14639,1282
14640,1299
14641,1311
14642,1325
14643,1345
14644,1395
14645,1566
14646,1943
14647,2406
14648,2853
14649,3171
14650,3178
14651,2934
14652,2605
14653,2266
14654,1956
14655,1711
14656,1489
14657,1310
14658,1177
14659,1093
14660,1040
14661,1078
14662,1163
14663,1249
14664,1318
14665,1321
14666,1267
14667,1190
14668,1137
14669,1109
14670,1085
14671,1066
14672,1072
14673,1057
14674,1098
14675,1145
14676,1156
14677,1185
14678,1197
14679,1216
14680,1237
14681,1247
14682,1271
14683,1302
14684,1328
14685,1338
14686,1359
14687,1377
14688,1414
14689,1529
14690,1852
14691,2289
14692,2730
14693,3069
14694,3142
14695,2955
14696,2657
14697,2321
14698,1995
14699,1742
14700,1521
14701,1323
14702,1186
14703,1111
14704,1105
14705,1158
14706,1247
14707,1359
14708,1407
14709,1425
14710,1377
14711,1345
14712,1255
14713,1217
14714,1190
14715,1174
14716,1168
14717,1174
14718,1174
14719,1205
14720,1232
14721,1237
14722,1245
14723,1264
14724,1275
14725,1278
14726,1323
14727,1477
14728,1793
14729,2214
14730,2621
14731,2871
14732,2905
14733,2731
14734,2458
14735,2156
14736,1872
14737,1639
14738,1442
14739,1265
14740,1159
14741,1109
14742,1153
14743,1218
14744,1345
14745,1424
14746,1462
14747,1439
14748,1379
14749,1309
14750,1275
14751,1222
14752,1194
14753,1188
14754,1174
14755,1200
14756,1232
14757,1271
14758,1275
14759,1289
14760,1282
14761,1296
14762,1293
14763,1392
14764,1649
14765,2077
14766,2527
14767,2896
14768,3056
14769,2948
14770,2672
14771,2352
14772,2046
14773,1775
14774,1535
14775,1375
14776,1212
14777,1107
14778,1051
14779,1079
14780,1136
14781,1237
14782,1299
14783,1311
14784,1291
14785,1250
14786,1166
14787,1115
14788,1106
14789,1081
14790,1072
14791,1071
14792,1090
14793,1150
14794,1166
14795,1201
14796,1214
14797,1218
14798,1228
14799,1249
14800,1358
14801,1663
14802,2122
14803,2597
14804,2951
14805,3071
14806,2901
14807,2638
14808,2304
14809,1990
14810,1734
14811,1535
14812,1347
14813,1185
14814,1079
14815,1005
14816,1007
14817,1059
14818,1131
14819,1214
14820,1254
14821,1233
14822,1209
14823,1139
14824,1090
14825,1059
14826,1037
14827,1011
14828,1036
14829,1052
14830,1102
14831,1138
14832,1151
14833,1174
14834,1193
14835,1207
14836,1233
14837,1237
14838,1258
14839,1293
14840,1397
14841,1717
14842,2190
14843,2687
14844,3071
14845,3206
14846,3021
14847,2702
14848,2340
14849,2029
14850,1744
14851,1508
14852,1327
14853,1158
14854,1057
14855,999
14856,1021
14857,1088
14858,1157
14859,1255
14860,1291
14861,1265
14862,1232
14863,1161
14864,1120
14865,1098
14866,1085
14867,1070
14868,1064
14869,1088
14870,1133
14871,1146
14872,1159
14873,1187
14874,1213
14875,1218
14876,1217
14877,1233
14878,1285
14879,1446
14880,1810
14881,2277
14882,2707
14883,2981
14884,2992
14885,2783
14886,2462
14887,2125
14888,1813
14889,1566
14890,1360
14891,1154
14892,1023
14893,976
14894,994
14895,1093
14896,1216
14897,1312
14898,1360
14899,1349
14900,1306
14901,1232
14902,1177
14903,1143
14904,1126
14905,1124
14906,1132
14907,1149
14908,1181
14909,1205
14910,1224
14911,1229
14912,1227
14913,1229
14914,1259
14915,1359
14916,1619
14917,2062
14918,2511
14919,2830
14920,2937
14921,2771
14922,2466
14923,2115
14924,1779
14925,1513
14926,1303
14927,1147
14928,1008
14929,955
14930,969
14931,1055
14932,1175
14933,1286
14934,1332
14935,1333
14936,1286
14937,1244
14938,1153
14939,1116
14940,1106
14941,1111
14942,1120
14943,1153
14944,1200
14945,1211
14946,1235
14947,1257
14948,1267
14949,1274
14950,1268
14951,1286
14952,1317
14953,1501
14954,1888
14955,2373
14956,2827
14957,3121
14958,3105
14959,2858
14960,2518
14961,2178
14962,1855
14963,1627
14964,1422
14965,1243
14966,1098
14967,1014
14968,990
14969,1007
14970,1072
14971,1168
14972,1227
14973,1232
14974,1209
14975,1168
14976,1099
14977,1059
14978,1019
14979,1007
14980,1008
14981,1015
14982,1071
14983,1111
14984,1127
14985,1155
14986,1163
14987,1191
14988,1194
14989,1221
14990,1290
14991,1517
14992,1940
14993,2445
14994,2852
14995,3086
14996,3011
14997,2739
14998,2410
14999,2093
