Index,Amplitude (0-4096)
0,2446.0
1,2770.0
2,2908.0
3,2832.0
4,2625.0
5,2320.0
6,2064.0
7,1778.0
8,1559.0
9,1360.0
10,1155.0
11,1055.0
12,994.0
13,1008.0
14,1045.0
15,1104.0
16,1121.0
17,1133.0
18,1122.0
19,1058.0
20,1023.0
21,972.0
22,959.0
23,924.0
24,942.0
25,931.0
26,960.0
27,988.0
28,1008.0
29,1046.0
30,1053.0
31,1088.0
32,1103.0
33,1135.0
34,1152.0
35,1186.0
36,1294.0
37,1584.0
38,2032.0
39,2497.0
40,2846.0
41,2975.0
42,2885.0
43,2651.0
44,2381.0
45,2077.0
46,1823.0
47,1610.0
48,1405.0
49,1232.0
50,1077.0
51,1040.0
52,1009.0
53,1042.0
54,1088.0
55,1123.0
56,1139.0
57,1142.0
58,1104.0
59,1053.0
60,1023.0
61,994.0
62,975.0
63,947.0
64,978.0
65,977.0
66,1022.0
67,1043.0
68,1068.0
69,1087.0
70,1102.0
71,1124.0
72,1159.0
73,1213.0
74,1399.0
75,1770.0
76,2187.0
77,2559.0
78,2795.0
79,2809.0
80,2640.0
81,2421.0
82,2125.0
83,1871.0
84,1650.0
85,1452.0
86,1270.0
87,1149.0
88,1091.0
89,1111.0
90,1137.0
91,1214.0
92,1250.0
93,1280.0
94,1242.0
95,1211.0
96,1146.0
97,1125.0
98,1073.0
99,1070.0
100,1046.0
101,1053.0
102,1062.0
103,1105.0
104,1116.0
105,1125.0
106,1145.0
107,1157.0
108,1166.0
109,1219.0
110,1420.0
111,1773.0
112,2210.0
113,2601.0
114,2813.0
115,2835.0
116,2685.0
117,2417.0
118,2158.0
119,1901.0
120,1680.0
121,1465.0
122,1289.0
123,1173.0
124,1087.0
125,1062.0
126,1091.0
127,1133.0
128,1170.0
129,1204.0
130,1203.0
131,1168.0
132,1109.0
133,1083.0
134,1045.0
135,1023.0
136,1023.0
137,1011.0
138,1036.0
139,1036.0
140,1079.0
141,1105.0
142,1117.0
143,1143.0
144,1153.0
145,1170.0
146,1186.0
147,1219.0
148,1331.0
149,1607.0
150,2027.0
151,2479.0
152,2841.0
153,3022.0
154,2970.0
155,2742.0
156,2465.0
157,2192.0
158,1927.0
159,1694.0
160,1475.0
161,1293.0
162,1170.0
163,1103.0
164,1066.0
165,1088.0
166,1130.0
167,1165.0
168,1162.0
169,1155.0
170,1104.0
171,1071.0
172,1043.0
173,1022.0
174,976.0
175,985.0
176,991.0
177,981.0
178,1021.0
179,1056.0
180,1065.0
181,1075.0
182,1114.0
183,1125.0
184,1170.0
185,1289.0
186,1631.0
187,2061.0
188,2477.0
189,2771.0
190,2855.0
191,2750.0
192,2512.0
193,2235.0
194,1969.0
195,1736.0
196,1518.0
197,1329.0
198,1173.0
199,1074.0
200,1043.0
201,1062.0
202,1110.0
203,1159.0
204,1201.0
205,1216.0
206,1167.0
207,1111.0
208,1071.0
209,1051.0
210,1002.0
211,999.0
212,989.0
213,1008.0
214,1040.0
215,1072.0
216,1093.0
217,1104.0
218,1115.0
219,1123.0
220,1183.0
221,1328.0
222,1638.0
223,2066.0
224,2461.0
225,2730.0
226,2782.0
227,2671.0
228,2429.0
229,2159.0
230,1896.0
231,1669.0
232,1474.0
233,1283.0
234,1138.0
235,1059.0
236,1072.0
237,1086.0
238,1147.0
239,1182.0
240,1212.0
241,1223.0
242,1167.0
243,1127.0
244,1079.0
245,1054.0
246,1023.0
247,1019.0
248,1022.0
249,1040.0
250,1040.0
251,1088.0
252,1103.0
253,1113.0
254,1134.0
255,1148.0
256,1157.0
257,1246.0
258,1466.0
259,1828.0
260,2249.0
261,2624.0
262,2799.0
263,2770.0
264,2623.0
265,2366.0
266,2103.0
267,1847.0
268,1647.0
269,1456.0
270,1280.0
271,1150.0
272,1079.0
273,1083.0
274,1094.0
275,1150.0
276,1202.0
277,1224.0
278,1202.0
279,1182.0
280,1115.0
281,1083.0
282,1051.0
283,1023.0
284,1008.0
285,1023.0
286,1040.0
287,1039.0
288,1088.0
289,1104.0
290,1132.0
291,1136.0
292,1169.0
293,1178.0
294,1226.0
295,1345.0
296,1625.0
297,2023.0
298,2417.0
299,2699.0
300,2800.0
301,2709.0
302,2505.0
303,2255.0
304,1999.0
305,1776.0
306,1584.0
307,1418.0
308,1279.0
309,1141.0
310,1109.0
311,1133.0
312,1149.0
313,1199.0
314,1247.0
315,1245.0
316,1229.0
317,1179.0
318,1125.0
319,1102.0
320,1069.0
321,1063.0
322,1060.0
323,1063.0
324,1065.0
325,1110.0
326,1107.0
327,1151.0
328,1147.0
329,1164.0
330,1181.0
331,1253.0
332,1456.0
333,1817.0
334,2233.0
335,2559.0
336,2742.0
337,2739.0
338,2559.0
339,2341.0
340,2070.0
341,1837.0
342,1616.0
343,1435.0
344,1286.0
345,1168.0
346,1119.0
347,1148.0
348,1190.0
349,1241.0
350,1296.0
351,1315.0
352,1264.0
353,1209.0
354,1156.0
355,1137.0
356,1099.0
357,1083.0
358,1075.0
359,1071.0
360,1079.0
361,1087.0
362,1121.0
363,1152.0
364,1149.0
365,1165.0
366,1205.0
367,1370.0
368,1711.0
369,2156.0
370,2505.0
371,2749.0
372,2789.0
373,2647.0
374,2432.0
375,2160.0
376,1922.0
377,1675.0
378,1482.0
379,1315.0
380,1173.0
381,1103.0
382,1092.0
383,1115.0
384,1161.0
385,1200.0
386,1228.0
387,1209.0
388,1167.0
389,1117.0
390,1040.0
391,1049.0
392,1040.0
393,1034.0
394,1008.0
395,1018.0
396,1061.0
397,1080.0
398,1094.0
399,1131.0
400,1125.0
401,1139.0
402,1181.0
403,1333.0
404,1661.0
405,2094.0
406,2511.0
407,2806.0
408,2908.0
409,2801.0
410,2551.0
411,2282.0
412,2006.0
413,1766.0
414,1558.0
415,1366.0
416,1201.0
417,1089.0
418,1040.0
419,1046.0
420,1084.0
421,1137.0
422,1157.0
423,1175.0
424,1136.0
425,1099.0
426,1053.0
427,1019.0
428,983.0
429,975.0
430,964.0
431,976.0
432,999.0
433,1014.0
434,1040.0
435,1059.0
436,1088.0
437,1102.0
438,1136.0
439,1126.0
440,1174.0
441,1195.0
442,1232.0
443,1246.0
444,1265.0
445,1313.0
446,1323.0
447,1407.0
448,1648.0
449,2069.0
450,2555.0
451,2991.0
452,3258.0
453,3248.0
454,2983.0
455,2651.0
456,2326.0
457,2017.0
458,1758.0
459,1535.0
460,1335.0
461,1188.0
462,1094.0
463,1073.0
464,1090.0
465,1139.0
466,1171.0
467,1206.0
468,1191.0
469,1167.0
470,1106.0
471,1055.0
472,1009.0
473,981.0
474,983.0
475,969.0
476,964.0
477,977.0
478,1008.0
479,1057.0
480,1084.0
481,1093.0
482,1114.0
483,1121.0
484,1168.0
485,1306.0
486,1602.0
487,2027.0
488,2470.0
489,2766.0
490,2907.0
491,2793.0
492,2559.0
493,2256.0
494,1991.0
495,1726.0
496,1509.0
497,1281.0
498,1124.0
499,1035.0
500,1021.0
501,1054.0
502,1141.0
503,1200.0
504,1263.0
505,1257.0
506,1229.0
507,1167.0
508,1136.0
509,1112.0
510,1076.0
511,1072.0
512,1070.0
513,1061.0
514,1074.0
515,1113.0
516,1126.0
517,1125.0
518,1136.0
519,1147.0
520,1168.0
521,1231.0
522,1456.0
523,1838.0
524,2297.0
525,2691.0
526,2899.0
527,2891.0
528,2701.0
529,2418.0
530,2128.0
531,1856.0
532,1614.0
533,1393.0
534,1219.0
535,1088.0
536,1023.0
537,1041.0
538,1090.0
539,1159.0
540,1230.0
541,1238.0
542,1231.0
543,1166.0
544,1120.0
545,1072.0
546,1039.0
547,1022.0
548,1008.0
549,1008.0
550,1040.0
551,1051.0
552,1104.0
553,1102.0
554,1121.0
555,1122.0
556,1147.0
557,1189.0
558,1274.0
559,1535.0
560,1969.0
561,2445.0
562,2835.0
563,3027.0
564,3002.0
565,2775.0
566,2466.0
567,2170.0
568,1889.0
569,1650.0
570,1436.0
571,1225.0
572,1109.0
573,1037.0
574,1017.0
575,1072.0
576,1122.0
577,1164.0
578,1195.0
579,1168.0
580,1114.0
581,1053.0
582,1022.0
583,981.0
584,957.0
585,976.0
586,976.0
587,988.0
588,991.0
589,1040.0
590,1040.0
591,1072.0
592,1088.0
593,1122.0
594,1136.0
595,1168.0
596,1203.0
597,1216.0
598,1235.0
599,1273.0
600,1424.0
601,1776.0
602,2272.0
603,2751.0
604,3172.0
605,3365.0
606,3203.0
607,2891.0
608,2523.0
609,2206.0
610,1905.0
611,1651.0
612,1425.0
613,1239.0
614,1111.0
615,1062.0
616,1040.0
617,1082.0
618,1143.0
619,1179.0
620,1181.0
621,1181.0
622,1129.0
623,1059.0
624,1021.0
625,970.0
626,950.0
627,930.0
628,942.0
629,941.0
630,976.0
631,997.0
632,1037.0
633,1040.0
634,1067.0
635,1099.0
636,1136.0
637,1263.0
638,1586.0
639,2031.0
640,2496.0
641,2832.0
642,2978.0
643,2864.0
644,2615.0
645,2306.0
646,2001.0
647,1741.0
648,1488.0
649,1277.0
650,1111.0
651,1021.0
652,1000.0
653,1040.0
654,1104.0
655,1183.0
656,1232.0
657,1226.0
658,1195.0
659,1118.0
660,1085.0
661,1037.0
662,978.0
663,969.0
664,968.0
665,991.0
666,997.0
667,1035.0
668,1067.0
669,1072.0
670,1073.0
671,1097.0
672,1169.0
673,1427.0
674,1825.0
675,2315.0
676,2736.0
677,2985.0
678,2978.0
679,2765.0
680,2475.0
681,2143.0
682,1857.0
683,1592.0
684,1375.0
685,1168.0
686,1040.0
687,960.0
688,950.0
689,1018.0
690,1074.0
691,1125.0
692,1163.0
693,1165.0
694,1104.0
695,1042.0
696,987.0
697,953.0
698,944.0
699,918.0
700,927.0
701,960.0
702,981.0
703,986.0
704,1039.0
705,1061.0
706,1065.0
707,1103.0
708,1200.0
709,1514.0
710,1987.0
711,2475.0
712,2861.0
713,3052.0
714,2975.0
715,2733.0
716,2396.0
717,2082.0
718,1798.0
719,1535.0
720,1328.0
721,1151.0
722,1007.0
723,949.0
724,946.0
725,963.0
726,1035.0
727,1059.0
728,1103.0
729,1102.0
730,1008.0
731,980.0
732,959.0
733,935.0
734,893.0
735,885.0
736,909.0
737,919.0
738,948.0
739,987.0
740,1008.0
741,1015.0
742,1050.0
743,1079.0
744,1129.0
745,1298.0
746,1669.0
747,2146.0
748,2608.0
749,2896.0
750,2973.0
751,2831.0
752,2547.0
753,2224.0
754,1935.0
755,1655.0
756,1440.0
757,1229.0
758,1062.0
759,945.0
760,923.0
761,944.0
762,979.0
763,1036.0
764,1102.0
765,1104.0
766,1063.0
767,1004.0
768,976.0
769,945.0
770,926.0
771,912.0
772,903.0
773,919.0
774,931.0
775,961.0
776,976.0
777,1008.0
778,1047.0
779,1075.0
780,1089.0
781,1111.0
782,1140.0
783,1182.0
784,1317.0
785,1616.0
786,2070.0
787,2496.0
788,2827.0
789,2943.0
790,2830.0
791,2592.0
792,2286.0
793,1974.0
794,1710.0
795,1488.0
796,1297.0
797,1130.0
798,1047.0
799,1010.0
800,1057.0
801,1127.0
802,1200.0
803,1249.0
804,1244.0
805,1201.0
806,1169.0
807,1107.0
808,1071.0
809,1049.0
810,1066.0
811,1037.0
812,1041.0
813,1065.0
814,1078.0
815,1104.0
816,1123.0
817,1135.0
818,1155.0
819,1275.0
820,1572.0
821,1994.0
822,2393.0
823,2707.0
824,2816.0
825,2704.0
826,2487.0
827,2202.0
828,1953.0
829,1701.0
830,1471.0
831,1285.0
832,1131.0
833,1052.0
834,1023.0
835,1045.0
836,1097.0
837,1165.0
838,1230.0
839,1233.0
840,1189.0
841,1135.0
842,1101.0
843,1072.0
844,1051.0
845,1019.0
846,1018.0
847,1034.0
848,1040.0
849,1077.0
850,1097.0
851,1118.0
852,1137.0
853,1169.0
854,1168.0
855,1186.0
856,1227.0
857,1249.0
858,1312.0
859,1535.0
860,1950.0
861,2416.0
862,2859.0
863,3184.0
864,3179.0
865,2987.0
866,2659.0
867,2341.0
868,2032.0
869,1771.0
870,1535.0
871,1329.0
872,1179.0
873,1072.0
874,1011.0
875,1040.0
876,1079.0
877,1125.0
878,1141.0
879,1139.0
880,1121.0
881,1077.0
882,1034.0
883,989.0
884,978.0
885,948.0
886,939.0
887,950.0
888,945.0
889,1011.0
890,1021.0
891,1041.0
892,1067.0
893,1082.0
894,1091.0
895,1152.0
896,1341.0
897,1680.0
898,2142.0
899,2581.0
900,2865.0
901,2944.0
902,2791.0
903,2531.0
904,2235.0
905,1935.0
906,1682.0
907,1457.0
908,1264.0
909,1105.0
910,1018.0
911,992.0
912,1034.0
913,1104.0
914,1157.0
915,1202.0
916,1207.0
917,1168.0
918,1119.0
919,1059.0
920,1035.0
921,992.0
922,971.0
923,969.0
924,980.0
925,1004.0
926,1035.0
927,1045.0
928,1065.0
929,1073.0
930,1088.0
931,1166.0
932,1365.0
933,1746.0
934,2226.0
935,2640.0
936,2885.0
937,2927.0
938,2721.0
939,2443.0
940,2131.0
941,1850.0
942,1584.0
943,1374.0
944,1172.0
945,1034.0
946,963.0
947,953.0
948,994.0
949,1055.0
950,1118.0
951,1142.0
952,1131.0
953,1104.0
954,1061.0
955,1005.0
956,969.0
957,958.0
958,937.0
959,944.0
960,961.0
961,990.0
962,1021.0
963,1040.0
964,1069.0
965,1074.0
966,1102.0
967,1109.0
968,1146.0
969,1232.0
970,1498.0
971,1936.0
972,2423.0
973,2823.0
974,3091.0
975,3044.0
976,2822.0
977,2522.0
978,2197.0
979,1891.0
980,1655.0
981,1419.0
982,1211.0
983,1090.0
984,976.0
985,951.0
986,970.0
987,1022.0
988,1067.0
989,1087.0
990,1091.0
991,1058.0
992,1012.0
993,992.0
994,944.0
995,914.0
996,916.0
997,912.0
998,924.0
999,937.0
1000,988.0
1001,1008.0
1002,1016.0
1003,1040.0
1004,1075.0
1005,1102.0
1006,1137.0
1007,1151.0
1008,1218.0
1009,1419.0
1010,1782.0
1011,2273.0
1012,2722.0
1013,3037.0
1014,3109.0
1015,2903.0
1016,2647.0
1017,2313.0
1018,2003.0
1019,1738.0
1020,1493.0
1021,1277.0
1022,1110.0
1023,1039.0
1024,995.0
1025,1040.0
1026,1088.0
1027,1115.0
1028,1166.0
1029,1173.0
1030,1136.0
1031,1093.0
1032,1037.0
1033,1008.0
1034,970.0
1035,946.0
1036,968.0
1037,976.0
1038,973.0
1039,1021.0
1040,1055.0
1041,1072.0
1042,1073.0
1043,1091.0
1044,1133.0
1045,1259.0
1046,1574.0
1047,2010.0
1048,2463.0
1049,2819.0
1050,2977.0
1051,2885.0
1052,2623.0
1053,2311.0
1054,1982.0
1055,1718.0
1056,1469.0
1057,1250.0
1058,1090.0
1059,992.0
1060,944.0
1061,983.0
1062,1045.0
1063,1119.0
1064,1174.0
1065,1165.0
1066,1150.0
1067,1109.0
1068,1039.0
1069,1003.0
1070,978.0
1071,982.0
1072,976.0
1073,967.0
1074,969.0
1075,1008.0
1076,1035.0
1077,1088.0
1078,1104.0
1079,1102.0
1080,1124.0
1081,1200.0
1082,1446.0
1083,1878.0
1084,2388.0
1085,2829.0
1086,3083.0
1087,3056.0
1088,2824.0
1089,2526.0
1090,2183.0
1091,1898.0
1092,1629.0
1093,1392.0
1094,1201.0
1095,1058.0
1096,955.0
1097,943.0
1098,959.0
1099,1017.0
1100,1083.0
1101,1117.0
1102,1093.0
1103,1077.0
1104,1037.0
1105,990.0
1106,953.0
1107,926.0
1108,924.0
1109,933.0
1110,944.0
1111,940.0
1112,993.0
1113,1010.0
1114,1042.0
1115,1066.0
1116,1081.0
1117,1119.0
1118,1136.0
1119,1168.0
1120,1306.0
1121,1650.0
1122,2145.0
1123,2637.0
1124,3008.0
1125,3179.0
1126,3047.0
1127,2746.0
1128,2423.0
1129,2112.0
1130,1823.0
1131,1555.0
1132,1342.0
1133,1167.0
1134,1042.0
1135,979.0
1136,974.0
1137,1019.0
1138,1076.0
1139,1131.0
1140,1135.0
1141,1148.0
1142,1085.0
1143,1038.0
1144,1010.0
1145,961.0
1146,944.0
1147,934.0
1148,944.0
1149,948.0
1150,969.0
1151,995.0
1152,1021.0
1153,1047.0
1154,1067.0
1155,1085.0
1156,1115.0
1157,1158.0
1158,1360.0
1159,1742.0
1160,2234.0
1161,2687.0
1162,3024.0
1163,3089.0
1164,2902.0
1165,2609.0
1166,2288.0
1167,1975.0
1168,1709.0
1169,1457.0
1170,1232.0
1171,1085.0
1172,986.0
1173,955.0
1174,981.0
1175,1058.0
1176,1125.0
1177,1200.0
1178,1189.0
1179,1159.0
1180,1109.0
1181,1053.0
1182,1007.0
1183,977.0
1184,976.0
1185,987.0
1186,971.0
1187,995.0
1188,1035.0
1189,1060.0
1190,1072.0
1191,1077.0
1192,1104.0
1193,1171.0
1194,1398.0
1195,1790.0
1196,2265.0
1197,2677.0
1198,2921.0
1199,2934.0
1200,2727.0
1201,2435.0
1202,2126.0
1203,1853.0
1204,1589.0
1205,1360.0
1206,1166.0
1207,1058.0
1208,1002.0
1209,1023.0
1210,1092.0
1211,1186.0
1212,1236.0
1213,1245.0
1214,1221.0
1215,1161.0
1216,1121.0
1217,1071.0
1218,1040.0
1219,1047.0
1220,1040.0
1221,1009.0
1222,1035.0
1223,1046.0
1224,1088.0
1225,1094.0
1226,1105.0
1227,1180.0
1228,1360.0
1229,1753.0
1230,2234.0
1231,2655.0
1232,2926.0
1233,2933.0
1234,2754.0
1235,2480.0
1236,2172.0
1237,1875.0
1238,1613.0
1239,1378.0
1240,1199.0
1241,1040.0
1242,971.0
1243,977.0
1244,1018.0
1245,1098.0
1246,1142.0
1247,1168.0
1248,1175.0
1249,1143.0
1250,1088.0
1251,1047.0
1252,1002.0
1253,1003.0
1254,996.0
1255,986.0
1256,1005.0
1257,1023.0
1258,1072.0
1259,1085.0
1260,1091.0
1261,1115.0
1262,1213.0
1263,1493.0
1264,1944.0
1265,2437.0
1266,2826.0
1267,3065.0
1268,2997.0
1269,2784.0
1270,2470.0
1271,2147.0
1272,1872.0
1273,1600.0
1274,1366.0
1275,1195.0
1276,1050.0
1277,989.0
1278,977.0
1279,1018.0
1280,1085.0
1281,1126.0
1282,1159.0
1283,1140.0
1284,1088.0
1285,1050.0
1286,1008.0
1287,973.0
1288,970.0
1289,951.0
1290,951.0
1291,976.0
1292,994.0
1293,1023.0
1294,1066.0
1295,1089.0
1296,1099.0
1297,1131.0
1298,1131.0
1299,8.0
1300,804.0
1301,1600.0
1302,2096.0
1303,2593.0
1304,3017.0
1305,3242.0
1306,3131.0
1307,2864.0
1308,2526.0
1309,2203.0
1310,1898.0
1311,1651.0
1312,1407.0
1313,1213.0
1314,1062.0
1315,998.0
1316,997.0
1317,1033.0
1318,1099.0
1319,1145.0
1320,1194.0
1321,1163.0
1322,1107.0
1323,1071.0
1324,1006.0
1325,978.0
1326,951.0
1327,948.0
1328,959.0
1329,975.0
1330,998.0
1331,1040.0
1332,1057.0
1333,1078.0
1334,1101.0
1335,1138.0
1336,1148.0
1337,1188.0
1338,1309.0
1339,1631.0
1340,2106.0
1341,2559.0
1342,2954.0
1343,3098.0
1344,8.0
1345,999.0
1346,987.0
1347,976.0
1348,976.0
1349,1000.0
1350,1057.0
1351,1067.0
1352,1072.0
1353,1086.0
1354,1113.0
1355,1241.0
1356,1577.0
1357,2062.0
1358,2510.0
1359,2839.0
1360,2951.0
1361,2837.0
1362,2559.0
1363,2261.0
1364,1974.0
1365,1712.0
1366,1439.0
1367,1231.0
1368,1052.0
1369,944.0
1370,912.0
1371,942.0
1372,1020.0
1373,1067.0
1374,1095.0
1375,1115.0
1376,1099.0
1377,1062.0
1378,1008.0
1379,983.0
1380,948.0
1381,965.0
1382,973.0
1383,970.0
1384,1007.0
1385,1046.0
1386,1068.0
1387,1089.0
1388,1104.0
1389,1127.0
1390,1156.0
1391,1274.0
1392,1584.0
1393,2030.0
1394,2475.0
1395,2800.0
1396,2926.0
1397,2814.0
1398,2587.0
1399,2303.0
1400,2014.0
1401,1746.0
1402,1509.0
1403,1296.0
1404,1152.0
1405,1021.0
1406,975.0
1407,982.0
1408,1044.0
1409,1117.0
1410,1167.0
1411,1181.0
1412,1173.0
1413,1168.0
1414,1123.0
1415,1072.0
1416,1069.0
1417,1049.0
1418,1061.0
1419,1067.0
1420,1072.0
1421,1105.0
1422,1125.0
1423,1142.0
1424,1141.0
1425,1175.0
1426,1233.0
1427,1418.0
1428,1754.0
1429,2214.0
1430,2608.0
1431,2838.0
1432,2842.0
1433,2655.0
1434,2391.0
1435,2107.0
1436,1829.0
1437,1581.0
1438,1355.0
1439,1173.0
1440,1066.0
1441,1011.0
1442,1046.0
1443,1102.0
1444,1170.0
1445,1258.0
1446,1265.0
1447,1247.0
1448,1232.0
1449,1170.0
1450,1130.0
1451,1102.0
1452,1104.0
1453,1095.0
1454,1100.0
1455,1117.0
1456,1146.0
1457,1159.0
1458,1182.0
1459,1181.0
1460,1211.0
1461,1335.0
1462,1648.0
1463,2080.0
1464,2535.0
1465,2886.0
1466,2994.0
1467,2864.0
1468,2622.0
1469,2315.0
1470,2032.0
1471,1761.0
1472,1517.0
1473,1307.0
1474,1155.0
1475,1059.0
1476,1035.0
1477,1074.0
1478,1122.0
1479,1192.0
1480,1214.0
1481,1202.0
1482,1157.0
1483,1111.0
1484,1090.0
1485,1058.0
1486,1023.0
1487,1034.0
1488,1040.0
1489,1054.0
1490,1086.0
1491,1099.0
1492,1109.0
1493,1130.0
1494,1136.0
1495,1169.0
1496,1328.0
1497,1691.0
1498,2163.0
1499,2637.0
1500,2999.0
1501,3088.0
1502,2894.0
1503,2612.0
1504,2303.0
1505,2003.0
1506,1715.0
1507,1466.0
1508,1250.0
1509,1072.0
1510,975.0
1511,935.0
1512,958.0
1513,1021.0
1514,1077.0
1515,1136.0
1516,1137.0
1517,1115.0
1518,1068.0
1519,1023.0
1520,987.0
1521,977.0
1522,962.0
1523,959.0
1524,997.0
1525,1036.0
1526,1041.0
1527,1072.0
1528,1082.0
1529,1104.0
1530,1150.0
1531,1271.0
1532,1589.0
1533,2045.0
1534,2519.0
1535,2885.0
1536,2989.0
1537,2865.0
1538,2583.0
1539,2257.0
1540,1964.0
1541,1686.0
1542,1439.0
1543,1246.0
1544,1054.0
1545,945.0
1546,939.0
1547,953.0
1548,1019.0
1549,1101.0
1550,1162.0
1551,1179.0
1552,1150.0
1553,1139.0
1554,1073.0
1555,1058.0
1556,1019.0
1557,1014.0
1558,1006.0
1559,1008.0
1560,1045.0
1561,1070.0
1562,1095.0
1563,1111.0
1564,1129.0
1565,1143.0
1566,1198.0
1567,1375.0
1568,1771.0
1569,2271.0
1570,2720.0
1571,2991.0
1572,2989.0
1573,2763.0
1574,2449.0
1575,2123.0
1576,1825.0
1577,1535.0
1578,1326.0
1579,1136.0
1580,1006.0
1581,938.0
1582,951.0
1583,1023.0
1584,1127.0
1585,1198.0
1586,1232.0
1587,1233.0
1588,1183.0
1589,1122.0
1590,1097.0
1591,1065.0
1592,1073.0
1593,1070.0
1594,1067.0
1595,1104.0
1596,1117.0
1597,1143.0
1598,1139.0
1599,1149.0
1600,1167.0
1601,1303.0
1602,1618.0
1603,2096.0
1604,2555.0
1605,2938.0
1606,3024.0
1607,2867.0
1608,2559.0
1609,2227.0
1610,1904.0
1611,1626.0
1612,1364.0
1613,1158.0
1614,1008.0
1615,915.0
1616,925.0
1617,965.0
1618,1072.0
1619,1148.0
1620,1179.0
1621,1188.0
1622,1150.0
1623,1110.0
1624,1058.0
1625,1045.0
1626,1011.0
1627,1015.0
1628,1012.0
1629,1037.0
1630,1078.0
1631,1079.0
1632,1105.0
1633,1135.0
1634,1131.0
1635,1168.0
1636,1285.0
1637,1603.0
1638,2100.0
1639,2594.0
1640,2981.0
1641,3126.0
1642,2962.0
1643,2670.0
1644,2313.0
1645,1996.0
1646,1703.0
1647,1455.0
1648,1228.0
1649,1050.0
1650,921.0
1651,894.0
1652,918.0
1653,979.0
1654,1051.0
1655,1117.0
1656,1146.0
1657,1117.0
1658,1094.0
1659,1019.0
1660,983.0
1661,959.0
1662,961.0
1663,944.0
1664,947.0
1665,977.0
1666,1019.0
1667,1053.0
1668,1074.0
1669,1103.0
1670,1148.0
1671,1157.0
1672,1186.0
1673,1226.0
1674,1360.0
1675,1718.0
1676,2225.0
1677,2741.0
1678,3131.0
1679,3255.0
1680,3020.0
1681,2721.0
1682,2352.0
1683,2020.0
1684,1734.0
1685,1471.0
1686,1246.0
1687,1072.0
1688,960.0
1689,929.0
1690,959.0
1691,1041.0
1692,1121.0
1693,1195.0
1694,1197.0
1695,1181.0
1696,1121.0
1697,1067.0
1698,1040.0
1699,999.0
1700,987.0
1701,986.0
1702,1021.0
1703,1012.0
1704,1071.0
1705,1103.0
1706,1110.0
1707,1127.0
1708,1163.0
1709,1173.0
1710,1193.0
1711,1296.0
1712,1570.0
1713,2032.0
1714,2533.0
1715,2987.0
1716,3201.0
1717,3095.0
1718,2773.0
1719,2417.0
1720,2083.0
1721,1779.0
1722,1519.0
1723,1279.0
1724,1101.0
1725,986.0
1726,954.0
1727,990.0
1728,1070.0
1729,1149.0
1730,1203.0
1731,1220.0
1732,1196.0
1733,1149.0
1734,1091.0
1735,1062.0
1736,1023.0
1737,1011.0
1738,1008.0
1739,1020.0
1740,1056.0
1741,1081.0
1742,1099.0
1743,1115.0
1744,1133.0
1745,1147.0
1746,1182.0
1747,1362.0
1748,1755.0
1749,2254.0
1750,2735.0
1751,3035.0
1752,3088.0
1753,2896.0
1754,2559.0
1755,2224.0
1756,1909.0
1757,1653.0
1758,1395.0
1759,1196.0
1760,1043.0
1761,923.0
1762,927.0
1763,951.0
1764,1043.0
1765,1124.0
1766,1171.0
1767,1178.0
1768,1150.0
1769,1114.0
1770,1072.0
1771,1021.0
1772,1016.0
1773,987.0
1774,989.0
1775,1019.0
1776,1044.0
1777,1072.0
1778,1098.0
1779,1117.0
1780,1136.0
1781,1152.0
1782,1174.0
1783,1209.0
1784,1323.0
1785,1655.0
1786,2159.0
1787,2659.0
1788,3104.0
1789,3293.0
1790,3158.0
1791,2820.0
1792,2451.0
1793,2130.0
1794,1814.0
1795,1516.0
1796,1289.0
1797,1091.0
1798,972.0
1799,916.0
1800,946.0
1801,1006.0
1802,1088.0
1803,1136.0
1804,1177.0
1805,1179.0
1806,1122.0
1807,1074.0
1808,1019.0
1809,977.0
1810,972.0
1811,961.0
1812,985.0
1813,984.0
1814,1038.0
1815,1067.0
1816,1088.0
1817,1102.0
1818,1121.0
1819,1131.0
1820,1254.0
1821,1505.0
1822,1987.0
1823,2496.0
1824,2923.0
1825,3122.0
1826,3024.0
1827,2761.0
1828,2404.0
1829,2064.0
1830,1753.0
1831,1479.0
1832,1234.0
1833,1054.0
1834,961.0
1835,944.0
1836,992.0
1837,1073.0
1838,1168.0
1839,1213.0
1840,1220.0
1841,1174.0
1842,1123.0
1843,1072.0
1844,1023.0
1845,999.0
1846,988.0
1847,999.0
1848,999.0
1849,1054.0
1850,1055.0
1851,1067.0
1852,1097.0
1853,1091.0
1854,1153.0
1855,1310.0
1856,1705.0
1857,2218.0
1858,2704.0
1859,3043.0
1860,3118.0
1861,2894.0
1862,2559.0
1863,2209.0
1864,1897.0
1865,1575.0
1866,1339.0
1867,1121.0
1868,970.0
1869,883.0
1870,890.0
1871,945.0
1872,1044.0
1873,1117.0
1874,1168.0
1875,1168.0
1876,1129.0
1877,1074.0
1878,1009.0
1879,977.0
1880,953.0
1881,959.0
1882,935.0
1883,959.0
1884,986.0
1885,1040.0
1886,1057.0
1887,1078.0
1888,1094.0
1889,1118.0
1890,1137.0
1891,1215.0
1892,1455.0
1893,1927.0
1894,2470.0
1895,2976.0
1896,3280.0
1897,3270.0
1898,2954.0
1899,2599.0
1900,2231.0
1901,1884.0
1902,1607.0
1903,1333.0
1904,1122.0
1905,966.0
1906,894.0
1907,869.0
1908,919.0
1909,1020.0
1910,1105.0
1911,1134.0
1912,1129.0
1913,1089.0
1914,1039.0
1915,974.0
1916,943.0
1917,939.0
1918,912.0
1919,932.0
1920,943.0
1921,958.0
1922,999.0
1923,1021.0
1924,1061.0
1925,1090.0
1926,1097.0
1927,1121.0
1928,1156.0
1929,1311.0
1930,1664.0
1931,2183.0
1932,2703.0
1933,3133.0
1934,3280.0
1935,3086.0
1936,2754.0
1937,2367.0
1938,2017.0
1939,1697.0
1940,1424.0
1941,1193.0
1942,1012.0
1943,912.0
1944,894.0
1945,943.0
1946,1034.0
1947,1122.0
1948,1183.0
1949,1183.0
1950,1148.0
1951,1104.0
1952,1061.0
1953,1013.0
1954,981.0
1955,971.0
1956,957.0
1957,978.0
1958,1023.0
1959,1041.0
1960,1068.0
1961,1078.0
1962,1101.0
1963,1117.0
1964,1117.0
1965,1149.0
1966,1280.0
1967,1630.0
1968,2143.0
1969,2672.0
1970,3071.0
1971,3263.0
1972,3090.0
1973,2736.0
1974,2371.0
1975,2010.0
1976,1712.0
1977,1426.0
1978,1191.0
1979,996.0
1980,902.0
1981,880.0
1982,910.0
1983,1002.0
1984,1104.0
1985,1153.0
1986,1155.0
1987,1130.0
1988,1085.0
1989,1040.0
1990,998.0
1991,960.0
1992,949.0
1993,945.0
1994,953.0
1995,989.0
1996,1014.0
1997,1036.0
1998,1063.0
1999,1070.0
2000,1105.0
2001,1101.0
2002,1155.0
2003,1370.0
2004,1771.0
2005,2301.0
2006,2815.0
2007,3173.0
2008,3223.0
2009,2985.0
2010,2646.0
2011,2290.0
2012,1939.0
2013,1648.0
2014,1392.0
2015,1182.0
2016,999.0
2017,914.0
2018,892.0
2019,919.0
2020,1006.0
2021,1091.0
2022,1147.0
2023,1149.0
2024,1119.0
2025,1072.0
2026,1008.0
2027,976.0
2028,945.0
2029,931.0
2030,931.0
2031,944.0
2032,959.0
2033,1009.0
2034,1022.0
2035,1045.0
2036,1054.0
2037,1070.0
2038,1101.0
2039,1168.0
2040,1408.0
2041,1851.0
2042,2403.0
2043,2895.0
2044,3213.0
2045,3216.0
2046,2950.0
2047,2594.0
2048,2218.0
2049,1879.0
2050,1607.0
2051,1353.0
2052,1126.0
2053,976.0
2054,878.0
2055,886.0
2056,944.0
2057,1040.0
2058,1109.0
2059,1143.0
2060,1142.0
2061,1122.0
2062,1047.0
2063,999.0
2064,975.0
2065,944.0
2066,939.0
2067,944.0
2068,947.0
2069,1001.0
2070,1019.0
2071,1023.0
2072,1056.0
2073,1066.0
2074,1087.0
2075,1200.0
2076,1456.0
2077,1936.0
2078,2461.0
2079,2922.0
2080,3161.0
2081,3038.0
2082,2753.0
2083,2390.0
2084,2055.0
2085,1727.0
2086,1455.0
2087,1206.0
2088,1023.0
2089,911.0
2090,899.0
2091,930.0
2092,1015.0
2093,1103.0
2094,1191.0
2095,1187.0
2096,1155.0
2097,1104.0
2098,1040.0
2099,993.0
2100,958.0
2101,960.0
2102,945.0
2103,960.0
2104,977.0
2105,1021.0
2106,1021.0
2107,1062.0
2108,1059.0
2109,1085.0
2110,1209.0
2111,1535.0
2112,2039.0
2113,2559.0
2114,2988.0
2115,3179.0
2116,3038.0
2117,2704.0
2118,2342.0
2119,1983.0
2120,1674.0
2121,1431.0
2122,1178.0
2123,1007.0
2124,887.0
2125,843.0
2126,887.0
2127,961.0
2128,1040.0
2129,1116.0
2130,1134.0
2131,1120.0
2132,1066.0
2133,993.0
2134,961.0
2135,929.0
2136,913.0
2137,929.0
2138,911.0
2139,932.0
2140,998.0
2141,1010.0
2142,1047.0
2143,1061.0
2144,1071.0
2145,1098.0
2146,1165.0
2147,1407.0
2148,1904.0
2149,2445.0
2150,2945.0
2151,3301.0
2152,3275.0
2153,2945.0
2154,2559.0
2155,2208.0
2156,1881.0
2157,1583.0
2158,1330.0
2159,1104.0
2160,939.0
2161,848.0
2162,833.0
2163,887.0
2164,975.0
2165,1023.0
2166,1091.0
2167,1088.0
2168,1067.0
2169,995.0
2170,957.0
2171,905.0
2172,879.0
2173,866.0
2174,875.0
2175,879.0
2176,913.0
2177,962.0
2178,982.0
2179,1011.0
2180,1051.0
2181,1057.0
2182,1099.0
2183,1140.0
2184,1363.0
2185,1805.0
2186,2353.0
2187,2863.0
2188,3223.0
2189,3249.0
2190,2960.0
2191,2627.0
2192,2242.0
2193,1907.0
2194,1611.0
2195,1355.0
2196,1137.0
2197,976.0
2198,875.0
2199,862.0
2200,911.0
2201,991.0
2202,1082.0
2203,1135.0
2204,1135.0
2205,1119.0
2206,1054.0
2207,986.0
2208,935.0
2209,929.0
2210,924.0
2211,912.0
2212,931.0
2213,959.0
2214,990.0
2215,1037.0
2216,1040.0
2217,1045.0
2218,1059.0
2219,1136.0
2220,1329.0
2221,1766.0
2222,2288.0
2223,2785.0
2224,3093.0
2225,3117.0
2226,2877.0
2227,2524.0
2228,2180.0
2229,1843.0
2230,1553.0
2231,1298.0
2232,1089.0
2233,941.0
2234,873.0
2235,882.0
2236,954.0
2237,1056.0
2238,1136.0
2239,1175.0
2240,1153.0
2241,1134.0
2242,1074.0
2243,1023.0
2244,991.0
2245,948.0
2246,944.0
2247,955.0
2248,974.0
2249,996.0
2250,1042.0
2251,1050.0
2252,1063.0
2253,1079.0
2254,1109.0
2255,1170.0
2256,1411.0
2257,1866.0
2258,2396.0
2259,2871.0
2260,3184.0
2261,3157.0
2262,2864.0
2263,2517.0
2264,2159.0
2265,1830.0
2266,1521.0
2267,1308.0
2268,1107.0
2269,955.0
2270,901.0
2271,887.0
2272,947.0
2273,1035.0
2274,1084.0
2275,1133.0
2276,1125.0
2277,1104.0
2278,1047.0
2279,1011.0
2280,988.0
2281,955.0
2282,946.0
2283,966.0
2284,960.0
2285,988.0
2286,999.0
2287,1050.0
2288,1067.0
2289,1104.0
2290,1118.0
2291,1122.0
2292,1153.0
2293,1296.0
2294,1664.0
2295,2167.0
2296,2726.0
2297,3127.0
2298,3323.0
2299,3145.0
2300,2810.0
2301,2443.0
2302,2096.0
2303,1749.0
2304,1503.0
2305,1264.0
2306,1078.0
2307,926.0
2308,879.0
2309,909.0
2310,978.0
2311,1062.0
2312,1136.0
2313,1166.0
2314,1139.0
2315,1111.0
2316,1051.0
2317,1001.0
2318,979.0
2319,945.0
2320,963.0
2321,957.0
2322,971.0
2323,1008.0
2324,1040.0
2325,1058.0
2326,1074.0
2327,1095.0
2328,1094.0
2329,1122.0
2330,1166.0
2331,1266.0
2332,1585.0
2333,2078.0
2334,2614.0
2335,3106.0
2336,3337.0
2337,3220.0
2338,2871.0
2339,2517.0
2340,2148.0
2341,1813.0
2342,1522.0
2343,1294.0
2344,1079.0
2345,966.0
2346,953.0
2347,961.0
2348,1051.0
2349,1136.0
2350,1200.0
2351,1218.0
2352,1189.0
2353,1135.0
2354,1081.0
2355,1042.0
2356,1007.0
2357,1006.0
2358,979.0
2359,999.0
2360,1008.0
2361,1023.0
2362,1054.0
2363,1085.0
2364,1072.0
2365,1122.0
2366,1220.0
2367,1520.0
2368,1997.0
2369,2537.0
2370,2967.0
2371,3184.0
2372,3102.0
2373,2801.0
2374,2439.0
2375,2081.0
2376,1775.0
2377,1465.0
2378,1251.0
2379,1063.0
2380,938.0
2381,889.0
2382,907.0
2383,983.0
2384,1072.0
2385,1140.0
2386,1185.0
2387,1154.0
2388,1122.0
2389,1069.0
2390,1020.0
2391,989.0
2392,958.0
2393,976.0
2394,961.0
2395,972.0
2396,1008.0
2397,1056.0
2398,1053.0
2399,1086.0
2400,1091.0
2401,1121.0
2402,1157.0
2403,1323.0
2404,1712.0
2405,2240.0
2406,2786.0
2407,3231.0
2408,3437.0
2409,3234.0
2410,2859.0
2411,2461.0
2412,2093.0
2413,1776.0
2414,1494.0
2415,1230.0
2416,1049.0
2417,924.0
2418,883.0
2419,906.0
2420,977.0
2421,1067.0
2422,1136.0
2423,1130.0
2424,1125.0
2425,1073.0
2426,1015.0
2427,987.0
2428,941.0
2429,915.0
2430,903.0
2431,917.0
2432,919.0
2433,953.0
2434,986.0
2435,1035.0
2436,1046.0
2437,1070.0
2438,1089.0
2439,1169.0
2440,1381.0
2441,1808.0
2442,2378.0
2443,2863.0
2444,3267.0
2445,3323.0
2446,3088.0
2447,2698.0
2448,2323.0
2449,1980.0
2450,1667.0
2451,1390.0
2452,1163.0
2453,989.0
2454,896.0
2455,887.0
2456,942.0
2457,1014.0
2458,1107.0
2459,1163.0
2460,1165.0
2461,1134.0
2462,1087.0
2463,1042.0
2464,1005.0
2465,990.0
2466,970.0
2467,978.0
2468,990.0
2469,991.0
2470,1040.0
2471,1063.0
2472,1063.0
2473,1081.0
2474,1102.0
2475,1189.0
2476,1463.0
2477,1958.0
2478,2486.0
2479,2943.0
2480,3237.0
2481,3151.0
2482,2853.0
2483,2498.0
2484,2119.0
2485,1798.0
2486,1511.0
2487,1247.0
2488,1054.0
2489,931.0
2490,879.0
2491,920.0
2492,997.0
2493,1089.0
2494,1149.0
2495,1178.0
2496,1182.0
2497,1137.0
2498,1059.0
2499,1017.0
2500,999.0
2501,978.0
2502,990.0
2503,980.0
2504,1006.0
2505,1023.0
2506,1051.0
2507,1054.0
2508,1072.0
2509,1099.0
2510,1252.0
2511,1602.0
2512,2115.0
2513,2640.0
2514,3042.0
2515,3201.0
2516,3025.0
2517,2704.0
2518,2347.0
2519,1997.0
2520,1715.0
2521,1424.0
2522,1203.0
2523,1006.0
2524,903.0
2525,938.0
2526,973.0
2527,1075.0
2528,1129.0
2529,1135.0
2530,1116.0
2531,1079.0
2532,1023.0
2533,1003.0
2534,966.0
2535,955.0
2536,945.0
2537,971.0
2538,983.0
2539,1023.0
2540,1050.0
2541,1059.0
2542,1091.0
2543,1115.0
2544,1127.0
2545,1178.0
2546,1355.0
2547,1771.0
2548,2311.0
2549,2821.0
2550,3264.0
2551,3392.0
2552,3163.0
2553,2768.0
2554,2405.0
2555,2043.0
2556,1733.0
2557,1461.0
2558,1218.0
2559,1035.0
2560,905.0
2561,878.0
2562,900.0
2563,979.0
2564,1055.0
2565,1103.0
2566,1119.0
2567,1109.0
2568,1063.0
2569,100.0
2570,3126.0
2571,2848.0
2572,2487.0
2573,2128.0
2574,1810.0
2575,1515.0
2576,1265.0
2577,1040.0
2578,896.0
2579,833.0
2580,861.0
2581,913.0
2582,1008.0
2583,1085.0
2584,1140.0
2585,1121.0
2586,1103.0
2587,1083.0
2588,1013.0
2589,987.0
2590,979.0
2591,970.0
2592,960.0
2593,987.0
2594,1005.0
2595,1059.0
2596,1071.0
2597,1074.0
2598,1082.0
2599,1120.0
2600,1226.0
2601,1492.0
2602,1975.0
2603,2499.0
2604,2949.0
2605,3206.0
2606,3109.0
2607,2795.0
2608,2450.0
2609,2081.0
2610,1776.0
2611,1477.0
2612,1232.0
2613,1023.0
2614,896.0
2615,846.0
2616,877.0
2617,917.0
2618,1021.0
2619,1104.0
2620,1122.0
2621,1116.0
2622,1079.0
2623,1022.0
2624,997.0
2625,972.0
2626,954.0
2627,963.0
2628,960.0
2629,994.0
2630,1021.0
2631,1036.0
2632,1041.0
2633,1070.0
2634,1083.0
2635,1154.0
2636,1379.0
2637,1823.0
2638,2371.0
2639,2845.0
2640,3152.0
2641,3152.0
2642,2841.0
2643,2515.0
2644,2162.0
2645,1839.0
2646,1535.0
2647,1280.0
2648,1063.0
2649,900.0
2650,809.0
2651,816.0
2652,862.0
2653,939.0
2654,1031.0
2655,1065.0
2656,1074.0
2657,1055.0
2658,1005.0
2659,971.0
2660,936.0
2661,927.0
2662,907.0
2663,902.0
2664,901.0
2665,960.0
2666,995.0
2667,1010.0
2668,1031.0
2669,1067.0
2670,1097.0
2671,1109.0
2672,1143.0
2673,1232.0
2674,1526.0
2675,2009.0
2676,2544.0
2677,3006.0
2678,3263.0
2679,3170.0
2680,2882.0
2681,2518.0
2682,2144.0
2683,1808.0
2684,1516.0
2685,1275.0
2686,1051.0
2687,897.0
2688,816.0
2689,819.0
2690,863.0
2691,909.0
2692,993.0
2693,1053.0
2694,1037.0
2695,1034.0
2696,989.0
2697,943.0
2698,928.0
2699,899.0
2700,886.0
2701,906.0
2702,925.0
2703,960.0
2704,995.0
2705,1017.0
2706,1045.0
2707,1078.0
2708,1110.0
2709,1136.0
2710,1153.0
2711,1215.0
2712,1424.0
2713,1815.0
2714,2350.0
2715,2813.0
2716,3111.0
2717,3146.0
2718,2907.0
2719,2580.0
2720,2226.0
2721,1907.0
2722,1619.0
2723,1366.0
2724,1136.0
2725,989.0
2726,893.0
2727,888.0
2728,947.0
2729,1023.0
2730,1104.0
2731,1165.0
2732,1181.0
2733,1152.0
2734,1113.0
2735,1069.0
2736,1055.0
2737,1008.0
2738,1001.0
2739,1019.0
2740,1021.0
2741,1056.0
2742,1077.0
2743,1102.0
2744,1108.0
2745,1136.0
2746,1163.0
2747,1185.0
2748,1316.0
2749,1641.0
2750,2101.0
2751,2603.0
2752,2974.0
2753,3149.0
2754,2967.0
2755,2673.0
2756,2358.0
2757,2033.0
2758,1693.0
2759,1451.0
2760,1210.0
2761,1036.0
2762,942.0
2763,912.0
2764,948.0
2765,1046.0
2766,1104.0
2767,1185.0
2768,1200.0
2769,1184.0
2770,1137.0
2771,1096.0
2772,1067.0
2773,1013.0
2774,1023.0
2775,1005.0
2776,1008.0
2777,1023.0
2778,1067.0
2779,1082.0
2780,1099.0
2781,1114.0
2782,1136.0
2783,1171.0
2784,1371.0
2785,1745.0
2786,2254.0
2787,2755.0
2788,3118.0
2789,3205.0
2790,3014.0
2791,2673.0
2792,2323.0
2793,1991.0
2794,1674.0
2795,1417.0
2796,1182.0
2797,1008.0
2798,906.0
2799,880.0
2800,931.0
2801,991.0
2802,1071.0
2803,1163.0
2804,1138.0
2805,1134.0
2806,1079.0
2807,1045.0
2808,999.0
2809,976.0
2810,986.0
2811,966.0
2812,975.0
2813,997.0
2814,1053.0
2815,1051.0
2816,1083.0
2817,1104.0
2818,1119.0
2819,1153.0
2820,1159.0
2821,1266.0
2822,1509.0
2823,1970.0
2824,2487.0
2825,2976.0
2826,3265.0
2827,3203.0
2828,2921.0
2829,2593.0
2830,2239.0
2831,1873.0
2832,1586.0
2833,1333.0
2834,1104.0
2835,944.0
2836,879.0
2837,880.0
2838,933.0
2839,1002.0
2840,1073.0
2841,1168.0
2842,1166.0
2843,1130.0
2844,1105.0
2845,1054.0
2846,1015.0
2847,990.0
2848,979.0
2849,977.0
2850,971.0
2851,1017.0
2852,1062.0
2853,1091.0
2854,1102.0
2855,1117.0
2856,1135.0
2857,1175.0
2858,1232.0
2859,1485.0
2860,1925.0
2861,2448.0
2862,2918.0
2863,3210.0
2864,3182.0
2865,2896.0
2866,2535.0
2867,2188.0
2868,1851.0
2869,1570.0
2870,1283.0
2871,1078.0
2872,959.0
2873,919.0
2874,930.0
2875,988.0
2876,1118.0
2877,1189.0
2878,1219.0
2879,1219.0
2880,1179.0
2881,1137.0
2882,1088.0
2883,1066.0
2884,1041.0
2885,1035.0
2886,1040.0
2887,1040.0
2888,1072.0
2889,1090.0
2890,1105.0
2891,1125.0
2892,1131.0
2893,1159.0
2894,1254.0
2895,1503.0
2896,1974.0
2897,2496.0
2898,2925.0
2899,3175.0
2900,3110.0
2901,2855.0
2902,2497.0
2903,2150.0
2904,1829.0
2905,1518.0
2906,1275.0
2907,1097.0
2908,935.0
2909,895.0
2910,914.0
2911,976.0
2912,1088.0
2913,1169.0
2914,1200.0
2915,1199.0
2916,1168.0
2917,1109.0
2918,1078.0
2919,1056.0
2920,1012.0
2921,1023.0
2922,1019.0
2923,1038.0
2924,1040.0
2925,1088.0
2926,1109.0
2927,1106.0
2928,1148.0
2929,1162.0
2930,1168.0
2931,1209.0
2932,1362.0
2933,1746.0
2934,2261.0
2935,2773.0
2936,3216.0
2937,3379.0
2938,3226.0
2939,2893.0
2940,2512.0
2941,2147.0
2942,1823.0
2943,1524.0
2944,1279.0
2945,1071.0
2946,918.0
2947,862.0
2948,875.0
2949,928.0
2950,1015.0
2951,1113.0
2952,1157.0
2953,1168.0
2954,1135.0
2955,1090.0
2956,1039.0
2957,998.0
2958,989.0
2959,982.0
2960,977.0
2961,977.0
2962,1005.0
2963,1045.0
2964,1069.0
2965,1098.0
2966,1126.0
2967,1116.0
2968,1169.0
2969,1195.0
2970,1273.0
2971,1518.0
2972,1966.0
2973,2502.0
2974,3025.0
2975,3395.0
2976,3381.0
2977,3115.0
2978,2720.0
2979,2339.0
2980,1994.0
2981,1675.0
2982,1406.0
2983,1167.0
2984,1008.0
2985,918.0
2986,912.0
2987,975.0
2988,1072.0
2989,1163.0
2990,1207.0
2991,1229.0
2992,1198.0
2993,1139.0
2994,1088.0
2995,1067.0
2996,1035.0
2997,1013.0
2998,1021.0
2999,1042.0
3000,1060.0
3001,1088.0
3002,1123.0
3003,1131.0
3004,1137.0
3005,1161.0
3006,1225.0
3007,1494.0
3008,1974.0
3009,2511.0
3010,2960.0
3011,3233.0
3012,3189.0
3013,2866.0
3014,2523.0
3015,2179.0
3016,1825.0
3017,1521.0
3018,1281.0
3019,1058.0
3020,915.0
3021,877.0
3022,914.0
3023,997.0
3024,1089.0
3025,1187.0
3026,1222.0
3027,1200.0
3028,1162.0
3029,1104.0
3030,1059.0
3031,1021.0
3032,996.0
3033,995.0
3034,998.0
3035,1010.0
3036,1022.0
3037,1070.0
3038,1081.0
3039,1094.0
3040,1127.0
3041,1149.0
3042,1280.0
3043,1637.0
3044,2159.0
3045,2699.0
3046,3146.0
3047,3362.0
3048,3201.0
3049,2819.0
3050,2448.0
3051,2083.0
3052,1757.0
3053,1474.0
3054,1232.0
3055,1019.0
3056,912.0
3057,832.0
3058,866.0
3059,929.0
3060,1011.0
3061,1091.0
3062,1142.0
3063,1120.0
3064,1094.0
3065,1039.0
3066,1004.0
3067,978.0
3068,950.0
3069,943.0
3070,944.0
3071,954.0
3072,1003.0
3073,1037.0
3074,1045.0
3075,1092.0
3076,1115.0
3077,1136.0
3078,1169.0
3079,1232.0
3080,1454.0
3081,1909.0
3082,2462.0
3083,2999.0
3084,3369.0
3085,3381.0
3086,3095.0
3087,2709.0
3088,2309.0
3089,1959.0
3090,1654.0
3091,1371.0
3092,1138.0
3093,973.0
3094,889.0
3095,881.0
3096,921.0
3097,1008.0
3098,1109.0
3099,1178.0
3100,1168.0
3101,1166.0
3102,1106.0
3103,1062.0
3104,1021.0
3105,993.0
3106,976.0
3107,990.0
3108,1006.0
3109,999.0
3110,1040.0
3111,1062.0
3112,1102.0
3113,1120.0
3114,1123.0
3115,1165.0
3116,1170.0
3117,1335.0
3118,1685.0
3119,2215.0
3120,2755.0
3121,3197.0
3122,3350.0
3123,3168.0
3124,2803.0
3125,2407.0
3126,2029.0
3127,1709.0
3128,1409.0
3129,1168.0
3130,985.0
3131,896.0
3132,885.0
3133,931.0
3134,1023.0
3135,1142.0
3136,1183.0
3137,1219.0
3138,1190.0
3139,1149.0
3140,1088.0
3141,1046.0
3142,1015.0
3143,999.0
3144,1019.0
3145,1019.0
3146,1038.0
3147,1070.0
3148,1072.0
3149,1062.0
3150,1107.0
3151,1123.0
3152,1148.0
3153,1351.0
3154,1731.0
3155,2283.0
3156,2791.0
3157,3136.0
3158,3299.0
3159,3049.0
3160,2704.0
3161,2322.0
3162,1964.0
3163,1654.0
3164,1362.0
3165,1148.0
3166,983.0
3167,880.0
3168,849.0
3169,887.0
3170,976.0
3171,1081.0
3172,1151.0
3173,1165.0
3174,1155.0
3175,1137.0
3176,1080.0
3177,1038.0
3178,1005.0
3179,991.0
3180,993.0
3181,1002.0
3182,1019.0
3183,1060.0
3184,1070.0
3185,1102.0
3186,1117.0
3187,1121.0
3188,1157.0
3189,1187.0
3190,1274.0
3191,1488.0
3192,1936.0
3193,2481.0
3194,3011.0
3195,3366.0
3196,3375.0
3197,3079.0
3198,2688.0
3199,2295.0
3200,1947.0
3201,1635.0
3202,1355.0
3203,1121.0
3204,960.0
3205,866.0
3206,863.0
3207,922.0
3208,994.0
3209,1111.0
3210,1168.0
3211,1167.0
3212,1150.0
3213,1127.0
3214,1055.0
3215,1043.0
3216,992.0
3217,991.0
3218,976.0
3219,979.0
3220,996.0
3221,1037.0
3222,1060.0
3223,1079.0
3224,1120.0
3225,1129.0
3226,1162.0
3227,1174.0
3228,1232.0
3229,1370.0
3230,1733.0
3231,2254.0
3232,2802.0
3233,3248.0
3234,3406.0
3235,3216.0
3236,2831.0
3237,2426.0
3238,2061.0
3239,1727.0
3240,1428.0
3241,1200.0
3242,1009.0
3243,906.0
3244,883.0
3245,944.0
3246,1039.0
3247,1153.0
3248,1230.0
3249,1233.0
3250,1217.0
3251,1177.0
3252,1119.0
3253,1086.0
3254,1059.0
3255,1004.0
3256,1004.0
3257,1011.0
3258,1011.0
3259,1055.0
3260,1069.0
3261,1089.0
3262,1107.0
3263,1105.0
3264,1119.0
3265,1211.0
3266,1408.0
3267,1814.0
3268,2375.0
3269,2880.0
3270,3293.0
3271,3334.0
3272,3057.0
3273,2687.0
3274,2300.0
3275,1941.0
3276,1634.0
3277,1344.0
3278,1123.0
3279,941.0
3280,848.0
3281,845.0
3282,911.0
3283,992.0
3284,1089.0
3285,1142.0
3286,1155.0
3287,1154.0
3288,1106.0
3289,1034.0
3290,1003.0
3291,990.0
3292,971.0
3293,964.0
3294,970.0
3295,994.0
3296,1044.0
3297,1040.0
3298,1075.0
3299,1095.0
3300,1104.0
3301,1135.0
3302,1167.0
3303,1322.0
3304,1718.0
3305,2256.0
3306,2807.0
3307,3248.0
3308,3414.0
3309,3217.0
3310,2804.0
3311,2426.0
3312,2064.0
3313,1738.0
3314,1436.0
3315,1183.0
3316,997.0
3317,875.0
3318,846.0
3319,850.0
3320,916.0
3321,994.0
3322,1083.0
3323,1108.0
3324,1114.0
3325,1091.0
3326,1013.0
3327,979.0
3328,944.0
3329,931.0
3330,949.0
3331,935.0
3332,979.0
3333,991.0
3334,1035.0
3335,1068.0
3336,1078.0
3337,1094.0
3338,1114.0
3339,1134.0
3340,1168.0
3341,1226.0
3342,1395.0
3343,1783.0
3344,2343.0
3345,2900.0
3346,3344.0
3347,3502.0
3348,3267.0
3349,2864.0
3350,2439.0
3351,2085.0
3352,1737.0
3353,1439.0
3354,1200.0
3355,996.0
3356,887.0
3357,877.0
3358,896.0
3359,979.0
3360,1088.0
3361,1168.0
3362,1171.0
3363,1168.0
3364,1136.0
3365,1087.0
3366,1051.0
3367,1009.0
3368,991.0
3369,977.0
3370,998.0
3371,1002.0
3372,1035.0
3373,1056.0
3374,1079.0
3375,1104.0
3376,1122.0
3377,1139.0
3378,1161.0
3379,1287.0
3380,1601.0
3381,2112.0
3382,2650.0
3383,3134.0
3384,3376.0
3385,3274.0
3386,2885.0
3387,2467.0
3388,2095.0
3389,1762.0
3390,1445.0
3391,1189.0
3392,983.0
3393,862.0
3394,816.0
3395,870.0
3396,944.0
3397,1060.0
3398,1136.0
3399,1168.0
3400,1152.0
3401,1129.0
3402,1077.0
3403,1041.0
3404,1014.0
3405,983.0
3406,971.0
3407,961.0
3408,999.0
3409,1006.0
3410,1051.0
3411,1061.0
3412,1082.0
3413,1086.0
3414,1114.0
3415,1158.0
3416,1350.0
3417,1773.0
3418,2320.0
3419,2865.0
3420,3323.0
3421,3438.0
3422,3193.0
3423,2780.0
3424,2370.0
3425,1989.0
3426,1664.0
3427,1386.0
3428,1136.0
3429,933.0
3430,829.0
3431,793.0
3432,844.0
3433,895.0
3434,1005.0
3435,1087.0
3436,1110.0
3437,1104.0
3438,1072.0
3439,1022.0
3440,956.0
3441,934.0
3442,926.0
3443,918.0
3444,912.0
3445,923.0
3446,974.0
3447,996.0
3448,1021.0
3449,1043.0
3450,1077.0
3451,1087.0
3452,1104.0
3453,1180.0
3454,1371.0
3455,1823.0
3456,2384.0
3457,2949.0
3458,3409.0
3459,3477.0
3460,3196.0
3461,2768.0
3462,2375.0
3463,1998.0
3464,1661.0
3465,1366.0
3466,1111.0
3467,917.0
3468,801.0
3469,786.0
3470,826.0
3471,910.0
3472,1022.0
3473,1090.0
3474,1104.0
3475,1117.0
3476,1093.0
3477,1023.0
3478,990.0
3479,953.0
3480,937.0
3481,926.0
3482,923.0
3483,955.0
3484,977.0
3485,1002.0
3486,1020.0
3487,1037.0
3488,1059.0
3489,1088.0
3490,1102.0
3491,1149.0
3492,1200.0
3493,1385.0
3494,1830.0
3495,2373.0
3496,2916.0
3497,3428.0
3498,3515.0
3499,3231.0
3500,2775.0
3501,2352.0
3502,1987.0
3503,1635.0
3504,1343.0
3505,1095.0
3506,911.0
3507,829.0
3508,815.0
3509,890.0
3510,973.0
3511,1111.0
3512,1158.0
3513,1173.0
3514,1147.0
3515,1115.0
3516,1072.0
3517,1043.0
3518,1004.0
3519,994.0
3520,966.0
3521,988.0
3522,976.0
3523,1021.0
3524,1031.0
3525,1040.0
3526,1061.0
3527,1073.0
3528,1094.0
3529,1232.0
3530,1559.0
3531,2096.0
3532,2638.0
3533,3114.0
3534,3307.0
3535,3152.0
3536,2772.0
3537,2368.0
3538,2000.0
3539,1680.0
3540,1375.0
3541,1131.0
3542,925.0
3543,816.0
3544,779.0
3545,829.0
3546,916.0
3547,998.0
3548,1099.0
3549,1127.0
3550,1107.0
3551,1088.0
3552,1033.0
3553,978.0
3554,977.0
3555,934.0
3556,934.0
3557,931.0
3558,967.0
3559,980.0
3560,1002.0
3561,1008.0
3562,1039.0
3563,1081.0
3564,1092.0
3565,1104.0
3566,1133.0
3567,1254.0
3568,1570.0
3569,2110.0
3570,2683.0
3571,3238.0
3572,3531.0
3573,3405.0
3574,3003.0
3575,2559.0
3576,2189.0
3577,1812.0
3578,1515.0
3579,1235.0
3580,1018.0
3581,866.0
3582,785.0
3583,816.0
3584,866.0
3585,963.0
3586,1057.0
3587,1100.0
3588,1089.0
3589,1071.0
3590,1015.0
3591,979.0
3592,939.0
3593,910.0
3594,914.0
3595,885.0
3596,894.0
3597,922.0
3598,963.0
3599,973.0
3600,991.0
3601,1034.0
3602,1050.0
3603,1089.0
3604,1119.0
3605,1133.0
3606,1184.0
3607,1201.0
3608,1221.0
3609,1243.0
3610,1332.0
3611,1628.0
3612,2139.0
3613,2751.0
3614,3403.0
3615,3779.0
3616,3654.0
3617,3271.0
3618,2757.0
3619,2346.0
3620,1959.0
3621,1609.0
3622,1325.0
3623,1094.0
3624,912.0
3625,831.0
3626,816.0
3627,848.0
3628,945.0
3629,1039.0
3630,1104.0
3631,1107.0
3632,1074.0
3633,1021.0
3634,957.0
3635,912.0
3636,895.0
3637,887.0
3638,877.0
3639,881.0
3640,901.0
3641,947.0
3642,965.0
3643,979.0
3644,1012.0
3645,1038.0
3646,1062.0
3647,1086.0
3648,1124.0
3649,1156.0
3650,1187.0
3651,1207.0
3652,1235.0
3653,1246.0
3654,1287.0
3655,1339.0
3656,1503.0
3657,1918.0
3658,2501.0
3659,3120.0
3660,3664.0
3661,3781.0
3662,3446.0
3663,2967.0
3664,2522.0
3665,2103.0
3666,1739.0
3667,1441.0
3668,1154.0
3669,982.0
3670,878.0
3671,845.0
3672,911.0
3673,979.0
3674,1083.0
3675,1169.0
3676,1188.0
3677,1147.0
3678,1113.0
3679,1041.0
3680,1002.0
3681,958.0
3682,947.0
3683,931.0
3684,935.0
3685,948.0
3686,961.0
3687,1018.0
3688,1039.0
3689,1059.0
3690,1088.0
3691,1099.0
3692,1131.0
3693,1133.0
3694,1242.0
3695,1492.0
3696,1987.0
3697,2547.0
3698,3071.0
3699,3418.0
3700,3341.0
3701,3012.0
3702,2611.0
3703,2215.0
3704,1882.0
3705,1567.0
3706,1303.0
3707,1073.0
3708,928.0
3709,838.0
3710,823.0
3711,887.0
3712,962.0
3713,1048.0
3714,1114.0
3715,1111.0
3716,1111.0
3717,1056.0
3718,1004.0
3719,973.0
3720,939.0
3721,934.0
3722,935.0
3723,946.0
3724,953.0
3725,977.0
3726,1005.0
3727,1040.0
3728,1066.0
3729,1104.0
3730,1118.0
3731,1134.0
3732,1167.0
3733,1200.0
3734,1335.0
3735,1699.0
3736,2247.0
3737,2845.0
3738,3431.0
3739,3671.0
3740,3494.0
3741,3055.0
3742,2634.0
3743,2231.0
3744,1861.0
3745,1563.0
3746,1228.0
3747,893.0
3748,823.0
3749,816.0
3750,865.0
3751,921.0
3752,1008.0
3753,1044.0
3754,1079.0
3755,1059.0
3756,1003.0
3757,963.0
3758,943.0
3759,919.0
3760,912.0
3761,891.0
3762,913.0
3763,939.0
3764,983.0
3765,989.0
3766,1015.0
3767,1047.0
3768,1074.0
3769,1087.0
3770,1151.0
3771,1383.0
3772,1861.0
3773,2415.0
3774,2935.0
3775,3321.0
3776,3328.0
3777,3037.0
3778,2659.0
3779,2259.0
3780,1919.0
3781,1600.0
3782,1315.0
3783,1092.0
3784,911.0
3785,823.0
3786,791.0
3787,868.0
3788,974.0
3789,1057.0
3790,1134.0
3791,1133.0
3792,1051.0
3793,1002.0
3794,979.0
3795,964.0
3796,966.0
3797,967.0
3798,985.0
3799,1008.0
3800,1044.0
3801,1054.0
3802,1063.0
3803,1072.0
3804,1121.0
3805,1248.0
3806,1614.0
3807,2161.0
3808,2718.0
3809,3165.0
3810,3370.0
3811,3187.0
3812,2800.0
3813,2403.0
3814,2030.0
3815,1686.0
3816,1372.0
3817,1126.0
3818,936.0
3819,811.0
3820,750.0
3821,799.0
3822,896.0
3823,980.0
3824,1059.0
3825,1102.0
3826,1104.0
3827,1099.0
3828,1021.0
3829,974.0
3830,971.0
3831,927.0
3832,925.0
3833,940.0
3834,931.0
3835,974.0
3836,1011.0
3837,1039.0
3838,1047.0
3839,1067.0
3840,1122.0
3841,1182.0
3842,1441.0
3843,1918.0
3844,2499.0
3845,3026.0
3846,3382.0
3847,3347.0
3848,3043.0
3849,2613.0
3850,2243.0
3851,1859.0
3852,1535.0
3853,1266.0
3854,1037.0
3855,879.0
3856,788.0
3857,789.0
3858,853.0
3859,966.0
3860,1078.0
3861,1123.0
3862,1155.0
3863,1127.0
3864,1095.0
3865,1040.0
3866,1004.0
3867,987.0
3868,987.0
3869,967.0
3870,974.0
3871,991.0
3872,1040.0
3873,1059.0
3874,1097.0
3875,1084.0
3876,1108.0
3877,1182.0
3878,1390.0
3879,1840.0
3880,2415.0
3881,2947.0
3882,3310.0
3883,3319.0
3884,3024.0
3885,2618.0
3886,2209.0
3887,1850.0
3888,1534.0
3889,1264.0
3890,1041.0
3891,866.0
3892,816.0
3893,820.0
3894,901.0
3895,1011.0
3896,1120.0
3897,1155.0
3898,1155.0
3899,1150.0
3900,1110.0
3901,1061.0
3902,1008.0
3903,1003.0
3904,976.0
3905,976.0
3906,990.0
3907,1034.0
3908,1059.0
3909,1067.0
3910,1088.0
3911,1094.0
3912,1174.0
3913,1424.0
3914,1899.0
3915,2483.0
3916,2992.0
3917,3317.0
3918,3270.0
3919,2941.0
3920,2559.0
3921,2171.0
3922,1808.0
3923,1488.0
3924,1223.0
3925,996.0
3926,870.0
3927,812.0
3928,799.0
3929,870.0
3930,977.0
3931,1085.0
3932,1126.0
3933,1138.0
3934,1118.0
3935,1093.0
3936,1040.0
3937,996.0
3938,980.0
3939,966.0
3940,975.0
3941,991.0
3942,993.0
3943,1040.0
3944,1059.0
3945,1091.0
3946,1120.0
3947,1129.0
3948,1152.0
3949,1181.0
3950,1221.0
3951,1405.0
3952,1830.0
3953,2407.0
3954,3005.0
3955,3547.0
3956,3702.0
3957,3406.0
3958,2931.0
3959,2500.0
3960,2102.0
3961,1727.0
3962,1422.0
3963,1147.0
3964,951.0
3965,826.0
3966,782.0
3967,819.0
3968,909.0
3969,1001.0
3970,1088.0
3971,1134.0
3972,1148.0
3973,1134.0
3974,1086.0
3975,1039.0
3976,1018.0
3977,975.0
3978,987.0
3979,978.0
3980,970.0
3981,1015.0
3982,1037.0
3983,1059.0
3984,1091.0
3985,1106.0
3986,1125.0
3987,1149.0
3988,1168.0
3989,1253.0
3990,1535.0
3991,2037.0
3992,2640.0
3993,3213.0
3994,3568.0
3995,3459.0
3996,3070.0
3997,2635.0
3998,2225.0
3999,1856.0
4000,1509.0
4001,1232.0
4002,1008.0
4003,867.0
4004,809.0
4005,835.0
4006,922.0
4007,1040.0
4008,1147.0
4009,1187.0
4010,1213.0
4011,1199.0
4012,1150.0
4013,1104.0
4014,1059.0
4015,1063.0
4016,1015.0
4017,1012.0
4018,1023.0
4019,1035.0
4020,1072.0
4021,1074.0
4022,1096.0
4023,1086.0
4024,1113.0
4025,1211.0
4026,1505.0
4027,2016.0
4028,2609.0
4029,3099.0
4030,3387.0
4031,3282.0
4032,2910.0
4033,2506.0
4034,2118.0
4035,1764.0
4036,1445.0
4037,1182.0
4038,959.0
4039,822.0
4040,784.0
4041,833.0
4042,912.0
4043,1020.0
4044,1124.0
4045,1165.0
4046,1172.0
4047,1149.0
4048,1118.0
4049,1069.0
4050,1038.0
4051,1022.0
4052,1004.0
4053,999.0
4054,1015.0
4055,1023.0
4056,1072.0
4057,1079.0
4058,1098.0
4059,1115.0
4060,1134.0
4061,1195.0
4062,1404.0
4063,1874.0
4064,2441.0
4065,2986.0
4066,3440.0
4067,3451.0
4068,3150.0
4069,2720.0
4070,2317.0
4071,1931.0
4072,1605.0
4073,1316.0
4074,1088.0
4075,907.0
4076,816.0
4077,789.0
4078,844.0
4079,935.0
4080,1043.0
4081,1111.0
4082,1137.0
4083,1151.0
4084,1109.0
4085,1104.0
4086,1057.0
4087,1042.0
4088,1022.0
4089,1023.0
4090,1040.0
4091,1059.0
4092,1077.0
4093,1095.0
4094,1104.0
4095,1122.0
4096,1124.0
4097,1174.0
4098,1318.0
4099,1684.0
4100,2215.0
4101,2758.0
4102,3198.0
4103,3343.0
4104,3149.0
4105,2800.0
4106,2386.0
4107,2026.0
4108,1679.0
4109,1374.0
4110,1121.0
4111,923.0
4112,811.0
4113,784.0
4114,848.0
4115,926.0
4116,1035.0
4117,1143.0
4118,1181.0
4119,1172.0
4120,1182.0
4121,1152.0
4122,1089.0
4123,1049.0
4124,1035.0
4125,1037.0
4126,1015.0
4127,1023.0
4128,1056.0
4129,1075.0
4130,1075.0
4131,1121.0
4132,1333.0
4133,1749.0
4134,2291.0
4135,2801.0
4136,3133.0
4137,3165.0
4138,2925.0
4139,2559.0
4140,2217.0
4141,1849.0
4142,1535.0
4143,1253.0
4144,1018.0
4145,869.0
4146,822.0
4147,843.0
4148,921.0
4149,1063.0
4150,1182.0
4151,1232.0
4152,1243.0
4153,1227.0
4154,1200.0
4155,1133.0
4156,1104.0
4157,1085.0
4158,1075.0
4159,1073.0
4160,1069.0
4161,1075.0
4162,1081.0
4163,1088.0
4164,1123.0
4165,1261.0
4166,1602.0
4167,2148.0
4168,2669.0
4169,3119.0
4170,3268.0
4171,3088.0
4172,2727.0
4173,2339.0
4174,1978.0
4175,1625.0
4176,1331.0
4177,1091.0
4178,902.0
4179,798.0
4180,798.0
4181,846.0
4182,942.0
4183,1057.0
4184,1148.0
4185,1159.0
4186,1158.0
4187,1146.0
4188,1104.0
4189,1050.0
4190,1037.0
4191,1003.0
4192,1014.0
4193,990.0
4194,1033.0
4195,1068.0
4196,1056.0
4197,1086.0
4198,1087.0
4199,1174.0
4200,1422.0
4201,1897.0
4202,2474.0
4203,2977.0
4204,3313.0
4205,3305.0
4206,2965.0
4207,2587.0
4208,2205.0
4209,1846.0
4210,1515.0
4211,1222.0
4212,987.0
4213,846.0
4214,768.0
4215,771.0
4216,829.0
4217,924.0
4218,1058.0
4219,1101.0
4220,1122.0
4221,1123.0
4222,1103.0
4223,1063.0
4224,1038.0
4225,966.0
4226,972.0
4227,977.0
4228,989.0
4229,1013.0
4230,1039.0
4231,1069.0
4232,1097.0
4233,1088.0
4234,1108.0
4235,1145.0
4236,1279.0
4237,1659.0
4238,2214.0
4239,2779.0
4240,3281.0
4241,3510.0
4242,3299.0
4243,2899.0
4244,2496.0
4245,2096.0
4246,1728.0
4247,1403.0
4248,1136.0
4249,931.0
4250,794.0
4251,789.0
4252,827.0
4253,912.0
4254,1038.0
4255,1111.0
4256,1155.0
4257,1190.0
4258,1153.0
4259,1119.0
4260,1059.0
4261,1036.0
4262,1011.0
4263,1018.0
4264,1011.0
4265,1031.0
4266,1058.0
4267,1065.0
4268,1082.0
4269,1090.0
4270,1111.0
4271,1227.0
4272,1535.0
4273,2081.0
4274,2649.0
4275,3136.0
4276,3367.0
4277,3216.0
4278,2859.0
4279,2458.0
4280,2064.0
4281,1699.0
4282,1387.0
4283,1109.0
4284,907.0
4285,792.0
4286,784.0
4287,853.0
4288,962.0
4289,1046.0
4290,1148.0
4291,1185.0
4292,1166.0
4293,1164.0
4294,1114.0
4295,1068.0
4296,1040.0
4297,1009.0
4298,1006.0
4299,1021.0
4300,1021.0
4301,1057.0
4302,1073.0
4303,1079.0
4304,1079.0
4305,1105.0
4306,1235.0
4307,1589.0
4308,2149.0
4309,2704.0
4310,3180.0
4311,3387.0
4312,3218.0
4313,2843.0
4314,2429.0
4315,2060.0
4316,1693.0
4317,1373.0
4318,1105.0
4319,917.0
4320,784.0
4321,752.0
4322,786.0
4323,866.0
4324,990.0
4325,1073.0
4326,1136.0
4327,1133.0
4328,1122.0
4329,1088.0
4330,1023.0
4331,1003.0
4332,995.0
4333,976.0
4334,970.0
4335,966.0
4336,1023.0
4337,1040.0
4338,1069.0
4339,1075.0
4340,1079.0
4341,1110.0
4342,1175.0
4343,1383.0
4344,1842.0
4345,2415.0
4346,2957.0
4347,3399.0
4348,3447.0
4349,3157.0
4350,2735.0
4351,2316.0
4352,1929.0
4353,1603.0
4354,1279.0
4355,1040.0
4356,860.0
4357,752.0
4358,741.0
4359,807.0
4360,894.0
4361,1001.0
4362,1103.0
4363,1123.0
4364,1118.0
4365,1094.0
4366,1073.0
4367,1023.0
4368,997.0
4369,983.0
4370,967.0
4371,973.0
4372,999.0
4373,1015.0
4374,1062.0
4375,1060.0
4376,1057.0
4377,1099.0
4378,1131.0
4379,1302.0
4380,1679.0
4381,2231.0
4382,2800.0
4383,3218.0
4384,3360.0
4385,3121.0
4386,2731.0
4387,2315.0
4388,1931.0
4389,1598.0
4390,1271.0
4391,1021.0
4392,842.0
4393,774.0
4394,771.0
4395,851.0
4396,992.0
4397,1102.0
4398,1184.0
4399,1200.0
4400,1189.0
4401,1184.0
4402,1123.0
4403,1072.0
4404,1045.0
4405,1008.0
4406,1005.0
4407,1005.0
4408,1010.0
4409,1041.0
4410,1047.0
4411,1073.0
4412,1083.0
4413,1111.0
4414,1296.0
4415,1690.0
4416,2252.0
4417,2774.0
4418,3189.0
4419,3302.0
4420,3041.0
4421,2663.0
4422,2259.0
4423,1887.0
4424,1559.0
4425,1264.0
4426,1023.0
4427,848.0
4428,763.0
4429,758.0
4430,816.0
4431,917.0
4432,1043.0
4433,1103.0
4434,1132.0
4435,1121.0
4436,1091.0
4437,1056.0
4438,1013.0
4439,986.0
4440,973.0
4441,971.0
4442,974.0
4443,981.0
4444,997.0
4445,1038.0
4446,1050.0
4447,1052.0
4448,1085.0
4449,1163.0
4450,1423.0
4451,1936.0
4452,2489.0
4453,2992.0
4454,3347.0
4455,3271.0
4456,2958.0
4457,2559.0
4458,2161.0
4459,1791.0
4460,1465.0
4461,1200.0
4462,973.0
4463,815.0
4464,739.0
4465,757.0
4466,815.0
4467,910.0
4468,1016.0
4469,1073.0
4470,1085.0
4471,1072.0
4472,1045.0
4473,1005.0
4474,974.0
4475,946.0
4476,937.0
4477,937.0
4478,966.0
4479,981.0
4480,994.0
4481,1018.0
4482,1043.0
4483,1085.0
4484,1087.0
4485,1093.0
4486,1185.0
4487,1408.0
4488,1873.0
4489,2458.0
4490,3033.0
4491,3410.0
4492,3439.0
4493,3071.0
4494,2672.0
4495,2256.0
4496,1890.0
4497,1564.0
4498,1246.0
4499,1010.0
4500,845.0
4501,771.0
4502,774.0
4503,835.0
4504,945.0
4505,1063.0
4506,1123.0
4507,1164.0
4508,1143.0
4509,1105.0
4510,1061.0
4511,1023.0
4512,986.0
4513,973.0
4514,967.0
4515,989.0
4516,1017.0
4517,1040.0
4518,1049.0
4519,1078.0
4520,1087.0
4521,1105.0
4522,1194.0
4523,1456.0
4524,1931.0
4525,2506.0
4526,3010.0
4527,3341.0
4528,3250.0
4529,2902.0
4530,2487.0
4531,2106.0
4532,1741.0
4533,1406.0
4534,1146.0
4535,927.0
4536,770.0
4537,747.0
4538,771.0
4539,879.0
4540,981.0
4541,1102.0
4542,1141.0
4543,1132.0
4544,1126.0
4545,1088.0
4546,1042.0
4547,1009.0
4548,994.0
4549,963.0
4550,972.0
4551,978.0
4552,1008.0
4553,1035.0
4554,1055.0
4555,1056.0
4556,1071.0
4557,1125.0
4558,1331.0
4559,1758.0
4560,2329.0
4561,2867.0
4562,3262.0
4563,3312.0
4564,3020.0
4565,2634.0
4566,2231.0
4567,1861.0
4568,1531.0
4569,1251.0
4570,997.0
4571,830.0
4572,748.0
4573,753.0
4574,802.0
4575,898.0
4576,1011.0
4577,1088.0
4578,1104.0
4579,1098.0
4580,1087.0
4581,1018.0
4582,987.0
4583,960.0
4584,956.0
4585,943.0
4586,938.0
4587,944.0
4588,997.0
4589,1006.0
4590,1014.0
4591,1066.0
4592,1074.0
4593,1127.0
4594,1138.0
4595,1291.0
4596,1664.0
4597,2226.0
4598,2805.0
4599,3299.0
4600,3506.0
4601,3261.0
4602,2847.0
4603,2439.0
4604,2063.0
4605,1698.0
4606,1380.0
4607,1109.0
4608,916.0
4609,782.0
4610,743.0
4611,784.0
4612,866.0
4613,972.0
4614,1072.0
4615,1117.0
4616,1122.0
4617,1111.0
4618,1091.0
4619,1023.0
4620,990.0
4621,957.0
4622,951.0
4623,963.0
4624,961.0
4625,1004.0
4626,1023.0
4627,1044.0
4628,1056.0
4629,1072.0
4630,1107.0
4631,1174.0
4632,1427.0
4633,1907.0
4634,2485.0
4635,3015.0
4636,3339.0
4637,3280.0
4638,2941.0
4639,2544.0
4640,2139.0
4641,1779.0
4642,1438.0
4643,1151.0
4644,946.0
4645,799.0
4646,766.0
4647,816.0
4648,895.0
4649,1043.0
4650,1139.0
4651,1191.0
4652,1199.0
4653,1173.0
4654,1138.0
4655,1097.0
4656,1042.0
4657,1023.0
4658,1010.0
4659,999.0
4660,1010.0
4661,1010.0
4662,1062.0
4663,1072.0
4664,1079.0
4665,1098.0
4666,1149.0
4667,1337.0
4668,1768.0
4669,2343.0
4670,2896.0
4671,3280.0
4672,3329.0
4673,3029.0
4674,2629.0
4675,2217.0
4676,1861.0
4677,1503.0
4678,1247.0
4679,999.0
4680,848.0
4681,779.0
4682,786.0
4683,863.0
4684,975.0
4685,1101.0
4686,1159.0
4687,1177.0
4688,1154.0
4689,1119.0
4690,1071.0
4691,1043.0
4692,1009.0
4693,1002.0
4694,976.0
4695,985.0
4696,1019.0
4697,1041.0
4698,1059.0
4699,1086.0
4700,1088.0
4701,1121.0
4702,1184.0
4703,1404.0
4704,1840.0
4705,2442.0
4706,2992.0
4707,3446.0
4708,3458.0
4709,3144.0
4710,2704.0
4711,2310.0
4712,1914.0
4713,1585.0
4714,1287.0
4715,1040.0
4716,870.0
4717,769.0
4718,770.0
4719,818.0
4720,933.0
4721,1043.0
4722,1107.0
4723,1132.0
4724,1117.0
4725,1104.0
4726,1023.0
4727,989.0
4728,951.0
4729,928.0
4730,942.0
4731,954.0
4732,961.0
4733,990.0
4734,1019.0
4735,1051.0
4736,1072.0
4737,1092.0
4738,1114.0
4739,1181.0
4740,1415.0
4741,1879.0
4742,2479.0
4743,3049.0
4744,3491.0
4745,3493.0
4746,3155.0
4747,2704.0
4748,2310.0
4749,1918.0
4750,1593.0
4751,1296.0
4752,1060.0
4753,887.0
4754,789.0
4755,786.0
4756,851.0
4757,950.0
4758,1063.0
4759,1136.0
4760,1145.0
4761,1145.0
4762,1123.0
4763,1062.0
4764,1013.0
4765,1013.0
4766,978.0
4767,973.0
4768,976.0
4769,996.0
4770,1033.0
4771,1058.0
4772,1088.0
4773,1091.0
4774,1104.0
4775,1168.0
4776,1390.0
4777,1856.0
4778,2461.0
4779,3008.0
4780,3404.0
4781,3379.0
4782,3031.0
4783,2627.0
4784,2222.0
4785,1839.0
4786,1507.0
4787,1230.0
4788,982.0
4789,852.0
4790,789.0
4791,798.0
4792,895.0
4793,994.0
4794,1123.0
4795,1161.0
4796,1168.0
4797,1146.0
4798,1105.0
4799,1058.0
4800,1036.0
4801,1000.0
4802,966.0
4803,976.0
4804,991.0
4805,1030.0
4806,1038.0
4807,1061.0
4808,1086.0
4809,1091.0
4810,1123.0
4811,1247.0
4812,1594.0
4813,2118.0
4814,2693.0
4815,3193.0
4816,3401.0
4817,3217.0
4818,2832.0
4819,2416.0
4820,2039.0
4821,1689.0
4822,1376.0
4823,1098.0
4824,909.0
4825,784.0
4826,753.0
4827,784.0
4828,865.0
4829,993.0
4830,1072.0
4831,1111.0
4832,1134.0
4833,1111.0
4834,1072.0
4835,1023.0
4836,987.0
4837,976.0
4838,973.0
4839,960.0
4840,980.0
4841,1005.0
4842,1041.0
4843,1068.0
4844,1082.0
4845,1090.0
4846,1122.0
4847,1139.0
4848,1226.0
4849,1502.0
4850,1990.0
4851,2583.0
4852,3133.0
4853,3476.0
4854,3415.0
4855,3024.0
4856,2596.0
4857,2191.0
4858,1840.0
4859,1504.0
4860,1232.0
4861,1010.0
4862,852.0
4863,784.0
4864,794.0
4865,873.0
4866,966.0
4867,1072.0
4868,1131.0
4869,1153.0
4870,1159.0
4871,1119.0
4872,1072.0
4873,1018.0
4874,1011.0
4875,999.0
4876,992.0
4877,982.0
4878,1010.0
4879,1059.0
4880,1071.0
4881,1094.0
4882,1110.0
4883,1130.0
4884,1158.0
4885,1203.0
4886,1399.0
4887,1831.0
4888,2432.0
4889,2976.0
4890,3408.0
4891,3438.0
4892,3111.0
4893,2679.0
4894,2265.0
4895,1877.0
4896,1535.0
4897,1266.0
4898,1023.0
4899,869.0
4900,811.0
4901,821.0
4902,925.0
4903,1040.0
4904,1134.0
4905,1201.0
4906,1209.0
4907,1178.0
4908,1145.0
4909,1088.0
4910,1035.0
4911,1010.0
4912,995.0
4913,982.0
4914,1008.0
4915,1017.0
4916,1054.0
4917,1070.0
4918,1104.0
4919,1111.0
4920,1136.0
4921,1210.0
4922,1495.0
4923,1983.0
4924,2559.0
4925,3088.0
4926,3391.0
4927,3281.0
4928,2908.0
4929,2498.0
4930,2129.0
4931,1754.0
4932,1453.0
4933,1188.0
4934,976.0
4935,832.0
4936,776.0
4937,788.0
4938,895.0
4939,995.0
4940,1077.0
4941,1143.0
4942,1149.0
4943,1132.0
4944,1079.0
4945,1038.0
4946,1019.0
4947,974.0
4948,962.0
4949,961.0
4950,974.0
4951,1007.0
4952,1037.0
4953,1051.0
4954,1072.0
4955,1095.0
4956,70.0
4957,632.5
4958,1195.0
4959,1413.0
4960,1856.0
4961,2448.0
4962,3031.0
4963,3474.0
4964,3549.0
4965,3190.0
4966,2751.0
4967,2336.0
4968,1951.0
4969,1605.0
4970,1307.0
4971,1069.0
4972,873.0
4973,766.0
4974,751.0
4975,781.0
4976,869.0
4977,991.0
4978,1099.0
4979,1110.0
4980,1110.0
4981,1101.0
4982,1051.0
4983,979.0
4984,959.0
4985,953.0
4986,959.0
4987,955.0
4988,975.0
4989,1001.0
4990,1040.0
4991,1044.0
4992,1078.0
4993,1098.0
4994,1123.0
4995,1142.0
4996,1195.0
4997,1347.0
4998,1703.0
4999,2291.0
5000,2876.0
5001,2752.5
5002,2629.0
5003,2219.0
5004,1856.0
5005,1533.0
5006,1262.0
5007,1040.0
5008,907.0
5009,839.0
5010,871.0
5011,942.0
5012,1062.0
5013,1163.0
5014,1222.0
5015,1216.0
5016,1199.0
5017,1165.0
5018,1119.0
5019,1063.0
5020,1040.0
5021,1021.0
5022,1040.0
5023,1041.0
5024,1053.0
5025,1094.0
5026,1116.0
5027,1134.0
5028,1123.0
5029,1173.0
5030,1195.0
5031,1399.0
5032,1819.0
5033,2383.0
5034,2918.0
5035,3321.0
5036,3398.0
5037,3102.0
5038,2697.0
5039,2314.0
5040,1935.0
5041,1617.0
5042,1346.0
5043,1104.0
5044,941.0
5045,852.0
5046,829.0
5047,895.0
5048,976.0
5049,1086.0
5050,1183.0
5051,1189.0
5052,1178.0
5053,1136.0
5054,1072.0
5055,1034.0
5056,1020.0
5057,994.0
5058,987.0
5059,1007.0
5060,1014.0
5061,1069.0
5062,1079.0
5063,1093.0
5064,1119.0
5065,1152.0
5066,1151.0
5067,1179.0
5068,1235.0
5069,1451.0
5070,1892.0
5071,2480.0
5072,3055.0
5073,3511.0
5074,3563.0
5075,3189.0
5076,2752.0
5077,2338.0
5078,1958.0
5079,1650.0
5080,1371.0
5081,1137.0
5082,953.0
5083,827.0
5084,784.0
5085,839.0
5086,929.0
5087,1023.0
5088,1111.0
5089,1161.0
5090,1155.0
5091,1123.0
5092,1055.0
5093,1007.0
5094,993.0
5095,959.0
5096,963.0
5097,957.0
5098,976.0
5099,994.0
5100,1037.0
5101,1064.0
5102,1093.0
5103,1104.0
5104,1127.0
5105,1157.0
5106,1199.0
5107,1369.0
5108,1773.0
5109,2347.0
5110,2888.0
5111,3318.0
5112,3429.0
5113,3141.0
5114,2743.0
5115,2309.0
5116,1949.0
5117,1622.0
5118,1353.0
5119,1115.0
5120,926.0
5121,829.0
5122,815.0
5123,876.0
5124,973.0
5125,1079.0
5126,1157.0
5127,1200.0
5128,1168.0
5129,1143.0
5130,1072.0
5131,1073.0
5132,1007.0
5133,979.0
5134,985.0
5135,977.0
5136,1007.0
5137,1050.0
5138,1070.0
5139,1086.0
5140,1119.0
5141,1131.0
5142,1155.0
5143,1187.0
5144,1233.0
5145,1405.0
5146,1808.0
5147,2365.0
5148,2867.0
5149,3275.0
5150,3334.0
5151,3011.0
5152,2628.0
5153,2252.0
5154,1898.0
5155,1580.0
5156,1326.0
5157,1110.0
5158,959.0
5159,870.0
5160,843.0
5161,914.0
5162,1007.0
5163,1113.0
5164,1171.0
5165,1185.0
5166,1184.0
5167,1140.0
5168,1073.0
5169,1045.0
5170,1015.0
5171,989.0
5172,994.0
5173,1019.0
5174,1023.0
5175,1077.0
5176,1088.0
5177,1116.0
5178,1136.0
5179,1162.0
5180,1186.0
5181,1206.0
5182,1344.0
5183,1700.0
5184,2209.0
5185,2767.0
5186,3220.0
5187,3382.0
5188,3167.0
5189,2790.0
5190,2403.0
5191,2025.0
5192,1735.0
5193,1445.0
5194,1221.0
5195,1044.0
5196,890.0
5197,860.0
5198,869.0
5199,945.0
5200,998.0
5201,1110.0
5202,1157.0
5203,1154.0
5204,1149.0
5205,1088.0
5206,1021.0
5207,994.0
5208,973.0
5209,969.0
5210,967.0
5211,987.0
5212,1004.0
5213,1049.0
5214,1066.0
5215,1102.0
5216,1114.0
5217,1146.0
5218,1157.0
5219,1175.0
5220,1213.0
5221,1264.0
5222,1475.0
5223,1939.0
5224,2523.0
5225,3095.0
5226,3506.0
5227,3583.0
5228,3202.0
5229,2735.0
5230,2354.0
5231,1973.0
5232,1667.0
5233,1405.0
5234,1170.0
5235,1004.0
5236,893.0
5237,857.0
5238,882.0
5239,986.0
5240,1088.0
5241,1163.0
5242,1173.0
5243,1152.0
5244,1123.0
5245,1056.0
5246,1005.0
5247,991.0
5248,986.0
5249,949.0
5250,967.0
5251,977.0
5252,1015.0
5253,1013.0
5254,1054.0
5255,1072.0
5256,1093.0
5257,1131.0
5258,1141.0
5259,1179.0
5260,1245.0
5261,1437.0
5262,1885.0
5263,2438.0
5264,3009.0
5265,3399.0
5266,3362.0
5267,3093.0
5268,2691.0
5269,2269.0
5270,1901.0
5271,1591.0
5272,1322.0
5273,1114.0
5274,915.0
5275,847.0
5276,868.0
5277,919.0
5278,1039.0
5279,1137.0
5280,1195.0
5281,1219.0
5282,1190.0
5283,1147.0
5284,1086.0
5285,1023.0
5286,1007.0
5287,998.0
5288,977.0
5289,997.0
5290,1040.0
5291,1045.0
5292,1073.0
5293,1088.0
5294,1104.0
5295,1121.0
5296,1143.0
5297,1200.0
5298,1328.0
5299,1693.0
5300,2246.0
5301,2819.0
5302,3280.0
5303,3409.0
5304,3145.0
5305,2743.0
5306,2345.0
5307,1968.0
5308,1635.0
5309,1374.0
5310,1147.0
5311,955.0
5312,846.0
5313,825.0
5314,862.0
5315,965.0
5316,1061.0
5317,1134.0
5318,1153.0
5319,1137.0
5320,1104.0
5321,1041.0
5322,979.0
5323,957.0
5324,944.0
5325,944.0
5326,933.0
5327,963.0
5328,983.0
5329,1008.0
5330,1041.0
5331,1077.0
5332,1091.0
5333,1123.0
5334,1149.0
5335,1176.0
5336,1184.0
5337,1244.0
5338,1424.0
5339,1822.0
5340,2416.0
5341,3024.0
5342,3507.0
5343,3597.0
5344,3323.0
5345,2838.0
5346,2431.0
5347,2024.0
5348,1702.0
5349,1442.0
5350,1200.0
5351,993.0
5352,860.0
5353,799.0
5354,821.0
5355,895.0
5356,993.0
5357,1074.0
5358,1119.0
5359,1107.0
5360,1072.0
5361,1010.0
5362,957.0
5363,942.0
5364,907.0
5365,903.0
5366,914.0
5367,919.0
5368,973.0
5369,1006.0
5370,1008.0
5371,1047.0
5372,1081.0
5373,1098.0
5374,1129.0
5375,1145.0
5376,1199.0
5377,1203.0
5378,1232.0
5379,1291.0
5380,1510.0
5381,1971.0
5382,2581.0
5383,3162.0
5384,3607.0
5385,3606.0
5386,3206.0
5387,2751.0
5388,2335.0
5389,1972.0
5390,1654.0
5391,1391.0
5392,1152.0
5393,976.0
5394,866.0
5395,840.0
5396,880.0
5397,965.0
5398,1066.0
5399,1139.0
5400,1162.0
5401,1138.0
5402,1109.0
5403,1040.0
5404,994.0
5405,983.0
5406,960.0
5407,945.0
5408,945.0
5409,977.0
5410,1023.0
5411,1042.0
5412,1058.0
5413,1078.0
5414,1098.0
5415,1114.0
5416,1152.0
5417,1330.0
5418,1743.0
5419,2286.0
5420,2803.0
5421,3174.0
5422,3230.0
5423,2965.0
5424,2580.0
5425,2192.0
5426,1845.0
5427,1535.0
5428,1296.0
5429,1073.0
5430,895.0
5431,835.0
5432,848.0
5433,914.0
5434,1037.0
5435,1143.0
5436,1215.0
5437,1229.0
5438,1186.0
5439,1135.0
5440,1083.0
5441,1040.0
5442,1005.0
5443,982.0
5444,993.0
5445,990.0
5446,1005.0
5447,1065.0
5448,1070.0
5449,1071.0
5450,1089.0
5451,1106.0
5452,1229.0
5453,1518.0
5454,2019.0
5455,2559.0
5456,3037.0
5457,3254.0
5458,3095.0
5459,2736.0
5460,2349.0
5461,1983.0
5462,1685.0
5463,1396.0
5464,1159.0
5465,967.0
5466,863.0
5467,812.0
5468,839.0
5469,935.0
5470,1023.0
5471,1106.0
5472,1136.0
5473,1109.0
5474,1083.0
5475,1022.0
5476,972.0
5477,947.0
5478,937.0
5479,915.0
5480,943.0
5481,961.0
5482,997.0
5483,1015.0
5484,1050.0
5485,1055.0
5486,1094.0
5487,1138.0
5488,1305.0
5489,1680.0
5490,2251.0
5491,2785.0
5492,3184.0
5493,3226.0
5494,2986.0
5495,2618.0
5496,2262.0
5497,1919.0
5498,1629.0
5499,1370.0
5500,1142.0
5501,957.0
5502,844.0
5503,810.0
5504,827.0
5505,889.0
5506,960.0
5507,1040.0
5508,1063.0
5509,1056.0
5510,1008.0
5511,971.0
5512,931.0
5513,924.0
5514,913.0
5515,905.0
5516,929.0
5517,960.0
5518,976.0
5519,1013.0
5520,1046.0
5521,1063.0
5522,1086.0
5523,1108.0
5524,1137.0
5525,1271.0
5526,1632.0
5527,2129.0
5528,2658.0
5529,3013.0
5530,3099.0
5531,2896.0
5532,2559.0
5533,2240.0
5534,1904.0
5535,1616.0
5536,1367.0
5537,1151.0
5538,981.0
5539,863.0
5540,824.0
5541,849.0
5542,935.0
5543,1003.0
5544,1105.0
5545,1117.0
5546,1107.0
5547,1071.0
5548,1021.0
5549,1008.0
5550,969.0
5551,965.0
5552,977.0
5553,967.0
5554,1007.0
5555,1010.0
5556,1053.0
5557,1087.0
5558,1104.0
5559,1109.0
5560,1143.0
5561,1193.0
5562,1328.0
5563,1634.0
5564,2070.0
5565,2483.0
5566,2764.0
5567,2826.0
5568,2655.0
5569,2410.0
5570,2118.0
5571,1837.0
5572,1622.0
5573,1410.0
5574,1246.0
5575,1104.0
5576,1022.0
5577,1014.0
5578,1071.0
5579,1127.0
5580,1213.0
5581,1263.0
5582,1263.0
5583,1236.0
5584,1195.0
5585,1154.0
5586,1136.0
5587,1135.0
5588,1131.0
5589,1119.0
5590,1145.0
5591,1167.0
5592,1209.0
5593,1200.0
5594,1216.0
5595,1218.0
5596,1245.0
5597,1328.0
5598,1567.0
5599,1939.0
5600,2355.0
5601,2670.0
5602,2789.0
5603,2681.0
5604,2507.0
5605,2250.0
5606,2009.0
5607,1792.0
5608,1585.0
5609,1412.0
5610,1264.0
5611,1136.0
5612,1129.0
5613,1136.0
5614,1190.0
5615,1227.0
5616,1290.0
5617,1298.0
5618,1283.0
5619,1242.0
5620,1182.0
5621,1155.0
5622,1136.0
5623,1135.0
5624,1122.0
5625,1134.0
5626,1135.0
5627,1170.0
5628,1184.0
5629,1214.0
5630,1225.0
5631,1245.0
5632,1249.0
5633,1264.0
5634,1299.0
5635,1361.0
5636,1615.0
5637,1983.0
5638,2401.0
5639,2741.0
5640,2896.0
5641,2818.0
5642,2633.0
5643,2393.0
5644,2155.0
5645,1914.0
5646,1723.0
5647,1533.0
5648,1353.0
5649,1233.0
5650,1165.0
5651,1152.0
5652,1174.0
5653,1201.0
5654,1238.0
5655,1273.0
5656,1269.0
5657,1231.0
5658,1204.0
5659,1167.0
5660,1138.0
5661,1134.0
5662,1121.0
5663,1131.0
5664,1147.0
5665,1143.0
5666,1170.0
5667,1199.0
5668,1199.0
5669,1211.0
5670,1216.0
5671,1249.0
5672,1275.0
5673,1266.0
5674,1337.0
5675,1486.0
5676,1799.0
5677,2198.0
5678,2557.0
5679,2800.0
5680,2829.0
5681,2672.0
5682,2443.0
5683,2190.0
5684,1965.0
5685,1733.0
5686,1535.0
5687,1382.0
5688,1263.0
5689,1183.0
5690,1170.0
5691,1193.0
5692,1244.0
5693,1293.0
5694,1311.0
5695,1325.0
5696,1260.0
5697,1207.0
5698,1179.0
5699,1147.0
5700,1130.0
5701,1136.0
5702,1136.0
5703,1127.0
5704,1155.0
5705,1194.0
5706,1194.0
5707,1203.0
5708,1223.0
5709,1232.0
5710,1272.0
5711,1381.0
5712,1651.0
5713,2046.0
5714,2461.0
5715,2759.0
5716,2835.0
5717,2709.0
5718,2471.0
5719,2215.0
5720,1968.0
5721,1739.0
5722,1523.0
5723,1311.0
5724,1168.0
5725,1084.0
5726,1070.0
5727,1098.0
5728,1140.0
5729,1202.0
5730,1246.0
5731,1216.0
5732,1182.0
5733,1123.0
5734,1088.0
5735,1067.0
5736,1035.0
5737,1031.0
5738,1045.0
5739,1051.0
5740,1059.0
5741,1081.0
5742,1109.0
5743,1133.0
5744,1130.0
5745,1155.0
5746,1185.0
5747,1321.0
5748,1615.0
5749,2073.0
5750,2503.0
5751,2827.0
5752,2889.0
5753,2752.0
5754,2475.0
5755,2173.0
5756,1885.0
5757,1637.0
5758,1423.0
5759,1217.0
5760,1083.0
5761,976.0
5762,939.0
5763,955.0
5764,1010.0
5765,1084.0
5766,1136.0
5767,1165.0
5768,1130.0
5769,1110.0
5770,1040.0
5771,1023.0
5772,1013.0
5773,1021.0
5774,1002.0
5775,1036.0
5776,1056.0
5777,1074.0
5778,1099.0
5779,1130.0
5780,1153.0
5781,1162.0
5782,1181.0
5783,1203.0
5784,1315.0
5785,1575.0
5786,2005.0
5787,2481.0
5788,2864.0
5789,3009.0
5790,2881.0
5791,2629.0
5792,2309.0
5793,1967.0
5794,1728.0
5795,1488.0
5796,1296.0
5797,1137.0
5798,1017.0
5799,959.0
5800,965.0
5801,1013.0
5802,1116.0
5803,1175.0
5804,1200.0
5805,1199.0
5806,1185.0
5807,1119.0
5808,1088.0
5809,1072.0
5810,1072.0
5811,1056.0
5812,1086.0
5813,1114.0
5814,1126.0
5815,1168.0
5816,1145.0
5817,1174.0
5818,1216.0
5819,1207.0
5820,1292.0
5821,1474.0
5822,1845.0
5823,2315.0
5824,2705.0
5825,2919.0
5826,2863.0
5827,2635.0
5828,2336.0
5829,2023.0
5830,1751.0
5831,1507.0
5832,1321.0
5833,1136.0
5834,1023.0
5835,992.0
5836,1023.0
5837,1091.0
5838,1222.0
5839,1273.0
5840,1285.0
5841,1273.0
5842,1242.0
5843,1186.0
5844,1145.0
5845,1107.0
5846,1101.0
5847,1099.0
5848,1099.0
5849,1132.0
5850,1170.0
5851,1195.0
5852,1210.0
5853,1225.0
5854,1241.0
5855,1250.0
5856,1290.0
5857,1439.0
5858,1780.0
5859,2266.0
5860,2709.0
5861,3020.0
5862,3085.0
5863,2829.0
5864,2509.0
5865,2183.0
5866,1882.0
5867,1629.0
5868,1403.0
5869,1206.0
5870,1098.0
5871,994.0
5872,1003.0
5873,1052.0
5874,1136.0
5875,1214.0
5876,1251.0
5877,1263.0
5878,1225.0
5879,1183.0
5880,1140.0
5881,1114.0
5882,1085.0
5883,1077.0
5884,1078.0
5885,1111.0
5886,1136.0
5887,1168.0
5888,1181.0
5889,1186.0
5890,1209.0
5891,1226.0
5892,1265.0
5893,1427.0
5894,1762.0
5895,2256.0
5896,2717.0
5897,3051.0
5898,3099.0
5899,2910.0
5900,2587.0
5901,2269.0
5902,1963.0
5903,1704.0
5904,1466.0
5905,1258.0
5906,1115.0
5907,1015.0
5908,990.0
5909,1011.0
5910,1103.0
5911,1174.0
5912,1232.0
5913,1243.0
5914,1232.0
5915,1176.0
5916,1134.0
5917,1113.0
5918,1082.0
5919,1088.0
5920,1097.0
5921,1118.0
5922,1154.0
5923,1162.0
5924,1174.0
5925,1200.0
5926,1218.0
5927,1229.0
5928,1253.0
5929,1278.0
5930,1417.0
5931,1749.0
5932,2222.0
5933,2699.0
5934,3067.0
5935,3194.0
5936,2974.0
5937,2655.0
5938,2320.0
5939,1987.0
5940,1711.0
5941,1486.0
5942,1264.0
5943,1119.0
5944,1031.0
5945,1010.0
5946,1059.0
5947,1147.0
5948,1220.0
5949,1267.0
5950,1280.0
5951,1259.0
5952,1216.0
5953,1174.0
5954,1129.0
5955,1111.0
5956,1107.0
5957,1106.0
5958,1105.0
5959,1153.0
5960,1182.0
5961,1181.0
5962,1205.0
5963,1235.0
5964,1244.0
5965,1253.0
5966,1276.0
5967,1477.0
5968,1845.0
5969,2353.0
5970,2803.0
5971,3120.0
5972,3123.0
5973,2861.0
5974,2525.0
5975,2191.0
5976,1889.0
5977,1617.0
5978,1387.0
5979,1205.0
5980,1085.0
5981,1008.0
5982,1042.0
5983,1105.0
5984,1205.0
5985,1282.0
5986,1327.0
5987,1282.0
5988,1257.0
5989,1184.0
5990,1147.0
5991,1103.0
5992,1104.0
5993,1088.0
5994,1104.0
5995,1110.0
5996,1149.0
5997,1182.0
5998,1193.0
5999,1200.0
6000,1203.0
6001,1221.0
6002,1294.0
6003,1482.0
6004,1906.0
6005,2397.0
6006,2849.0
6007,3113.0
6008,3103.0
6009,2827.0
6010,2497.0
6011,2160.0
6012,1842.0
6013,1585.0
6014,1375.0
6015,1183.0
6016,1059.0
6017,994.0
6018,982.0
6019,1055.0
6020,1129.0
6021,1233.0
6022,1264.0
6023,1241.0
6024,1216.0
6025,1168.0
6026,1120.0
6027,1087.0
6028,1085.0
6029,1069.0
6030,1079.0
6031,1086.0
6032,1106.0
6033,1154.0
6034,1177.0
6035,1213.0
6036,1229.0
6037,1230.0
6038,1247.0
6039,1267.0
6040,1312.0
6041,1463.0
6042,1802.0
6043,2319.0
6044,2821.0
6045,3247.0
6046,3347.0
6047,3122.0
6048,2773.0
6049,2387.0
6050,2063.0
6051,1777.0
6052,1535.0
6053,1309.0
6054,1136.0
6055,1023.0
6056,1003.0
6057,1023.0
6058,1079.0
6059,1168.0
6060,1233.0
6061,1241.0
6062,1211.0
6063,1168.0
6064,1117.0
6065,1090.0
6066,1067.0
6067,1044.0
6068,1053.0
6069,1072.0
6070,1078.0
6071,1105.0
6072,1126.0
6073,1168.0
6074,1171.0
6075,1199.0
6076,1227.0
6077,1247.0
6078,1280.0
6079,1296.0
6080,1328.0
6081,1502.0
6082,1840.0
6083,2384.0
6084,2899.0
6085,3317.0
6086,3440.0
6087,3216.0
6088,2807.0
6089,2418.0
6090,2064.0
6091,1783.0
6092,1508.0
6093,1280.0
6094,1124.0
6095,1014.0
6096,1015.0
6097,1047.0
6098,1139.0
6099,1223.0
6100,1294.0
6101,1296.0
6102,1271.0
6103,1197.0
6104,1145.0
6105,1102.0
6106,1077.0
6107,1071.0
6108,1055.0
6109,1062.0
6110,1072.0
6111,1117.0
6112,1152.0
6113,1165.0
6114,1181.0
6115,1226.0
6116,1230.0
6117,1259.0
6118,1277.0
6119,1430.0
6120,1754.0
6121,2267.0
6122,2770.0
6123,3213.0
6124,3350.0
6125,3149.0
6126,7.0
6127,1032.5
6128,2058.0
6129,1757.0
6130,1483.0
6131,1252.0
6132,1079.0
6133,998.0
6134,989.0
6135,1050.0
6136,1142.0
6137,1246.0
6138,1297.0
6139,1296.0
6140,1258.0
6141,1201.0
6142,1143.0
6143,1097.0
6144,1072.0
6145,1067.0
6146,1087.0
6147,1088.0
6148,1106.0
6149,1139.0
6150,1155.0
6151,1169.0
6152,1178.0
6153,1179.0
6154,1217.0
6155,1375.0
6156,1747.0
6157,2273.0
6158,2785.0
6159,3200.0
6160,3311.0
6161,3055.0
6162,2707.0
6163,2330.0
6164,1998.0
6165,1699.0
6166,1433.0
6167,1215.0
6168,1054.0
6169,945.0
6170,97.0
6171,1253.0
6172,1257.0
6173,1244.0
6174,1183.0
6175,1111.0
6176,1077.0
6177,1059.0
6178,1057.0
6179,1061.0
6180,1059.0
6181,1110.0
6182,1115.0
6183,1133.0
6184,1157.0
6185,1167.0
6186,1229.0
6187,1446.0
6188,1863.0
6189,2363.0
6190,2787.0
6191,3083.0
6192,3067.0
6193,2837.0
6194,2496.0
6195,2173.0
6196,1889.0
6197,1621.0
6198,1366.0
6199,1198.0
6200,1055.0
6201,976.0
6202,988.0
6203,1042.0
6204,1134.0
6205,1202.0
6206,1249.0
6207,1226.0
6208,1166.0
6209,1108.0
6210,1085.0
6211,1043.0
6212,1038.0
6213,1022.0
6214,1040.0
6215,1039.0
6216,1095.0
6217,1105.0
6218,1114.0
6219,1131.0
6220,1152.0
6221,1214.0
6222,1354.0
6223,1683.0
6224,2191.0
6225,2690.0
6226,3056.0
6227,3168.0
6228,2995.0
6229,2689.0
6230,2357.0
6231,2039.0
6232,1756.0
6233,1489.0
6234,1280.0
6235,1101.0
6236,990.0
6237,961.0
6238,991.0
6239,1088.0
6240,1141.0
6241,1206.0
6242,1222.0
6243,1189.0
6244,1136.0
6245,1086.0
6246,1067.0
6247,1023.0
6248,1043.0
6249,1067.0
6250,1059.0
6251,1094.0
6252,1111.0
6253,1125.0
6254,1156.0
6255,1155.0
6256,1250.0
6257,1509.0
6258,1932.0
6259,2391.0
6260,2749.0
6261,2915.0
6262,2830.0
6263,2581.0
6264,2282.0
6265,1987.0
6266,1713.0
6267,1475.0
6268,1293.0
6269,1115.0
6270,1054.0
6271,1023.0
6272,1094.0
6273,1183.0
6274,1271.0
6275,1314.0
6276,1318.0
6277,1271.0
6278,1217.0
6279,1175.0
6280,1152.0
6281,1129.0
6282,1122.0
6283,1144.0
6284,1157.0
6285,1165.0
6286,1182.0
6287,1185.0
6288,1217.0
6289,1249.0
6290,1390.0
6291,1689.0
6292,2110.0
6293,2500.0
6294,2735.0
6295,2784.0
6296,2655.0
6297,2413.0
6298,2144.0
6299,1904.0
6300,1687.0
6301,1475.0
6302,1298.0
6303,1184.0
6304,1106.0
6305,1126.0
6306,1150.0
6307,1207.0
6308,1286.0
6309,1305.0
6310,1308.0
6311,1295.0
6312,1234.0
6313,1198.0
6314,1179.0
6315,1186.0
6316,1186.0
6317,1195.0
6318,1209.0
6319,1230.0
6320,1239.0
6321,1247.0
6322,1282.0
6323,1350.0
6324,1535.0
6325,1858.0
6326,2224.0
6327,2503.0
6328,2639.0
6329,2621.0
6330,2464.0
6331,2289.0
6332,2080.0
6333,1898.0
6334,1728.0
6335,1555.0
6336,1431.0
6337,1326.0
6338,1294.0
6339,1299.0
6340,1330.0
6341,1360.0
6342,1399.0
6343,1422.0
6344,1411.0
6345,1367.0
6346,1317.0
6347,1298.0
6348,1282.0
6349,1275.0
6350,1285.0
6351,1275.0
6352,1299.0
6353,1331.0
6354,1358.0
6355,1358.0
6356,1365.0
6357,1411.0
6358,1535.0
6359,1769.0
6360,2077.0
6361,2357.0
6362,2529.0
6363,2586.0
6364,2507.0
6365,2340.0
6366,2157.0
6367,2001.0
6368,1839.0
6369,1683.0
6370,1535.0
6371,1472.0
6372,1421.0
6373,1393.0
6374,1408.0
6375,1431.0
6376,1474.0
6377,1470.0
6378,1481.0
6379,1455.0
6380,1415.0
6381,1373.0
6382,1380.0
6383,1357.0
6384,1372.0
6385,1360.0
6386,1363.0
6387,1370.0
6388,1383.0
6389,1375.0
6390,1411.0
6391,1477.0
6392,1630.0
6393,1889.0
6394,2134.0
6395,2331.0
6396,2397.0
6397,2379.0
6398,2244.0
6399,2095.0
6400,1952.0
6401,1800.0
6402,1658.0
6403,1559.0
6404,1475.0
6405,1429.0
6406,1449.0
6407,1470.0
6408,1509.0
6409,1517.0
6410,1535.0
6411,1531.0
6412,1469.0
6413,1453.0
6414,1412.0
6415,1392.0
6416,1373.0
6417,1371.0
6418,1375.0
6419,1387.0
6420,1375.0
6421,1375.0
6422,1409.0
6423,1425.0
6424,1473.0
6425,1626.0
6426,1869.0
6427,2128.0
6428,2358.0
6429,2448.0
6430,2451.0
6431,2359.0
6432,2224.0
6433,2092.0
6434,1936.0
6435,1839.0
6436,1685.0
6437,1589.0
6438,1515.0
6439,1505.0
6440,1520.0
6441,1531.0
6442,1562.0
6443,1587.0
6444,1586.0
6445,1535.0
6446,1499.0
6447,1461.0
6448,1441.0
6449,1398.0
6450,1378.0
6451,1387.0
6452,1392.0
6453,1366.0
6454,1377.0
6455,1391.0
6456,1357.0
6457,1358.0
6458,1439.0
6459,1533.0
6460,1771.0
6461,2076.0
6462,2370.0
6463,2590.0
6464,2630.0
6465,2548.0
6466,2404.0
6467,2234.0
6468,2038.0
6469,1879.0
6470,1712.0
6471,1567.0
6472,1451.0
6473,1365.0
6474,1344.0
6475,1357.0
6476,1367.0
6477,1381.0
6478,1392.0
6479,1371.0
6480,1346.0
6481,1302.0
6482,1277.0
6483,1247.0
6484,1232.0
6485,1231.0
6486,1227.0
6487,1226.0
6488,1235.0
6489,1257.0
6490,1281.0
6491,1288.0
6492,1299.0
6493,1334.0
6494,1474.0
6495,1711.0
6496,2022.0
6497,2326.0
6498,2515.0
6499,2558.0
6500,2491.0
6501,2330.0
6502,2146.0
6503,1966.0
6504,1781.0
6505,1620.0
6506,1483.0
6507,1369.0
6508,1328.0
6509,1325.0
6510,1344.0
6511,1370.0
6512,1405.0
6513,1431.0
6514,1407.0
6515,1363.0
6516,1319.0
6517,1293.0
6518,1257.0
6519,1247.0
6520,1238.0
6521,1232.0
6522,1233.0
6523,1269.0
6524,1274.0
6525,1296.0
6526,1302.0
6527,1365.0
6528,1494.0
6529,1770.0
6530,2092.0
6531,2359.0
6532,2532.0
6533,2550.0
6534,2432.0
6535,2250.0
6536,2075.0
6537,1863.0
6538,1674.0
6539,1527.0
6540,1394.0
6541,1303.0
6542,1279.0
6543,1310.0
6544,1328.0
6545,1378.0
6546,1421.0
6547,1402.0
6548,1395.0
6549,1334.0
6550,1295.0
6551,1253.0
6552,1246.0
6553,1219.0
6554,1216.0
6555,1226.0
6556,1243.0
6557,1241.0
6558,1257.0
6559,1264.0
6560,1283.0
6561,1319.0
6562,1474.0
6563,1759.0
6564,2116.0
6565,2465.0
6566,2641.0
6567,2643.0
6568,2512.0
6569,2282.0
6570,2054.0
6571,1844.0
6572,1655.0
6573,1504.0
6574,1338.0
6575,1249.0
6576,1209.0
6577,1214.0
6578,1251.0
6579,1310.0
6580,1343.0
6581,1355.0
6582,1344.0
6583,1278.0
6584,1255.0
6585,1238.0
6586,1205.0
6587,1207.0
6588,1195.0
6589,1203.0
6590,1241.0
6591,1266.0
6592,1280.0
6593,1282.0
6594,1278.0
6595,1268.0
6596,1312.0
6597,1365.0
6598,1509.0
6599,1787.0
6600,2164.0
6601,2539.0
6602,2755.0
6603,2821.0
6604,2669.0
6605,2448.0
6606,2192.0
6607,1952.0
6608,1741.0
6609,1535.0
6610,1369.0
6611,1270.0
6612,1202.0
6613,1187.0
6614,1232.0
6615,1296.0
6616,1338.0
6617,1366.0
6618,1347.0
6619,1317.0
6620,1262.0
6621,1231.0
6622,1189.0
6623,1182.0
6624,1168.0
6625,1168.0
6626,1189.0
6627,1205.0
6628,1233.0
6629,1250.0
6630,1271.0
6631,1285.0
6632,1319.0
6633,1318.0
6634,1342.0
6635,1447.0
6636,1675.0
6637,2062.0
6638,2452.0
6639,2769.0
6640,2904.0
6641,2832.0
6642,2635.0
6643,2336.0
6644,2082.0
6645,1831.0
6646,1622.0
6647,1430.0
6648,1290.0
6649,1190.0
6650,1168.0
6651,1200.0
6652,1264.0
6653,1322.0
6654,1391.0
6655,1383.0
6656,1360.0
6657,1299.0
6658,1271.0
6659,1230.0
6660,1200.0
6661,1181.0
6662,1198.0
6663,1185.0
6664,1200.0
6665,1217.0
6666,1253.0
6667,1278.0
6668,1296.0
6669,1297.0
6670,1315.0
6671,1364.0
6672,1566.0
6673,1916.0
6674,2336.0
6675,2709.0
6676,2913.0
6677,2910.0
6678,2711.0
6679,2429.0
6680,2142.0
6681,1856.0
6682,1632.0
6683,1441.0
6684,1260.0
6685,1183.0
6686,1151.0
6687,1183.0
6688,1267.0
6689,1349.0
6690,1395.0
6691,1421.0
6692,1392.0
6693,1341.0
6694,1274.0
6695,1248.0
6696,1225.0
6697,1200.0
6698,1184.0
6699,1194.0
6700,1222.0
6701,1239.0
6702,1267.0
6703,1274.0
6704,1276.0
6705,1277.0
6706,1315.0
6707,1456.0
6708,1779.0
6709,2192.0
6710,2595.0
6711,2896.0
6712,2969.0
6713,2799.0
6714,2531.0
6715,2225.0
6716,1943.0
6717,1707.0
6718,1482.0
6719,1304.0
6720,1177.0
6721,1103.0
6722,1107.0
6723,1181.0
6724,1242.0
6725,1332.0
6726,1363.0
6727,1345.0
6728,1333.0
6729,1254.0
6730,1213.0
6731,1194.0
6732,1159.0
6733,1129.0
6734,1138.0
6735,1166.0
6736,1174.0
6737,1205.0
6738,1216.0
6739,1232.0
6740,1261.0
6741,1254.0
6742,1281.0
6743,1392.0
6744,1678.0
6745,2097.0
6746,2551.0
6747,2922.0
6748,3088.0
6749,2972.0
6750,2701.0
6751,2382.0
6752,2069.0
6753,1792.0
6754,1535.0
6755,1319.0
6756,1155.0
6757,1069.0
6758,1013.0
6759,1053.0
6760,1122.0
6761,1215.0
6762,1281.0
6763,1296.0
6764,1292.0
6765,1254.0
6766,1213.0
6767,1184.0
6768,1147.0
6769,1123.0
6770,1122.0
6771,1119.0
6772,1137.0
6773,1174.0
6774,1178.0
6775,1203.0
6776,1228.0
6777,1234.0
6778,1261.0
6779,1287.0
6780,1362.0
6781,1579.0
6782,1986.0
6783,2468.0
6784,2915.0
6785,3182.0
6786,3153.0
6787,2870.0
6788,2525.0
6789,2189.0
6790,1878.0
6791,1600.0
6792,1358.0
6793,1181.0
6794,1072.0
6795,1047.0
6796,1088.0
6797,1168.0
6798,1269.0
6799,1315.0
6800,1330.0
6801,1316.0
6802,1267.0
6803,1212.0
6804,1169.0
6805,1151.0
6806,1143.0
6807,1131.0
6808,1131.0
6809,1145.0
6810,1171.0
6811,1198.0
6812,1214.0
6813,1228.0
6814,1225.0
6815,1281.0
6816,1425.0
6817,1753.0
6818,2239.0
6819,2720.0
6820,3030.0
6821,3101.0
6822,2926.0
6823,2599.0
6824,2256.0
6825,1920.0
6826,1635.0
6827,1377.0
6828,1197.0
6829,1053.0
6830,986.0
6831,1014.0
6832,1085.0
6833,1180.0
6834,1292.0
6835,1322.0
6836,1303.0
6837,1283.0
6838,1213.0
6839,1175.0
6840,1138.0
6841,1115.0
6842,1095.0
6843,1104.0
6844,1129.0
6845,1138.0
6846,1188.0
6847,1189.0
6848,1193.0
6849,1218.0
6850,1217.0
6851,1296.0
6852,1535.0
6853,1969.0
6854,2480.0
6855,2931.0
6856,3177.0
6857,3128.0
6858,2846.0
6859,2506.0
6860,2159.0
6861,1853.0
6862,1563.0
6863,1319.0
6864,1141.0
6865,1021.0
6866,963.0
6867,983.0
6868,1056.0
6869,1145.0
6870,1231.0
6871,1259.0
6872,1244.0
6873,1206.0
6874,1127.0
6875,1094.0
6876,1087.0
6877,1055.0
6878,1023.0
6879,1046.0
6880,1072.0
6881,1116.0
6882,1118.0
6883,1147.0
6884,1158.0
6885,1169.0
6886,1199.0
6887,1221.0
6888,1364.0
6889,1710.0
6890,2190.0
6891,2673.0
6892,3050.0
6893,3205.0
6894,3018.0
6895,2718.0
6896,2368.0
6897,2019.0
6898,1716.0
6899,1462.0
6900,1237.0
6901,1075.0
6902,977.0
6903,964.0
6904,1009.0
6905,1090.0
6906,1213.0
6907,1270.0
6908,1274.0
6909,1233.0
6910,1207.0
6911,1159.0
6912,1123.0
6913,1088.0
6914,1063.0
6915,1067.0
6916,1072.0
6917,1116.0
6918,1133.0
6919,1169.0
6920,1186.0
6921,1200.0
6922,1211.0
6923,1232.0
6924,1337.0
6925,1616.0
6926,2082.0
6927,2559.0
6928,2991.0
6929,3187.0
6930,3030.0
6931,2743.0
6932,2385.0
6933,2032.0
6934,1727.0
6935,1456.0
6936,1243.0
6937,1066.0
6938,999.0
6939,999.0
6940,1072.0
6941,1183.0
6942,1270.0
6943,1319.0
6944,1322.0
6945,1295.0
6946,1237.0
6947,1171.0
6948,1139.0
6949,1115.0
6950,1111.0
6951,1127.0
6952,1114.0
6953,1152.0
6954,1158.0
6955,1184.0
6956,1194.0
6957,1205.0
6958,1235.0
6959,1356.0
6960,1685.0
6961,2137.0
6962,2626.0
6963,2991.0
6964,3134.0
6965,2977.0
6966,2683.0
6967,2333.0
6968,1989.0
6969,1701.0
6970,1427.0
6971,1200.0
6972,1061.0
6973,982.0
6974,960.0
6975,1037.0
6976,1127.0
6977,1218.0
6978,1267.0
6979,1275.0
6980,1264.0
6981,1209.0
6982,1136.0
6983,1104.0
6984,1068.0
6985,1054.0
6986,1054.0
6987,1062.0
6988,1099.0
6989,1142.0
6990,1158.0
6991,1186.0
6992,1195.0
6993,1189.0
6994,1221.0
6995,1349.0
6996,1648.0
6997,2122.0
6998,2633.0
6999,3059.0
7000,3269.0
7001,3153.0
7002,2832.0
7003,2474.0
7004,2113.0
7005,1807.0
7006,1535.0
7007,1293.0
7008,1103.0
7009,990.0
7010,949.0
7011,977.0
7012,1047.0
7013,1143.0
7014,1211.0
7015,1233.0
7016,1221.0
7017,1183.0
7018,1133.0
7019,1088.0
7020,1069.0
7021,1041.0
7022,1040.0
7023,1047.0
7024,1040.0
7025,1082.0
7026,1104.0
7027,1141.0
7028,1165.0
7029,1191.0
7030,1191.0
7031,1226.0
7032,1243.0
7033,1392.0
7034,1728.0
7035,2210.0
7036,2738.0
7037,3161.0
7038,3341.0
7039,3163.0
7040,2800.0
7041,2433.0
7042,2074.0
7043,1778.0
7044,1498.0
7045,1267.0
7046,1092.0
7047,1008.0
7048,974.0
7049,1011.0
7050,1101.0
7051,1193.0
7052,1281.0
7053,1280.0
7054,1263.0
7055,1202.0
7056,1151.0
7057,1104.0
7058,1072.0
7059,1053.0
7060,1049.0
7061,1057.0
7062,1076.0
7063,1122.0
7064,1136.0
7065,1147.0
7066,1150.0
7067,1182.0
7068,1207.0
7069,1303.0
7070,1609.0
7071,2054.0
7072,2545.0
7073,2945.0
7074,3135.0
7075,3015.0
7076,2733.0
7077,2385.0
7078,2033.0
7079,1725.0
7080,1454.0
7081,1216.0
7082,1059.0
7083,970.0
7084,978.0
7085,1051.0
7086,1151.0
7087,1246.0
7088,1301.0
7089,1309.0
7090,1267.0
7091,1220.0
7092,1147.0
7093,1114.0
7094,1089.0
7095,1087.0
7096,1072.0
7097,1092.0
7098,1103.0
7099,1143.0
7100,1170.0
7101,1169.0
7102,1200.0
7103,1200.0
7104,1231.0
7105,1341.0
7106,1653.0
7107,2130.0
7108,2627.0
7109,3053.0
7110,3236.0
7111,3090.0
7112,2788.0
7113,2417.0
7114,2073.0
7115,1764.0
7116,1488.0
7117,1247.0
7118,1079.0
7119,971.0
7120,962.0
7121,1006.0
7122,1079.0
7123,1168.0
7124,1245.0
7125,1263.0
7126,1239.0
7127,1193.0
7128,1126.0
7129,1088.0
7130,1057.0
7131,1039.0
7132,1035.0
7133,1049.0
7134,1061.0
7135,1114.0
7136,1129.0
7137,1151.0
7138,1168.0
7139,1183.0
7140,1222.0
7141,1328.0
7142,1650.0
7143,2109.0
7144,2623.0
7145,3010.0
7146,3206.0
7147,3087.0
7148,2800.0
7149,2428.0
7150,2109.0
7151,1831.0
7152,1557.0
7153,1315.0
7154,1134.0
7155,1005.0
7156,952.0
7157,971.0
7158,1037.0
7159,1104.0
7160,1173.0
7161,1214.0
7162,1187.0
7163,1169.0
7164,1090.0
7165,1076.0
7166,1022.0
7167,1004.0
7168,1006.0
7169,1034.0
7170,1045.0
7171,1077.0
7172,1109.0
7173,1131.0
7174,1168.0
7175,1192.0
7176,1215.0
7177,1246.0
7178,1285.0
7179,1285.0
7180,1311.0
7181,1345.0
7182,1535.0
7183,1899.0
7184,2401.0
7185,2884.0
7186,3273.0
7187,3339.0
7188,3098.0
7189,2736.0
7190,2377.0
7191,2041.0
7192,1749.0
7193,1519.0
7194,1305.0
7195,1136.0
7196,1050.0
7197,1036.0
7198,1084.0
7199,1149.0
7200,1232.0
7201,1296.0
7202,1290.0
7203,1280.0
7204,1229.0
7205,1167.0
7206,1131.0
7207,1116.0
7208,1095.0
7209,1097.0
7210,1122.0
7211,1135.0
7212,1156.0
7213,1200.0
7214,1202.0
7215,1248.0
7216,1264.0
7217,1280.0
7218,1299.0
7219,1347.0
7220,1357.0
7221,1371.0
7222,1396.0
7223,1407.0
7224,1439.0
7225,1467.0
7226,1637.0
7227,1979.0
7228,2458.0
7229,2964.0
7230,3373.0
7231,3472.0
7232,3216.0
7233,2827.0
7234,2470.0
7235,2115.0
7236,1831.0
7237,1593.0
7238,1370.0
7239,1210.0
7240,1133.0
7241,1106.0
7242,1151.0
7243,1225.0
7244,1312.0
7245,1360.0
7246,1361.0
7247,1323.0
7248,1271.0
7249,1199.0
7250,1161.0
7251,1136.0
7252,1121.0
7253,1095.0
7254,1105.0
7255,1119.0
7256,1149.0
7257,1187.0
7258,1210.0
7259,1242.0
7260,1234.0
7261,1264.0
7262,1296.0
7263,1312.0
7264,1454.0
7265,1746.0
7266,2165.0
7267,2660.0
7268,3025.0
7269,3220.0
7270,3123.0
7271,2813.0
7272,2487.0
7273,2173.0
7274,1885.0
7275,1639.0
7276,1418.0
7277,1232.0
7278,1116.0
7279,1050.0
7280,1073.0
7281,1120.0
7282,1200.0
7283,1269.0
7284,1323.0
7285,1290.0
7286,1258.0
7287,1190.0
7288,1155.0
7289,1126.0
7290,1104.0
7291,1105.0
7292,65.0
7293,612.5
7294,1160.0
7295,1191.0
7296,1202.0
7297,1233.0
7298,1245.0
7299,1273.0
7300,1284.0
7301,1306.0
7302,1363.0
7303,1533.0
7304,1888.0
7305,2363.0
7306,2815.0
7307,3163.0
7308,3248.0
7309,3021.0
7310,2695.0
7311,2368.0
7312,2032.0
7313,1775.0
7314,1522.0
7315,1328.0
7316,1169.0
7317,1078.0
7318,1063.0
7319,1118.0
7320,1185.0
7321,1290.0
7322,1331.0
7323,1346.0
7324,1311.0
7325,1260.0
7326,1221.0
7327,1172.0
7328,1143.0
7329,1147.0
7330,1140.0
7331,1127.0
7332,1165.0
7333,1186.0
7334,1209.0
7335,1141.5
7336,1074.0
7337,1097.0
7338,1120.0
7339,1153.0
7340,1197.0
7341,1207.0
7342,1259.0
7343,1277.0
7344,1275.0
7345,1319.0
7346,1341.0
7347,1424.0
7348,1701.0
7349,2161.0
7350,2717.0
7351,3282.0
7352,3536.0
7353,3488.0
7354,3091.0
7355,2659.0
7356,2272.0
7357,1946.0
7358,1676.0
7359,1443.0
7360,1255.0
7361,1099.0
7362,977.0
7363,961.0
7364,983.0
7365,1064.0
7366,1139.0
7367,1207.0
7368,1218.0
7369,1193.0
7370,1145.0
7371,1075.0
7372,1019.0
7373,998.0
7374,971.0
7375,965.0
7376,985.0
7377,976.0
7378,1010.0
7379,1038.0
7380,1072.0
7381,1085.0
7382,1119.0
7383,1142.0
7384,1167.0
7385,1186.0
7386,1219.0
7387,1246.0
7388,1312.0
7389,1502.0
7390,1899.0
7391,2421.0
7392,2934.0
7393,3295.0
7394,3312.0
7395,3015.0
7396,2641.0
7397,2273.0
7398,1937.0
7399,1630.0
7400,1392.0
7401,1189.0
7402,1046.0
7403,963.0
7404,965.0
7405,1034.0
7406,1147.0
7407,1255.0
7408,1299.0
7409,1314.0
7410,1265.0
7411,1195.0
7412,1147.0
7413,1092.0
7414,1056.0
7415,1044.0
7416,1040.0
7417,1039.0
7418,1062.0
7419,1093.0
7420,1102.0
7421,1120.0
7422,1143.0
7423,1167.0
7424,1166.0
7425,1191.0
7426,1225.0
7427,1322.0
7428,1606.0
7429,2095.0
7430,2607.0
7431,3058.0
7432,3281.0
7433,3159.0
7434,2815.0
7435,2442.0
7436,2093.0
7437,1782.0
7438,1527.0
7439,1307.0
7440,1136.0
7441,1020.0
7442,955.0
7443,965.0
7444,1013.0
7445,1125.0
7446,1215.0
7447,1266.0
7448,1248.0
7449,1233.0
7450,1166.0
7451,1105.0
7452,1049.0
7453,1040.0
7454,1022.0
7455,1009.0
7456,1023.0
7457,1069.0
7458,1094.0
7459,1109.0
7460,1131.0
7461,1152.0
7462,1171.0
7463,1195.0
7464,1215.0
7465,1264.0
7466,1278.0
7467,1312.0
7468,1332.0
7469,1359.0
7470,1519.0
7471,1903.0
7472,2441.0
7473,3001.0
7474,3541.0
7475,3669.0
7476,3409.0
7477,2963.0
7478,2544.0
7479,2169.0
7480,1839.0
7481,1599.0
7482,1347.0
7483,1171.0
7484,1045.0
7485,974.0
7486,976.0
7487,1013.0
7488,1102.0
7489,1184.0
7490,1222.0
7491,1223.0
7492,1197.0
7493,1125.0
7494,1087.0
7495,1041.0
7496,1018.0
7497,999.0
7498,994.0
7499,1007.0
7500,1034.0
7501,1062.0
7502,1096.0
7503,1117.0
7504,1136.0
7505,1169.0
7506,1197.0
7507,1210.0
7508,1238.0
7509,1264.0
7510,1297.0
7511,1326.0
7512,1355.0
7513,1380.0
7514,1488.0
7515,1790.0
7516,2273.0
7517,2822.0
7518,3322.0
7519,3540.0
7520,3451.0
7521,3035.0
7522,2609.0
7523,2245.0
7524,1905.0
7525,1620.0
7526,1403.0
7527,1200.0
7528,1072.0
7529,1008.0
7530,1032.0
7531,1103.0
7532,1201.0
7533,1293.0
7534,1328.0
7535,1327.0
7536,1278.0
7537,1205.0
7538,1156.0
7539,1113.0
7540,1073.0
7541,1059.0
7542,1072.0
7543,1076.0
7544,1071.0
7545,1089.0
7546,1106.0
7547,1111.0
7548,1142.0
7549,1168.0
7550,1173.0
7551,1193.0
7552,1226.0
7553,1263.0
7554,1414.0
7555,1779.0
7556,2285.0
7557,2772.0
7558,3136.0
7559,3246.0
7560,3018.0
7561,2683.0
7562,2319.0
7563,1982.0
7564,1696.0
7565,1455.0
7566,1250.0
7567,1092.0
7568,996.0
7569,980.0
7570,1019.0
7571,1104.0
7572,1206.0
7573,1275.0
7574,1286.0
7575,1222.0
7576,1210.0
7577,1146.0
7578,1104.0
7579,1072.0
7580,1066.0
7581,1056.0
7582,1051.0
7583,1072.0
7584,1113.0
7585,1129.0
7586,1145.0
7587,1173.0
7588,1186.0
7589,1198.0
7590,1231.0
7591,1264.0
7592,1264.0
7593,1300.0
7594,1415.0
7595,1698.0
7596,2160.0
7597,2675.0
7598,3153.0
7599,3376.0
7600,3268.0
7601,2939.0
7602,2558.0
7603,2223.0
7604,1926.0
7605,1651.0
7606,1456.0
7607,1263.0
7608,1114.0
7609,1035.0
7610,1005.0
7611,1046.0
7612,1121.0
7613,1189.0
7614,1237.0
7615,1255.0
7616,1219.0
7617,1168.0
7618,1113.0
7619,1083.0
7620,1054.0
7621,1049.0
7622,1038.0
7623,1046.0
7624,1067.0
7625,1093.0
7626,1111.0
7627,1136.0
7628,1152.0
7629,1170.0
7630,1200.0
7631,1218.0
7632,1237.0
7633,1302.0
7634,1307.0
7635,1329.0
7636,1358.0
7637,1405.0
7638,1399.0
7639,1427.0
7640,1453.0
7641,1522.0
7642,1782.0
7643,2203.0
7644,2784.0
7645,3353.0
7646,3751.0
7647,3712.0
7648,3321.0
7649,2857.0
7650,2474.0
7651,2118.0
7652,1845.0
7653,1590.0
7654,1371.0
7655,1218.0
7656,1104.0
7657,1082.0
7658,1104.0
7659,1181.0
7660,1258.0
7661,1312.0
7662,1338.0
7663,1305.0
7664,1235.0
7665,1179.0
7666,1136.0
7667,1075.0
7668,1061.0
7669,1042.0
7670,1039.0
7671,1050.0
7672,1061.0
7673,1091.0
7674,1121.0
7675,1132.0
7676,1159.0
7677,1187.0
7678,1217.0
7679,1238.0
7680,1267.0
7681,1296.0
7682,1319.0
7683,1409.0
7684,1665.0
7685,2097.0
7686,2608.0
7687,3082.0
7688,3361.0
7689,3296.0
7690,2985.0
7691,2597.0
7692,2266.0
7693,1947.0
7694,1679.0
7695,1435.0
7696,1239.0
7697,1114.0
7698,1072.0
7699,1079.0
7700,1165.0
7701,1232.0
7702,1327.0
7703,1330.0
7704,1307.0
7705,1274.0
7706,1200.0
7707,1147.0
7708,1131.0
7709,1085.0
7710,1079.0
7711,1088.0
7712,1082.0
7713,1091.0
7714,1109.0
7715,1149.0
7716,1167.0
7717,1179.0
7718,1196.0
7719,1209.0
7720,1229.0
7721,1346.0
7722,1630.0
7723,2111.0
7724,2633.0
7725,3111.0
7726,3347.0
7727,3244.0
7728,2895.0
7729,2529.0
7730,2193.0
7731,1875.0
7732,1616.0
7733,1389.0
7734,1203.0
7735,1055.0
7736,978.0
7737,982.0
7738,1044.0
7739,1108.0
7740,1184.0
7741,1221.0
7742,1222.0
7743,1174.0
7744,1111.0
7745,1075.0
7746,1019.0
7747,1017.0
7748,976.0
7749,983.0
7750,1002.0
7751,1023.0
7752,1072.0
7753,1088.0
7754,1122.0
7755,1136.0
7756,1173.0
7757,1198.0
7758,1224.0
7759,1262.0
7760,1303.0
7761,1327.0
7762,1360.0
7763,1369.0
7764,1432.0
7765,1630.0
7766,2078.0
7767,2635.0
7768,3217.0
7769,3715.0
7770,3765.0
7771,3408.0
7772,2938.0
7773,2509.0
7774,2160.0
7775,1849.0
7776,1576.0
7777,1347.0
7778,1175.0
7779,1043.0
7780,973.0
7781,980.0
7782,1023.0
7783,1104.0
7784,1177.0
7785,1201.0
7786,1200.0
7787,1149.0
7788,1086.0
7789,1039.0
7790,990.0
7791,977.0
7792,955.0
7793,970.0
7794,983.0
7795,1007.0
7796,1060.0
7797,1079.0
7798,1102.0
7799,1099.0
7800,1146.0
7801,1170.0
7802,1211.0
7803,1249.0
7804,1281.0
7805,1318.0
7806,1350.0
7807,1366.0
7808,1381.0
7809,1435.0
7810,1567.0
7811,1938.0
7812,2491.0
7813,3056.0
7814,3600.0
7815,3710.0
7816,3449.0
7817,2979.0
7818,2555.0
7819,2166.0
7820,1867.0
7821,1575.0
7822,1339.0
7823,1146.0
7824,1037.0
7825,962.0
7826,1006.0
7827,1105.0
7828,1199.0
7829,1264.0
7830,1300.0
7831,1274.0
7832,1211.0
7833,1169.0
7834,1104.0
7835,1073.0
7836,1045.0
7837,1015.0
7838,1019.0
7839,1043.0
7840,1049.0
7841,1074.0
7842,1093.0
7843,1114.0
7844,1147.0
7845,1169.0
7846,1203.0
7847,1237.0
7848,1271.0
7849,1310.0
7850,1337.0
7851,1434.0
7852,1760.0
7853,2231.0
7854,2757.0
7855,3261.0
7856,3485.0
7857,3313.0
7858,2928.0
7859,2533.0
7860,2167.0
7861,1840.0
7862,1584.0
7863,1338.0
7864,1162.0
7865,1022.0
7866,976.0
7867,980.0
7868,1063.0
7869,1158.0
7870,1229.0
7871,1329.0
7872,2473.0
7873,2404.0
7874,810.0
7875,3328.0
7876,1488.0
7877,0.0
7878,0.0
7879,179.0
7880,83.0
7881,0.0
7882,0.0
7883,652.0
7884,2387.0
7885,169.0
7886,0.0
7887,0.0
7888,0.0
7889,62.0
7890,355.0
7891,641.0
7892,1562.0
7893,1393.0
7894,1680.0
7895,2384.0
7896,3313.0
7897,4095.0
7898,4095.0
7899,4095.0
7900,4095.0
7901,3851.0
7902,3099.0
7903,2559.0
7904,2096.0
7905,1663.0
7906,1313.0
7907,1091.0
7908,959.0
7909,919.0
7910,998.0
7911,1054.0
7912,1123.0
7913,1191.0
7914,1229.0
7915,1209.0
7916,1159.0
7917,1081.0
7918,1023.0
7919,1007.0
7920,998.0
7921,1008.0
7922,1008.0
7923,1015.0
7924,1040.0
7925,1071.0
7926,1079.0
7927,1097.0
7928,1113.0
7929,1207.0
7930,1486.0
7931,1936.0
7932,2438.0
7933,2839.0
7934,3044.0
7935,2974.0
7936,2709.0
7937,2374.0
7938,2020.0
7939,1712.0
7940,1437.0
7941,1209.0
7942,1013.0
7943,902.0
7944,870.0
7945,918.0
7946,1009.0
7947,1154.0
7948,1255.0
7949,1282.0
7950,1269.0
7951,1232.0
7952,1168.0
7953,1107.0
7954,1072.0
7955,1040.0
7956,1015.0
7957,1013.0
7958,1042.0
7959,1061.0
7960,1095.0
7961,1119.0
7962,1125.0
7963,1139.0
7964,1161.0
7965,1293.0
7966,1613.0
7967,2123.0
7968,2650.0
7969,3083.0
7970,3266.0
7971,3112.0
7972,2769.0
7973,2394.0
7974,2023.0
7975,1717.0
7976,1473.0
7977,1239.0
7978,1074.0
7979,947.0
7980,907.0
7981,938.0
7982,1038.0
7983,1123.0
7984,1177.0
7985,1202.0
7986,1163.0
7987,1123.0
7988,1045.0
7989,990.0
7990,951.0
7991,942.0
7992,940.0
7993,955.0
7994,955.0
7995,1008.0
7996,1045.0
7997,1057.0
7998,1054.0
7999,1079.0
8000,1163.0
8001,1425.0
8002,1874.0
8003,2369.0
8004,2748.0
8005,2928.0
8006,2855.0
8007,2618.0
8008,2322.0
8009,1997.0
8010,1775.0
8011,1535.0
8012,1354.0
8013,1170.0
8014,1035.0
8015,940.0
8016,910.0
8017,946.0
8018,1002.0
8019,1075.0
8020,1104.0
8021,1099.0
8022,1060.0
8023,998.0
8024,958.0
8025,919.0
8026,913.0
8027,915.0
8028,912.0
8029,962.0
8030,1002.0
8031,1003.0
8032,1042.0
8033,1051.0
8034,1079.0
8035,1108.0
8036,1130.0
8037,1152.0
8038,1175.0
8039,1195.0
8040,1223.0
8041,1273.0
8042,1413.0
8043,1697.0
8044,2090.0
8045,2416.0
8046,2640.0
8047,2688.0
8048,2559.0
8049,2352.0
8050,2141.0
8051,1936.0
8052,1766.0
8053,1630.0
8054,1469.0
8055,1331.0
8056,1238.0
8057,1178.0
8058,1155.0
8059,1177.0
8060,1203.0
8061,1231.0
8062,1259.0
8063,1264.0
8064,1242.0
8065,1182.0
8066,1173.0
8067,1168.0
8068,1166.0
8069,1186.0
8070,1203.0
8071,1231.0
8072,1244.0
8073,1254.0
8074,1264.0
8075,1283.0
8076,1291.0
8077,1319.0
8078,1335.0
8079,1349.0
8080,1366.0
8081,1378.0
8082,1411.0
8083,1423.0
8084,1456.0
8085,1563.0
8086,1728.0
8087,1919.0
8088,2109.0
8089,2208.0
8090,2224.0
8091,2183.0
8092,2101.0
8093,1978.0
8094,1901.0
8095,1815.0
8096,1749.0
8097,1664.0
8098,1605.0
8099,1535.0
8100,1531.0
8101,1531.0
8102,1535.0
8103,1571.0
8104,1570.0
8105,1570.0
8106,1535.0
8107,1527.0
8108,1499.0
8109,1480.0
8110,1471.0
8111,1463.0
8112,1472.0
8113,1465.0
8114,1462.0
8115,1475.0
8116,1497.0
8117,1520.0
8118,1517.0
8119,1520.0
8120,1513.0
8121,1529.0
8122,1535.0
8123,1562.0
8124,1603.0
8125,1711.0
8126,1847.0
8127,1994.0
8128,2105.0
8129,2147.0
8130,2133.0
8131,2080.0
8132,2000.0
8133,1926.0
8134,1873.0
8135,1815.0
8136,1759.0
8137,1719.0
8138,1691.0
8139,1674.0
8140,1676.0
8141,1695.0
8142,1711.0
8143,1699.0
8144,1687.0
8145,1672.0
8146,1647.0
8147,1630.0
8148,1616.0
8149,1599.0
8150,1599.0
8151,1593.0
8152,1597.0
8153,1583.0
8154,1598.0
8155,1592.0
8156,1590.0
8157,1622.0
8158,1637.0
8159,1629.0
8160,1627.0
8161,1632.0
8162,1654.0
8163,1703.0
8164,1794.0
8165,1942.0
8166,2112.0
8167,2249.0
8168,2294.0
8169,2291.0
8170,2245.0
8171,2184.0
8172,2112.0
8173,2047.0
8174,1998.0
8175,1926.0
8176,1869.0
8177,1808.0
8178,1776.0
8179,1758.0
8180,1759.0
8181,1763.0
8182,1771.0
8183,1744.0
8184,1736.0
8185,1695.0
8186,1667.0
8187,1649.0
8188,1623.0
8189,1616.0
8190,1601.0
8191,1587.0
8192,1575.0
8193,1573.0
8194,1574.0
8195,1561.0
8196,1582.0
8197,1575.0
8198,1567.0
8199,1571.0
8200,1599.0
8201,1606.0
8202,1611.0
8203,1612.0
8204,1616.0
8205,1607.0
8206,1612.0
8207,1610.0
8208,1617.0
8209,1657.0
8210,1782.0
8211,1987.0
8212,2252.0
8213,2511.0
8214,2643.0
8215,2686.0
8216,2640.0
8217,2523.0
8218,2412.0
8219,2304.0
8220,2194.0
8221,2096.0
8222,1955.0
8223,1857.0
8224,1775.0
8225,1723.0
8226,1701.0
8227,1685.0
8228,1675.0
8229,1648.0
8230,1602.0
8231,1535.0
8232,1495.0
8233,1429.0
8234,1391.0
8235,1350.0
8236,1328.0
8237,1312.0
8238,1286.0
8239,1274.0
8240,1268.0
8241,1264.0
8242,1250.0
8243,1255.0
8244,1269.0
8245,1271.0
8246,1321.0
8247,1323.0
8248,1337.0
8249,1341.0
8250,1353.0
8251,1419.0
8252,1535.0
8253,1822.0
8254,2115.0
8255,2352.0
8256,2482.0
8257,2467.0
8258,2370.0
8259,2225.0
8260,2071.0
8261,1961.0
8262,1843.0
8263,1723.0
8264,1614.0
8265,1520.0
8266,1479.0
8267,1459.0
8268,1471.0
8269,1488.0
8270,1509.0
8271,1482.0
8272,1439.0
8273,1404.0
8274,1359.0
8275,1326.0
8276,1286.0
8277,1255.0
8278,1241.0
8279,1245.0
8280,1243.0
8281,1231.0
8282,1227.0
8283,1237.0
8284,1243.0
8285,1281.0
8286,1292.0
8287,1297.0
8288,1299.0
8289,1357.0
8290,1488.0
8291,1739.0
8292,2060.0
8293,2346.0
8294,2510.0
8295,2490.0
8296,2379.0
8297,2197.0
8298,2006.0
8299,1874.0
8300,1728.0
8301,1614.0
8302,1488.0
8303,1394.0
8304,1343.0
8305,1310.0
8306,1348.0
8307,1371.0
8308,1402.0
8309,1388.0
8310,1349.0
8311,1312.0
8312,1264.0
8313,1231.0
8314,1195.0
8315,1173.0
8316,1154.0
8317,1168.0
8318,1167.0
8319,1170.0
8320,1215.0
8321,1231.0
8322,1234.0
8323,1253.0
8324,1264.0
8325,1264.0
8326,1299.0
8327,1311.0
8328,1321.0
8329,1343.0
8330,1347.0
8331,1370.0
8332,1407.0
8333,1535.0
8334,1808.0
8335,2154.0
8336,2467.0
8337,2651.0
8338,2637.0
8339,2517.0
8340,2312.0
8341,2112.0
8342,1926.0
8343,1799.0
8344,1670.0
8345,1535.0
8346,1436.0
8347,1357.0
8348,1295.0
8349,1303.0
8350,1316.0
8351,1346.0
8352,1370.0
8353,1347.0
8354,1318.0
8355,1279.0
8356,1235.0
8357,1206.0
8358,1190.0
8359,1176.0
8360,1168.0
8361,1179.0
8362,1193.0
8363,1197.0
8364,1231.0
8365,1255.0
8366,1264.0
8367,1278.0
8368,1298.0
8369,1309.0
8370,1328.0
8371,1339.0
8372,1382.0
8373,1397.0
8374,1392.0
8375,1425.0
8376,1503.0
8377,1763.0
8378,2096.0
8379,2429.0
8380,2659.0
8381,2708.0
8382,2601.0
8383,2405.0
8384,2191.0
8385,1982.0
8386,1831.0
8387,1697.0
8388,1595.0
8389,1465.0
8390,1365.0
8391,1335.0
8392,1321.0
8393,1358.0
8394,1384.0
8395,1424.0
8396,1443.0
8397,1407.0
8398,1346.0
8399,1299.0
8400,1285.0
8401,1264.0
8402,1247.0
8403,1242.0
8404,1247.0
8405,1239.0
8406,1251.0
8407,1294.0
8408,1297.0
8409,1315.0
8410,1323.0
8411,1343.0
8412,1354.0
8413,1381.0
8414,1392.0
8415,1399.0
8416,1424.0
8417,1500.0
8418,1717.0
8419,2045.0
8420,2407.0
8421,2672.0
8422,2766.0
8423,2663.0
8424,2464.0
8425,2231.0
8426,2009.0
8427,1824.0
8428,1680.0
8429,1534.0
8430,1430.0
8431,1339.0
8432,1313.0
8433,1346.0
8434,1403.0
8435,1449.0
8436,1503.0
8437,1486.0
8438,1422.0
8439,1351.0
8440,1293.0
8441,1248.0
8442,1217.0
8443,1206.0
8444,1206.0
8445,1205.0
8446,1211.0
8447,1223.0
8448,1264.0
8449,1269.0
8450,1290.0
8451,1281.0
8452,1287.0
8453,1306.0
8454,1328.0
8455,1351.0
8456,1361.0
8457,1377.0
8458,1406.0
8459,1461.0
8460,1663.0
8461,2019.0
8462,2427.0
8463,2775.0
8464,2944.0
8465,2877.0
8466,2667.0
8467,2381.0
8468,2121.0
8469,1893.0
8470,1714.0
8471,1569.0
8472,1430.0
8473,1326.0
8474,1250.0
8475,1231.0
8476,1253.0
8477,1317.5
8478,1382.0
8479,1355.0
8480,1281.0
8481,1223.0
8482,1166.0
8483,1136.0
8484,1114.0
8485,1099.0
8486,1118.0
8487,1119.0
8488,1133.0
8489,1168.0
8490,1190.0
8491,1203.0
8492,1213.0
8493,1232.0
8494,1248.0
8495,1264.0
8496,1290.0
8497,1312.0
8498,1326.0
8499,1351.0
8500,1370.0
8501,1394.0
8502,1413.0
8503,1426.0
8504,1430.0
8505,1469.0
8506,1619.0
8507,1963.0
8508,2402.0
8509,2827.0
8510,3103.0
8511,3120.0
8512,2896.0
8513,2605.0
8514,2291.0
8515,2021.0
8516,1795.0
8517,1648.0
8518,1477.0
8519,1360.0
8520,1281.0
8521,1302.0
8522,1298.0
8523,1257.0
8524,1185.0
8525,1137.0
8526,1118.0
8527,1102.0
8528,1077.0
8529,1086.0
8530,1098.0
8531,1106.0
8532,1152.0
8533,1186.0
8534,1187.0
8535,1213.0
8536,1206.0
8537,1255.0
8538,1415.0
8539,1777.0
8540,2274.0
8541,2735.0
8542,3088.0
8543,3161.0
8544,2941.0
8545,2637.0
8546,2294.0
8547,1974.0
8548,1698.0
8549,1463.0
8550,1260.0
8551,1104.0
8552,995.0
8553,955.0
8554,987.0
8555,1072.0
8556,1150.0
8557,1220.0
8558,1237.0
8559,1232.0
8560,1174.0
8561,1111.0
8562,1072.0
8563,1045.0
8564,1036.0
8565,1015.0
8566,1040.0
8567,1054.0
8568,1099.0
8569,1109.0
8570,1135.0
8571,1173.0
8572,1181.0
8573,1200.0
8574,1226.0
8575,1242.0
8576,1275.0
8577,1387.0
8578,1680.0
8579,2128.0
8580,2658.0
8581,3115.0
8582,3323.0
8583,3188.0
8584,2874.0
8585,2530.0
8586,2166.0
8587,1863.0
8588,1611.0
8589,1374.0
8590,1184.0
8591,1057.0
8592,960.0
8593,945.0
8594,1006.0
8595,1070.0
8596,1145.0
8597,1191.0
8598,1197.0
8599,1170.0
8600,1118.0
8601,1064.0
8602,1023.0
8603,998.0
8604,993.0
8605,988.0
8606,1008.0
8607,1057.0
8608,1089.0
8609,1107.0
8610,1135.0
8611,1152.0
8612,1180.0
8613,1188.0
8614,1218.0
8615,1232.0
8616,1297.0
8617,1490.0
8618,1872.0
8619,2371.0
8620,2849.0
8621,3184.0
8622,3221.0
8623,2982.0
8624,2661.0
8625,2295.0
8626,1969.0
8627,1697.0
8628,1447.0
8629,1245.0
8630,1075.0
8631,990.0
8632,959.0
8633,1008.0
8634,1090.0
8635,1195.0
8636,1245.0
8637,1263.0
8638,1234.0
8639,1179.0
8640,1131.0
8641,1088.0
8642,1061.0
8643,1057.0
8644,1054.0
8645,1055.0
8646,1072.0
8647,1105.0
8648,1126.0
8649,1134.0
8650,1174.0
8651,1181.0
8652,1206.0
8653,1232.0
8654,1244.0
8655,1282.0
8656,1419.0
8657,1770.0
8658,2238.0
8659,2725.0
8660,3127.0
8661,3265.0
8662,3084.0
8663,2749.0
8664,2377.0
8665,2034.0
8666,1742.0
8667,1467.0
8668,1258.0
8669,1075.0
8670,979.0
8671,960.0
8672,1007.0
8673,1109.0
8674,1211.0
8675,1281.0
8676,1309.0
8677,1270.0
8678,1216.0
8679,1150.0
8680,1097.0
8681,1084.0
8682,1067.0
8683,1065.0
8684,1063.0
8685,1086.0
8686,1120.0
8687,1145.0
8688,1154.0
8689,1163.0
8690,1184.0
8691,1210.0
8692,1312.0
8693,1617.0
8694,2069.0
8695,2559.0
8696,2976.0
8697,3183.0
8698,3086.0
8699,2787.0
8700,2447.0
8701,2114.0
8702,1791.0
8703,1535.0
8704,1321.0
8705,1126.0
8706,986.0
8707,929.0
8708,931.0
8709,983.0
8710,1086.0
8711,1178.0
8712,1217.0
8713,1217.0
8714,1194.0
8715,1137.0
8716,1088.0
8717,1040.0
8718,1008.0
8719,1007.0
8720,1010.0
8721,1009.0
8722,1036.0
8723,1097.0
8724,1119.0
8725,1136.0
8726,1162.0
8727,1174.0
8728,1198.0
8729,1195.0
8730,1248.0
8731,1456.0
8732,1876.0
8733,2403.0
8734,2928.0
8735,3293.0
8736,3344.0
8737,3065.0
8738,2711.0
8739,2338.0
8740,1996.0
8741,1713.0
8742,1461.0
8743,1234.0
8744,1061.0
8745,947.0
8746,912.0
8747,938.0
8748,1021.0
8749,1109.0
8750,1193.0
8751,1215.0
8752,1200.0
8753,1158.0
8754,1088.0
8755,1046.0
8756,1021.0
8757,995.0
8758,999.0
8759,1003.0
8760,1017.0
8761,1072.0
8762,1097.0
8763,1104.0
8764,1121.0
8765,1137.0
8766,1153.0
8767,1223.0
8768,1409.0
8769,1808.0
8770,2316.0
8771,2773.0
8772,3106.0
8773,3127.0
8774,2903.0
8775,2558.0
8776,2198.0
8777,1851.0
8778,1559.0
8779,1314.0
8780,1089.0
8781,953.0
8782,897.0
8783,931.0
8784,1018.0
8785,1128.0
8786,1232.0
8787,1294.0
8788,1290.0
8789,1255.0
8790,1186.0
8791,1120.0
8792,1084.0
8793,1063.0
8794,1035.0
8795,1051.0
8796,1041.0
8797,1073.0
8798,1117.0
8799,1136.0
8800,1166.0
8801,1171.0
8802,1188.0
8803,1232.0
8804,1457.0
8805,1875.0
8806,2398.0
8807,2863.0
8808,3184.0
8809,3181.0
8810,2923.0
8811,2557.0
8812,2205.0
8813,1870.0
8814,1571.0
8815,1325.0
8816,1114.0
8817,962.0
8818,881.0
8819,893.0
8820,961.0
8821,1065.0
8822,1172.0
8823,1204.0
8824,1222.0
8825,1193.0
8826,1130.0
8827,1091.0
8828,1051.0
8829,1009.0
8830,992.0
8831,1008.0
8832,1023.0
8833,1055.0
8834,1095.0
8835,1117.0
8836,1140.0
8837,1152.0
8838,1168.0
8839,1198.0
8840,1247.0
8841,1458.0
8842,1899.0
8843,2422.0
8844,2923.0
8845,3279.0
8846,3307.0
8847,3043.0
8848,2679.0
8849,2309.0
8850,1961.0
8851,1669.0
8852,1413.0
8853,1195.0
8854,1015.0
8855,915.0
8856,901.0
8857,948.0
8858,1023.0
8859,1121.0
8860,1185.0
8861,1198.0
8862,1173.0
8863,1102.0
8864,1051.0
8865,1017.0
8866,989.0
8867,983.0
8868,982.0
8869,992.0
8870,1040.0
8871,1085.0
8872,1107.0
8873,1127.0
8874,1141.0
8875,1169.0
8876,1187.0
8877,1230.0
8878,1372.0
8879,1725.0
8880,2230.0
8881,2752.0
8882,3155.0
8883,3299.0
8884,3100.0
8885,2754.0
8886,2396.0
8887,2047.0
8888,1731.0
8889,1472.0
8890,1239.0
8891,1056.0
8892,941.0
8893,893.0
8894,967.0
8895,1054.0
8896,1166.0
8897,1243.0
8898,1262.0
8899,1233.0
8900,1198.0
8901,1146.0
8902,1089.0
8903,1057.0
8904,1040.0
8905,1040.0
8906,1056.0
8907,1072.0
8908,1104.0
8909,1130.0
8910,1151.0
8911,1165.0
8912,1179.0
8913,1202.0
8914,1257.0
8915,1424.0
8916,1802.0
8917,2322.0
8918,2822.0
8919,3205.0
8920,3266.0
8921,3019.0
8922,2673.0
8923,2313.0
8924,1959.0
8925,1649.0
8926,1385.0
8927,1158.0
8928,1004.0
8929,935.0
8930,930.0
8931,1023.0
8932,1119.0
8933,1245.0
8934,1294.0
8935,1282.0
8936,1247.0
8937,1175.0
8938,1115.0
8939,1077.0
8940,1051.0
8941,1039.0
8942,1038.0
8943,1045.0
8944,1072.0
8945,1111.0
8946,1142.0
8947,1149.0
8948,1168.0
8949,1183.0
8950,1200.0
8951,1295.0
8952,1556.0
8953,2023.0
8954,2551.0
8955,3061.0
8956,3355.0
8957,3303.0
8958,2984.0
8959,2605.0
8960,2229.0
8961,1887.0
8962,1603.0
8963,1351.0
8964,1140.0
8965,997.0
8966,929.0
8967,912.0
8968,997.0
8969,1088.0
8970,1193.0
8971,1230.0
8972,1232.0
8973,1201.0
8974,1129.0
8975,1072.0
8976,1033.0
8977,1008.0
8978,980.0
8979,977.0
8980,999.0
8981,1023.0
8982,1071.0
8983,1104.0
8984,1117.0
8985,1154.0
8986,1177.0
8987,1194.0
8988,1210.0
8989,1256.0
8990,1370.0
8991,1694.0
8992,2218.0
8993,2772.0
8994,3287.0
8995,3555.0
8996,3390.0
8997,3019.0
8998,2611.0
8999,2243.0
9000,1889.0
9001,1597.0
9002,1346.0
9003,1121.0
9004,975.0
9005,899.0
9006,897.0
9007,959.0
9008,1051.0
9009,1151.0
9010,1203.0
9011,1205.0
9012,1169.0
9013,1123.0
9014,1063.0
9015,1018.0
9016,991.0
9017,974.0
9018,980.0
9019,995.0
9020,1012.0
9021,1060.0
9022,1087.0
9023,1102.0
9024,1132.0
9025,1151.0
9026,1178.0
9027,1217.0
9028,1232.0
9029,1269.0
9030,1378.0
9031,1707.0
9032,2224.0
9033,2774.0
9034,3308.0
9035,3557.0
9036,3398.0
9037,2998.0
9038,2594.0
9039,2197.0
9040,1850.0
9041,1535.0
9042,1294.0
9043,1078.0
9044,944.0
9045,890.0
9046,927.0
9047,1009.0
9048,1137.0
9049,1238.0
9050,1283.0
9051,1265.0
9052,1232.0
9053,1151.0
9054,1119.0
9055,1055.0
9056,1033.0
9057,1021.0
9058,1033.0
9059,1040.0
9060,1079.0
9061,1114.0
9062,1135.0
9063,1163.0
9064,1172.0
9065,1200.0
9066,1203.0
9067,1237.0
9068,1311.0
9069,1593.0
9070,2069.0
9071,2611.0
9072,3122.0
9073,3433.0
9074,3396.0
9075,3011.0
9076,2632.0
9077,2229.0
9078,1875.0
9079,1573.0
9080,1303.0
9081,1102.0
9082,947.0
9083,879.0
9084,894.0
9085,985.0
9086,1107.0
9087,1216.0
9088,1258.0
9089,1250.0
9090,1227.0
9091,1152.0
9092,1093.0
9093,1053.0
9094,1039.0
9095,1037.0
9096,1017.0
9097,1041.0
9098,1072.0
9099,1102.0
9100,1122.0
9101,1137.0
9102,1173.0
9103,1184.0
9104,1203.0
9105,1231.0
9106,1305.0
9107,1535.0
9108,2015.0
9109,2587.0
9110,3138.0
9111,3501.0
9112,3504.0
9113,3203.0
9114,2770.0
9115,2385.0
9116,2011.0
9117,1691.0
9118,1424.0
9119,1178.0
9120,1018.0
9121,910.0
9122,887.0
9123,924.0
9124,1008.0
9125,1105.0
9126,1167.0
9127,1200.0
9128,1178.0
9129,1132.0
9130,1063.0
9131,1036.0
9132,989.0
9133,973.0
9134,965.0
9135,960.0
9136,999.0
9137,1040.0
9138,1067.0
9139,1095.0
9140,1114.0
9141,1136.0
9142,1143.0
9143,1167.0
9144,1259.0
9145,1535.0
9146,2027.0
9147,2594.0
9148,3105.0
9149,3440.0
9150,3381.0
9151,3053.0
9152,2660.0
9153,2282.0
9154,1923.0
9155,1626.0
9156,1357.0
9157,1136.0
9158,965.0
9159,880.0
9160,869.0
9161,927.0
9162,1021.0
9163,1140.0
9164,1212.0
9165,1219.0
9166,1217.0
9167,1180.0
9168,1104.0
9169,1058.0
9170,1031.0
9171,1009.0
9172,1009.0
9173,1009.0
9174,1035.0
9175,1088.0
9176,1091.0
9177,1118.0
9178,1134.0
9179,1153.0
9180,1179.0
9181,1216.0
9182,1391.0
9183,1779.0
9184,2305.0
9185,2815.0
9186,3209.0
9187,3299.0
9188,3071.0
9189,2726.0
9190,2343.0
9191,1983.0
9192,1660.0
9193,1371.0
9194,1139.0
9195,973.0
9196,889.0
9197,896.0
9198,976.0
9199,1104.0
9200,1228.0
9201,1282.0
9202,1290.0
9203,1268.0
9204,1219.0
9205,1141.0
9206,1103.0
9207,1079.0
9208,1067.0
9209,1052.0
9210,1062.0
9211,1085.0
9212,1115.0
9213,1152.0
9214,1154.0
9215,1171.0
9216,1190.0
9217,1254.0
9218,1490.0
9219,1940.0
9220,2480.0
9221,2967.0
9222,3231.0
9223,3217.0
9224,2925.0
9225,2559.0
9226,2198.0
9227,1840.0
9228,1563.0
9229,1297.0
9230,1095.0
9231,928.0
9232,859.0
9233,885.0
9234,938.0
9235,1045.0
9236,1152.0
9237,1207.0
9238,1226.0
9239,1203.0
9240,1168.0
9241,1104.0
9242,1075.0
9243,1038.0
9244,1023.0
9245,1034.0
9246,1057.0
9247,1079.0
9248,1113.0
9249,1125.0
9250,1142.0
9251,1173.0
9252,1184.0
9253,1211.0
9254,1334.0
9255,1655.0
9256,2156.0
9257,2704.0
9258,3178.0
9259,3399.0
9260,3248.0
9261,2913.0
9262,2543.0
9263,2179.0
9264,1846.0
9265,1535.0
9266,1303.0
9267,1087.0
9268,949.0
9269,878.0
9270,865.0
9271,938.0
9272,1018.0
9273,1125.0
9274,1187.0
9275,1186.0
9276,1170.0
9277,1135.0
9278,1057.0
9279,1023.0
9280,1008.0
9281,1002.0
9282,999.0
9283,1012.0
9284,1047.0
9285,1089.0
9286,1117.0
9287,1121.0
9288,1129.0
9289,1165.0
9290,1290.0
9291,1648.0
9292,2128.0
9293,2642.0
9294,3018.0
9295,3152.0
9296,3024.0
9297,2750.0
9298,2403.0
9299,2077.0
9300,1761.0
9301,1494.0
9302,1255.0
9303,1049.0
9304,941.0
9305,887.0
9306,913.0
9307,1008.0
9308,1111.0
9309,1179.0
9310,1225.0
9311,1213.0
9312,1166.0
9313,1099.0
9314,1062.0
9315,1035.0
9316,1008.0
9317,994.0
9318,1008.0
9319,1018.0
9320,1057.0
9321,1087.0
9322,1088.0
9323,1108.0
9324,1202.0
9325,1497.0
9326,1963.0
9327,2473.0
9328,2863.0
9329,3058.0
9330,2956.0
9331,2693.0
9332,2369.0
9333,2018.0
9334,1713.0
9335,1430.0
9336,1214.0
9337,1003.0
9338,886.0
9339,863.0
9340,896.0
9341,991.0
9342,1104.0
9343,1197.0
9344,1232.0
9345,1226.0
9346,1211.0
9347,1161.0
9348,1111.0
9349,1076.0
9350,1056.0
9351,1062.0
9352,1059.0
9353,1108.0
9354,1133.0
9355,1137.0
9356,1155.0
9357,1236.0
9358,1439.0
9359,1867.0
9360,2367.0
9361,2785.0
9362,3049.0
9363,3010.0
9364,2774.0
9365,2448.0
9366,2090.0
9367,1758.0
9368,1457.0
9369,1211.0
9370,1002.0
9371,881.0
9372,839.0
9373,886.0
9374,979.0
9375,1119.0
9376,1201.0
9377,1221.0
9378,1227.0
9379,1206.0
9380,1168.0
9381,1103.0
9382,1078.0
9383,1057.0
9384,1044.0
9385,1063.0
9386,1075.0
9387,1106.0
9388,1118.0
9389,1136.0
9390,1163.0
9391,1306.0
9392,1650.0
9393,2166.0
9394,2672.0
9395,3040.0
9396,3170.0
9397,3011.0
9398,2702.0
9399,2337.0
9400,1996.0
9401,1680.0
9402,1409.0
9403,1161.0
9404,970.0
9405,870.0
9406,832.0
9407,859.0
9408,944.0
9409,1062.0
9410,1143.0
9411,1167.0
9412,1168.0
9413,1151.0
9414,1114.0
9415,1057.0
9416,1023.0
9417,999.0
9418,989.0
9419,1002.0
9420,989.0
9421,1055.0
9422,1097.0
9423,1115.0
9424,1132.0
9425,1150.0
9426,1168.0
9427,1200.0
9428,1358.0
9429,1727.0
9430,2245.0
9431,2733.0
9432,3107.0
9433,3235.0
9434,3040.0
9435,2729.0
9436,2359.0
9437,2016.0
9438,1699.0
9439,1418.0
9440,1181.0
9441,986.0
9442,871.0
9443,817.0
9444,838.0
9445,907.0
9446,998.0
9447,1109.0
9448,1157.0
9449,1181.0
9450,1171.0
9451,1134.0
9452,1101.0
9453,1051.0
9454,1050.0
9455,1043.0
9456,1034.0
9457,1051.0
9458,1089.0
9459,1120.0
9460,1136.0
9461,1168.0
9462,1189.0
9463,1200.0
9464,1232.0
9465,1281.0
9466,1488.0
9467,1872.0
9468,2334.0
9469,2743.0
9470,2973.0
9471,2969.0
9472,2771.0
9473,2501.0
9474,2191.0
9475,1887.0
9476,1623.0
9477,1381.0
9478,1185.0
9479,1055.0
9480,982.0
9481,995.0
9482,1072.0
9483,1164.0
9484,1275.0
9485,1333.0
9486,1333.0
9487,1332.0
9488,1298.0
9489,1259.0
9490,1213.0
9491,1199.0
9492,1185.0
9493,1185.0
9494,1205.0
9495,1230.0
9496,1264.0
9497,1266.0
9498,1275.0
9499,1278.0
9500,1302.0
9501,1419.0
9502,1702.0
9503,2128.0
9504,2559.0
9505,2887.0
9506,3033.0
9507,2909.0
9508,2677.0
9509,2383.0
9510,2078.0
9511,1793.0
9512,1535.0
9513,1315.0
9514,1146.0
9515,1052.0
9516,1023.0
9517,1074.0
9518,1141.0
9519,1252.0
9520,1321.0
9521,1333.0
9522,1327.0
9523,1314.0
9524,1269.0
9525,1213.0
9526,1194.0
9527,1180.0
9528,1167.0
9529,1168.0
9530,1182.0
9531,1226.0
9532,1253.0
9533,1250.0
9534,1262.0
9535,1277.0
9536,1327.0
9537,1515.0
9538,1890.0
9539,2333.0
9540,2813.0
9541,3147.0
9542,3221.0
9543,3038.0
9544,2737.0
9545,2410.0
9546,2103.0
9547,1799.0
9548,1535.0
9549,1305.0
9550,1133.0
9551,1021.0
9552,979.0
9553,1009.0
9554,1083.0
9555,1155.0
9556,1233.0
9557,1259.0
9558,1255.0
9559,1232.0
9560,1185.0
9561,1129.0
9562,1104.0
9563,1093.0
9564,1082.0
9565,1091.0
9566,1094.0
9567,1125.0
9568,1164.0
9569,1179.0
9570,1190.0
9571,1200.0
9572,1230.0
9573,1248.0
9574,1327.0
9575,1587.0
9576,2031.0
9577,2519.0
9578,2946.0
9579,3217.0
9580,3201.0
9581,2946.0
9582,2611.0
9583,2268.0
9584,1958.0
9585,1671.0
9586,1413.0
9587,1205.0
9588,1062.0
9589,978.0
9590,972.0
9591,1023.0
9592,1103.0
9593,1216.0
9594,1267.0
9595,1269.0
9596,1266.0
9597,1237.0
9598,1175.0
9599,1136.0
9600,1105.0
9601,1081.0
9602,1072.0
9603,1084.0
9604,1092.0
9605,1136.0
9606,1168.0
9607,1183.0
9608,1162.0
9609,1201.0
9610,1232.0
9611,1353.0
9612,1631.0
9613,2065.0
9614,2512.0
9615,2869.0
9616,3022.0
9617,2935.0
9618,2689.0
9619,2374.0
9620,2061.0
9621,1776.0
9622,1486.0
9623,1258.0
9624,1089.0
9625,999.0
9626,983.0
9627,1043.0
9628,1154.0
9629,1255.0
9630,1337.0
9631,1349.0
9632,1344.0
9633,1317.0
9634,1253.0
9635,1200.0
9636,1175.0
9637,1139.0
9638,1155.0
9639,1135.0
9640,1146.0
9641,1163.0
9642,1200.0
9643,1213.0
9644,1232.0
9645,1232.0
9646,1281.0
9647,1477.0
9648,1876.0
9649,2327.0
9650,2750.0
9651,1.0
9652,1448.5
9653,2896.0
9654,2608.0
9655,2273.0
9656,1952.0
9657,1654.0
9658,1395.0
9659,1182.0
9660,1022.0
9661,960.0
9662,957.0
9663,1022.0
9664,1115.0
9665,1216.0
9666,1287.0
9667,1297.0
9668,1277.0
9669,1245.0
9670,1194.0
9671,1148.0
9672,1110.0
9673,1107.0
9674,1105.0
9675,1105.0
9676,1121.0
9677,1152.0
9678,1169.0
9679,1191.0
9680,1205.0
9681,1219.0
9682,1264.0
9683,1408.0
9684,1749.0
9685,2239.0
9686,2719.0
9687,3116.0
9688,3250.0
9689,3088.0
9690,2800.0
9691,2448.0
9692,2122.0
9693,1823.0
9694,1535.0
9695,1.0
9696,1073.0
9697,1108.0
9698,1126.0
9699,1135.0
9700,1162.0
9701,1184.0
9702,1283.0
9703,1591.0
9704,2080.0
9705,2640.0
9706,3117.0
9707,3357.0
9708,3245.0
9709,2896.0
9710,2533.0
9711,2165.0
9712,1826.0
9713,1535.0
9714,1293.0
9715,1070.0
9716,899.0
9717,810.0
9718,783.0
9719,837.0
9720,901.0
9721,981.0
9722,1072.0
9723,1091.0
9724,1087.0
9725,1069.0
9726,1003.0
9727,970.0
9728,944.0
9729,927.0
9730,943.0
9731,955.0
9732,1002.0
9733,1023.0
9734,1059.0
9735,1079.0
9736,1102.0
9737,1136.0
9738,1146.0
9739,1170.0
9740,1211.0
9741,1393.0
9742,1793.0
9743,2315.0
9744,2829.0
9745,3234.0
9746,3274.0
9747,3011.0
9748,2656.0
9749,2273.0
9750,1911.0
9751,1617.0
9752,1345.0
9753,1138.0
9754,963.0
9755,854.0
9756,819.0
9757,871.0
9758,954.0
9759,1076.0
9760,1158.0
9761,1180.0
9762,1171.0
9763,1149.0
9764,1089.0
9765,1038.0
9766,1001.0
9767,996.0
9768,979.0
9769,990.0
9770,1008.0
9771,1072.0
9772,1088.0
9773,1104.0
9774,1118.0
9775,1135.0
9776,1212.0
9777,1421.0
9778,1842.0
9779,2363.0
9780,2800.0
9781,3039.0
9782,2989.0
9783,2736.0
9784,2382.0
9785,2022.0
9786,1702.0
9787,1431.0
9788,1214.0
9789,1008.0
9790,880.0
9791,816.0
9792,817.0
9793,902.0
9794,1012.0
9795,1131.0
9796,1168.0
9797,1173.0
9798,1157.0
9799,1105.0
9800,1057.0
9801,1016.0
9802,991.0
9803,998.0
9804,1004.0
9805,1018.0
9806,1059.0
9807,1098.0
9808,1101.0
9809,1123.0
9810,1144.0
9811,1159.0
9812,1190.0
9813,1281.0
9814,1589.0
9815,2077.0
9816,2614.0
9817,3024.0
9818,3218.0
9819,3070.0
9820,2757.0
9821,2384.0
9822,2034.0
9823,1727.0
9824,1457.0
9825,1219.0
9826,1021.0
9827,883.0
9828,813.0
9829,816.0
9830,867.0
9831,971.0
9832,1070.0
9833,1118.0
9834,1125.0
9835,1104.0
9836,1071.0
9837,1019.0
9838,977.0
9839,959.0
9840,948.0
9841,953.0
9842,977.0
9843,1019.0
9844,1043.0
9845,1059.0
9846,1083.0
9847,1113.0
9848,1137.0
9849,1168.0
9850,1200.0
9851,1229.0
9852,1249.0
9853,1265.0
9854,1296.0
9855,1360.0
9856,1630.0
9857,2105.0
9858,2674.0
9859,3234.0
9860,3583.0
9861,3499.0
9862,3116.0
9863,2688.0
9864,2291.0
9865,1935.0
9866,1622.0
9867,1370.0
9868,1152.0
9869,981.0
9870,885.0
9871,862.0
9872,879.0
9873,967.0
9874,1067.0
9875,1145.0
9876,1168.0
9877,1159.0
9878,1097.0
9879,1051.0
9880,999.0
9881,976.0
9882,967.0
9883,948.0
9884,959.0
9885,983.0
9886,1015.0
9887,1061.0
9888,1073.0
9889,1107.0
9890,1106.0
9891,1145.0
9892,1173.0
9893,1200.0
9894,1220.0
9895,1259.0
9896,1287.0
9897,1315.0
9898,1326.0
9899,1348.0
9900,1373.0
9901,1395.0
9902,1578.0
9903,1951.0
9904,2502.0
9905,3106.0
9906,3639.0
9907,3730.0
9908,3405.0
9909,2937.0
9910,2499.0
9911,2103.0
9912,1747.0
9913,1455.0
9914,1200.0
9915,1008.0
9916,894.0
9917,879.0
9918,938.0
9919,1040.0
9920,1163.0
9921,1253.0
9922,1265.0
9923,1243.0
9924,1215.0
9925,1136.0
9926,1072.0
9927,1040.0
9928,1002.0
9929,992.0
9930,992.0
9931,999.0
9932,1019.0
9933,1056.0
9934,1105.0
9935,1114.0
9936,1126.0
9937,1146.0
9938,1165.0
9939,1201.0
9940,1246.0
9941,1414.0
9942,1819.0
9943,2351.0
9944,2850.0
9945,3274.0
9946,3395.0
9947,3137.0
9948,2755.0
9949,2371.0
9950,1995.0
9951,1673.0
9952,1401.0
9953,1149.0
9954,959.0
9955,850.0
9956,816.0
9957,861.0
9958,943.0
9959,1038.0
9960,1150.0
9961,1190.0
9962,1183.0
9963,1142.0
9964,1083.0
9965,1040.0
9966,997.0
9967,983.0
9968,958.0
9969,974.0
9970,972.0
9971,1023.0
9972,1050.0
9973,1073.0
9974,1088.0
9975,1126.0
9976,1151.0
9977,1170.0
9978,1225.0
9979,1225.0
9980,1243.0
9981,1294.0
9982,1433.0
9983,1760.0
9984,2320.0
9985,2895.0
9986,3466.0
9987,3675.0
9988,3470.0
9989,3043.0
9990,2609.0
9991,2191.0
9992,1860.0
9993,1534.0
9994,1299.0
9995,1058.0
9996,905.0
9997,823.0
9998,822.0
9999,864.0
10000,967.0
10001,1083.0
10002,1138.0
10003,1164.0
10004,1161.0
10005,1114.0
10006,1056.0
10007,998.0
10008,967.0
10009,959.0
10010,955.0
10011,959.0
10012,973.0
10013,1012.0
10014,1045.0
10015,1062.0
10016,1093.0
10017,1123.0
10018,1138.0
10019,1155.0
10020,1174.0
10021,1258.0
10022,1483.0
10023,1934.0
10024,2451.0
10025,2950.0
10026,3277.0
10027,3248.0
10028,2960.0
10029,2622.0
10030,2225.0
10031,1870.0
10032,1568.0
10033,1296.0
10034,1071.0
10035,925.0
10036,843.0
10037,851.0
10038,912.0
10039,1039.0
10040,1162.0
10041,1226.0
10042,1243.0
10043,1245.0
10044,1200.0
10045,1152.0
10046,1093.0
10047,1066.0
10048,1045.0
10049,1045.0
10050,1043.0
10051,1067.0
10052,1104.0
10053,1120.0
10054,1129.0
10055,1122.0
10056,1143.0
10057,1180.0
10058,1263.0
10059,1535.0
10060,2001.0
10061,2526.0
10062,2992.0
10063,3225.0
10064,3120.0
10065,2829.0
10066,2462.0
10067,2110.0
10068,1776.0
10069,1484.0
10070,1243.0
10071,1037.0
10072,891.0
10073,834.0
10074,839.0
10075,932.0
10076,1018.0
10077,1137.0
10078,1202.0
10079,1214.0
10080,1193.0
10081,1159.0
10082,1097.0
10083,1061.0
10084,1039.0
10085,1023.0
10086,1034.0
10087,1036.0
10088,1041.0
10089,1088.0
10090,1123.0
10091,1133.0
10092,1160.0
10093,1181.0
10094,1191.0
10095,1234.0
10096,1405.0
10097,1790.0
10098,2322.0
10099,2847.0
10100,3263.0
10101,3376.0
10102,3151.0
10103,2794.0
10104,2429.0
10105,2070.0
10106,1735.0
10107,1461.0
10108,1216.0
10109,1023.0
10110,906.0
10111,839.0
10112,853.0
10113,925.0
10114,999.0
10115,1105.0
10116,1131.0
10117,1146.0
10118,1126.0
10119,1092.0
10120,1036.0
10121,1002.0
10122,987.0
10123,978.0
10124,973.0
10125,1003.0
10126,1034.0
10127,1072.0
10128,1092.0
10129,1111.0
10130,1131.0
10131,1153.0
10132,1171.0
10133,1195.0
10134,1264.0
10135,1486.0
10136,1927.0
10137,2462.0
10138,2965.0
10139,3309.0
10140,3313.0
10141,3023.0
10142,2661.0
10143,2286.0
10144,1934.0
10145,1628.0
10146,1360.0
10147,1133.0
10148,963.0
10149,866.0
10150,838.0
10151,893.0
10152,979.0
10153,1109.0
10154,1178.0
10155,1207.0
10156,1195.0
10157,1168.0
10158,1121.0
10159,1072.0
10160,1043.0
10161,1021.0
10162,1023.0
10163,1023.0
10164,1059.0
10165,1103.0
10166,1118.0
10167,1136.0
10168,1148.0
10169,1182.0
10170,1200.0
10171,1226.0
10172,1347.0
10173,1681.0
10174,2154.0
10175,2650.0
10176,3037.0
10177,3213.0
10178,3047.0
10179,2719.0
10180,2373.0
10181,2006.0
10182,1693.0
10183,1419.0
10184,1179.0
10185,991.0
10186,875.0
10187,844.0
10188,897.0
10189,973.0
10190,1077.0
10191,1183.0
10192,1231.0
10193,1217.0
10194,1200.0
10195,1139.0
10196,1088.0
10197,1054.0
10198,1040.0
10199,1040.0
10200,1023.0
10201,1051.0
10202,1092.0
10203,1119.0
10204,1130.0
10205,1154.0
10206,1152.0
10207,1173.0
10208,1234.0
10209,1422.0
10210,1842.0
10211,2352.0
10212,2849.0
10213,3213.0
10214,3279.0
10215,3025.0
10216,2675.0
10217,2322.0
10218,1968.0
10219,1649.0
10220,1387.0
10221,1167.0
10222,979.0
10223,865.0
10224,832.0
10225,847.0
10226,912.0
10227,1008.0
10228,1110.0
10229,1147.0
10230,1167.0
10231,1136.0
10232,1115.0
10233,1044.0
10234,1008.0
10235,985.0
10236,973.0
10237,976.0
10238,979.0
10239,996.0
10240,1042.0
10241,1079.0
10242,1102.0
10243,1130.0
10244,1151.0
10245,1170.0
10246,1202.0
10247,1307.0
10248,1570.0
10249,2028.0
10250,2559.0
10251,3061.0
10252,3394.0
10253,3354.0
10254,3022.0
10255,2653.0
10256,2268.0
10257,1934.0
10258,1623.0
10259,1356.0
10260,1130.0
10261,965.0
10262,857.0
10263,847.0
10264,909.0
10265,976.0
10266,1089.0
10267,1168.0
10268,1193.0
10269,1185.0
10270,1153.0
10271,1104.0
10272,1055.0
10273,1013.0
10274,1007.0
10275,1007.0
10276,1002.0
10277,1023.0
10278,1072.0
10279,1078.0
10280,1097.0
10281,1124.0
10282,1136.0
10283,1154.0
10284,1183.0
10285,1271.0
10286,1535.0
10287,2004.0
10288,2503.0
10289,2933.0
10290,3175.0
10291,3100.0
10292,2817.0
10293,2461.0
10294,2112.0
10295,1767.0
10296,1483.0
10297,1239.0
10298,1015.0
10299,900.0
10300,848.0
10301,883.0
10302,947.0
10303,1072.0
10304,1173.0
10305,1233.0
10306,1218.0
10307,1210.0
10308,1148.0
10309,1109.0
10310,1073.0
10311,1045.0
10312,1039.0
10313,1051.0
10314,1055.0
10315,1104.0
10316,1110.0
10317,1142.0
10318,1151.0
10319,1178.0
10320,1203.0
10321,1199.0
10322,1296.0
10323,1535.0
10324,2000.0
10325,2503.0
10326,2935.0
10327,3200.0
10328,3142.0
10329,2878.0
10330,2525.0
10331,2175.0
10332,1842.0
10333,1565.0
10334,1317.0
10335,1110.0
10336,949.0
10337,880.0
10338,866.0
10339,913.0
10340,997.0
10341,1117.0
10342,1188.0
10343,1199.0
10344,1187.0
10345,1170.0
10346,1110.0
10347,1067.0
10348,1046.0
10349,1022.0
10350,1035.0
10351,1041.0
10352,1058.0
10353,1095.0
10354,1122.0
10355,1143.0
10356,1161.0
10357,1180.0
10358,1207.0
10359,1217.0
10360,1245.0
10361,1323.0
10362,1569.0
10363,2002.0
10364,2521.0
10365,3014.0
10366,3314.0
10367,3313.0
10368,3063.0
10369,2681.0
10370,2320.0
10371,1999.0
10372,1683.0
10373,1419.0
10374,1199.0
10375,1009.0
10376,909.0
10377,867.0
10378,908.0
10379,991.0
10380,1077.0
10381,1181.0
10382,1211.0
10383,1213.0
10384,1195.0
10385,1136.0
10386,1090.0
10387,1054.0
10388,1039.0
10389,1019.0
10390,1035.0
10391,1052.0
10392,1099.0
10393,1121.0
10394,1136.0
10395,1145.0
10396,1163.0
10397,1177.0
10398,1215.0
10399,1285.0
10400,1519.0
10401,1949.0
10402,2461.0
10403,2895.0
10404,3188.0
10405,3155.0
10406,2891.0
10407,2558.0
10408,2203.0
10409,1872.0
10410,1581.0
10411,1299.0
10412,1101.0
10413,970.0
10414,895.0
10415,912.0
10416,997.0
10417,1104.0
10418,1228.0
10419,1271.0
10420,1275.0
10421,1263.0
10422,1216.0
10423,1139.0
10424,1121.0
10425,1082.0
10426,1072.0
10427,1069.0
10428,1071.0
10429,1090.0
10430,1131.0
10431,1163.0
10432,1169.0
10433,1198.0
10434,1200.0
10435,1257.0
10436,1432.0
10437,1849.0
10438,2361.0
10439,2833.0
10440,3187.0
10441,3249.0
10442,3005.0
10443,2677.0
10444,2313.0
10445,1965.0
10446,1651.0
10447,1374.0
10448,1147.0
10449,976.0
10450,877.0
10451,853.0
10452,909.0
10453,988.0
10454,1088.0
10455,1182.0
10456,1217.0
10457,1203.0
10458,1161.0
10459,1115.0
10460,1067.0
10461,1042.0
10462,1008.0
10463,1006.0
10464,1005.0
10465,1040.0
10466,1087.0
10467,1093.0
10468,1120.0
10469,1136.0
10470,1154.0
10471,1180.0
10472,1215.0
10473,1299.0
10474,1578.0
10475,2057.0
10476,2610.0
10477,3120.0
10478,3455.0
10479,3408.0
10480,3083.0
10481,2692.0
10482,2315.0
10483,1958.0
10484,1631.0
10485,1360.0
10486,1142.0
10487,961.0
10488,866.0
10489,821.0
10490,839.0
10491,943.0
10492,1020.0
10493,1104.0
10494,1127.0
10495,1127.0
10496,1089.0
10497,1062.0
10498,1008.0
10499,981.0
10500,973.0
10501,972.0
10502,980.0
10503,976.0
10504,1038.0
10505,1063.0
10506,1088.0
10507,1110.0
10508,1135.0
10509,1152.0
10510,1187.0
10511,1213.0
10512,1319.0
10513,1654.0
10514,2162.0
10515,2703.0
10516,3190.0
10517,3441.0
10518,3311.0
10519,2928.0
10520,2559.0
10521,2204.0
10522,1844.0
10523,1519.0
10524,1270.0
10525,1047.0
10526,902.0
10527,831.0
10528,851.0
10529,925.0
10530,1023.0
10531,1141.0
10532,1186.0
10533,1191.0
10534,1171.0
10535,1149.0
10536,1104.0
10537,1054.0
10538,1039.0
10539,1020.0
10540,1023.0
10541,1046.0
10542,1079.0
10543,1104.0
10544,1125.0
10545,1141.0
10546,1169.0
10547,1186.0
10548,1198.0
10549,1232.0
10550,1394.0
10551,1762.0
10552,2271.0
10553,2800.0
10554,3195.0
10555,3302.0
10556,3093.0
10557,2739.0
10558,2379.0
10559,1987.0
10560,1680.0
10561,1360.0
10562,1145.0
10563,960.0
10564,848.0
10565,816.0
10566,875.0
10567,958.0
10568,1082.0
10569,1155.0
10570,1198.0
10571,1195.0
10572,1181.0
10573,1138.0
10574,1088.0
10575,1037.0
10576,1040.0
10577,1023.0
10578,1021.0
10579,1040.0
10580,1088.0
10581,1104.0
10582,1126.0
10583,1145.0
10584,1151.0
10585,1183.0
10586,1269.0
10587,1467.0
10588,1909.0
10589,2452.0
10590,2960.0
10591,3331.0
10592,3355.0
10593,3071.0
10594,2714.0
10595,2330.0
10596,1953.0
10597,1637.0
10598,1354.0
10599,1105.0
10600,928.0
10601,826.0
10602,804.0
10603,839.0
10604,912.0
10605,1035.0
10606,1132.0
10607,1157.0
10608,1165.0
10609,1136.0
10610,1123.0
10611,1045.0
10612,1009.0
10613,996.0
10614,1001.0
10615,997.0
10616,1006.0
10617,1046.0
10618,1086.0
10619,1114.0
10620,1121.0
10621,1163.0
10622,1181.0
10623,1200.0
10624,1218.0
10625,1262.0
10626,1409.0
10627,1794.0
10628,2348.0
10629,2896.0
10630,3403.0
10631,3547.0
10632,3349.0
10633,2950.0
10634,2539.0
10635,2169.0
10636,1821.0
10637,1507.0
10638,1231.0
10639,1015.0
10640,873.0
10641,813.0
10642,816.0
10643,890.0
10644,976.0
10645,1098.0
10646,1158.0
10647,1171.0
10648,1172.0
10649,1137.0
10650,1078.0
10651,1042.0
10652,1008.0
10653,1006.0
10654,989.0
10655,991.0
10656,1008.0
10657,1069.0
10658,1086.0
10659,1099.0
10660,1134.0
10661,1165.0
10662,1169.0
10663,1214.0
10664,1361.0
10665,1723.0
10666,2235.0
10667,2757.0
10668,3223.0
10669,3392.0
10670,3211.0
10671,2829.0
10672,2454.0
10673,2079.0
10674,1727.0
10675,1413.0
10676,1161.0
10677,973.0
10678,853.0
10679,829.0
10680,898.0
10681,980.0
10682,1104.0
10683,1201.0
10684,1230.0
10685,1226.0
10686,1203.0
10687,1150.0
10688,1106.0
10689,1079.0
10690,1049.0
10691,1033.0
10692,1043.0
10693,1049.0
10694,1086.0
10695,1107.0
10696,1136.0
10697,1152.0
10698,1158.0
10699,1179.0
10700,1303.0
10701,1584.0
10702,2080.0
10703,2624.0
10704,3120.0
10705,3395.0
10706,3299.0
10707,2960.0
10708,2581.0
10709,2197.0
10710,1842.0
10711,1531.0
10712,1255.0
10713,1009.0
10714,849.0
10715,784.0
10716,784.0
10717,865.0
10718,944.0
10719,1070.0
10720,1133.0
10721,1154.0
10722,1143.0
10723,1120.0
10724,1066.0
10725,1040.0
10726,1008.0
10727,995.0
10728,1002.0
10729,1003.0
10730,1022.0
10731,1082.0
10732,1104.0
10733,1111.0
10734,1146.0
10735,1157.0
10736,1173.0
10737,1255.0
10738,1495.0
10739,1968.0
10740,2512.0
10741,3060.0
10742,3472.0
10743,3502.0
10744,3184.0
10745,2768.0
10746,2374.0
10747,1986.0
10748,1668.0
10749,1364.0
10750,1106.0
10751,914.0
10752,787.0
10753,759.0
10754,786.0
10755,873.0
10756,965.0
10757,1073.0
10758,1125.0
10759,1131.0
10760,1133.0
10761,1102.0
10762,1042.0
10763,1008.0
10764,989.0
10765,974.0
10766,981.0
10767,983.0
10768,1040.0
10769,1067.0
10770,1084.0
10771,1115.0
10772,1127.0
10773,1162.0
10774,1168.0
10775,1216.0
10776,1392.0
10777,1783.0
10778,2336.0
10779,2879.0
10780,3340.0
10781,3463.0
10782,3222.0
10783,2845.0
10784,2445.0
10785,2064.0
10786,1711.0
10787,1415.0
10788,1161.0
10789,957.0
10790,849.0
10791,815.0
10792,839.0
10793,947.0
10794,1061.0
10795,1169.0
10796,1215.0
10797,1210.0
10798,1195.0
10799,1152.0
10800,1110.0
10801,1066.0
10802,1076.0
10803,1046.0
10804,1023.0
10805,1065.0
10806,1120.0
10807,1130.0
10808,1156.0
10809,1165.0
10810,1177.0
10811,1200.0
10812,1303.0
10813,1591.0
10814,2068.0
10815,2608.0
10816,3060.0
10817,3295.0
10818,3185.0
10819,2848.0
10820,2496.0
10821,2117.0
10822,1774.0
10823,1479.0
10824,1198.0
10825,982.0
10826,841.0
10827,787.0
10828,816.0
10829,895.0
10830,1036.0
10831,1133.0
10832,1184.0
10833,1205.0
10834,1186.0
10835,1167.0
10836,1119.0
10837,1077.0
10838,1066.0
10839,1063.0
10840,1048.0
10841,1084.5
10842,1121.0
10843,1137.0
10844,1162.0
10845,1168.0
10846,1195.0
10847,1282.0
10848,1530.0
10849,2001.0
10850,2559.0
10851,3083.0
10852,3435.0
10853,3409.0
10854,3091.0
10855,2690.0
10856,2289.0
10857,1933.0
10858,1593.0
10859,1306.0
10860,1072.0
10861,887.0
10862,795.0
10863,787.0
10864,829.0
10865,915.0
10866,1022.0
10867,1116.0
10868,1143.0
10869,1157.0
10870,1135.0
10871,1102.0
10872,1052.0
10873,996.0
10874,999.0
10875,992.0
10876,993.0
10877,1010.0
10878,1062.0
10879,1075.0
10880,1103.0
10881,1131.0
10882,1159.0
10883,1193.0
10884,1210.0
10885,1.0
10886,1200.0
10887,1209.0
10888,1236.0
10889,1260.0
10890,1380.0
10891,1653.0
10892,2122.0
10893,2624.0
10894,3010.0
10895,3173.0
10896,2997.0
10897,2699.0
10898,2346.0
10899,2013.0
10900,1735.0
10901,1488.0
10902,1275.0
10903,1092.0
10904,971.0
10905,911.0
10906,912.0
10907,971.0
10908,1068.0
10909,1152.0
10910,1190.0
10911,1187.0
10912,1150.0
10913,1108.0
10914,1070.0
10915,1043.0
10916,1039.0
10917,1038.0
10918,1042.0
10919,1072.0
10920,1126.0
10921,1142.0
10922,1164.0
10923,1183.0
10924,1201.0
10925,1214.0
10926,1232.0
10927,1247.0
10928,1280.0
10929,1371.0
10930,1626.0
10931,2031.0
10932,2486.0
10933,2829.0
10934,2949.0
10935,2834.0
10936,2559.0
10937,2265.0
10938,1949.0
10939,1691.0
10940,1454.0
10941,1270.0
10942,1126.0
10943,1023.0
10944,1010.0
10945,1049.0
10946,1128.0
10947,1231.0
10948,1309.0
10949,1317.0
10950,1296.0
10951,1264.0
10952,1215.0
10953,1166.0
10954,1136.0
10955,1136.0
10956,1145.0
10957,1150.0
10958,1174.0
10959,1215.0
10960,1226.0
10961,1239.0
10962,1267.0
10963,1275.0
10964,1292.0
10965,1308.0
10966,1343.0
10967,1505.0
10968,1838.0
10969,2288.0
10970,2693.0
10971,2983.0
10972,3010.0
10973,2821.0
10974,2529.0
10975,2218.0
10976,1938.0
10977,1681.0
10978,1461.0
10979,1296.0
10980,1152.0
10981,1063.0
10982,1050.0
10983,1088.0
10984,1164.0
10985,1250.0
10986,1311.0
10987,1303.0
10988,1289.0
10989,1226.0
10990,1173.0
10991,1165.0
10992,1129.0
10993,1123.0
10994,1132.0
10995,1136.0
10996,1146.0
10997,1200.0
10998,1208.0
10999,1244.0
11000,1248.0
11001,1282.0
11002,1296.0
11003,1328.0
11004,1328.0
11005,1402.0
11006,1623.0
11007,2019.0
11008,2487.0
11009,2927.0
11010,3194.0
11011,3167.0
11012,2883.0
11013,2559.0
11014,2235.0
11015,1945.0
11016,1701.0
11017,1466.0
11018,1279.0
11019,1136.0
11020,1046.0
11021,1023.0
11022,1079.0
11023,1143.0
11024,1223.0
11025,1285.0
11026,1298.0
11027,1278.0
11028,1216.0
11029,1159.0
11030,1142.0
11031,1118.0
11032,1104.0
11033,1104.0
11034,1099.0
11035,1119.0
11036,1157.0
11037,1179.0
11038,1210.0
11039,1225.0
11040,1242.0
11041,1264.0
11042,1286.0
11043,1297.0
11044,1351.0
11045,1535.0
11046,1921.0
11047,2412.0
11048,2868.0
11049,3198.0
11050,3213.0
11051,2966.0
11052,2640.0
11053,2288.0
11054,1974.0
11055,1712.0
11056,1478.0
11057,1280.0
11058,1118.0
11059,1035.0
11060,1021.0
11061,1054.0
11062,1145.0
11063,1234.0
11064,1286.0
11065,1325.0
11066,1294.0
11067,1241.0
11068,1157.0
11069,1162.0
11070,1129.0
11071,1107.0
11072,1125.0
11073,1136.0
11074,1146.0
11075,1187.0
11076,1195.0
11077,1216.0
11078,1232.0
11079,1252.0
11080,1262.0
11081,1267.0
11082,1350.0
11083,1567.0
11084,1948.0
11085,2432.0
11086,2864.0
11087,3134.0
11088,3126.0
11089,2857.0
11090,2512.0
11091,2189.0
11092,1865.0
11093,1600.0
11094,1363.0
11095,1188.0
11096,1053.0
11097,1010.0
11098,1050.0
11099,1117.0
11100,1218.0
11101,1307.0
11102,1339.0
11103,1347.0
11104,1302.0
11105,1232.0
11106,1188.0
11107,1155.0
11108,1136.0
11109,1146.0
11110,1131.0
11111,1127.0
11112,1160.0
11113,1198.0
11114,1216.0
11115,1227.0
11116,1238.0
11117,1259.0
11118,1264.0
11119,1307.0
11120,1457.0
11121,1808.0
11122,2320.0
11123,2803.0
11124,3201.0
11125,3277.0
11126,3045.0
11127,2709.0
11128,2349.0
11129,1982.0
11130,1727.0
11131,1473.0
11132,1257.0
11133,1099.0
11134,1004.0
11135,976.0
11136,1023.0
11137,1115.0
11138,1200.0
11139,1270.0
11140,1279.0
11141,1251.0
11142,1232.0
11143,1146.0
11144,1105.0
11145,1087.0
11146,1078.0
11147,1071.0
11148,1079.0
11149,1097.0
11150,1142.0
11151,1168.0
11152,1186.0
11153,1205.0
11154,1232.0
11155,1243.0
11156,1276.0
11157,1291.0
11158,1317.0
11159,1423.0
11160,1743.0
11161,2224.0
11162,2738.0
11163,3218.0
11164,3410.0
11165,3246.0
11166,2880.0
11167,2503.0
11168,2145.0
11169,1842.0
11170,1584.0
11171,1347.0
11172,1163.0
11173,1019.0
11174,966.0
11175,975.0
11176,1022.0
11177,1121.0
11178,1205.0
11179,1242.0
11180,1252.0
11181,1216.0
11182,1148.0
11183,1098.0
11184,1071.0
11185,1061.0
11186,1051.0
11187,1051.0
11188,1058.0
11189,1101.0
11190,1137.0
11191,1151.0
11192,1174.0
11193,1207.0
11194,1230.0
11195,1250.0
11196,1267.0
11197,1296.0
11198,1315.0
11199,1405.0
11200,1664.0
11201,2122.0
11202,2634.0
11203,3099.0
11204,3362.0
11205,3231.0
11206,2905.0
11207,2534.0
11208,2174.0
11209,1872.0
11210,1610.0
11211,1367.0
11212,1183.0
11213,1066.0
11214,997.0
11215,1018.0
11216,1099.0
11217,1180.0
11218,1270.0
11219,1310.0
11220,1319.0
11221,1293.0
11222,1221.0
11223,1168.0
11224,1136.0
11225,1115.0
11226,1104.0
11227,1111.0
11228,1117.0
11229,1137.0
11230,1183.0
11231,1217.0
11232,1237.0
11233,1253.0
11234,1269.0
11235,1287.0
11236,1292.0
11237,1328.0
11238,1473.0
11239,1793.0
11240,2271.0
11241,2763.0
11242,3162.0
11243,3262.0
11244,3071.0
11245,2735.0
11246,2371.0
11247,2031.0
11248,1728.0
11249,1475.0
11250,1280.0
11251,1119.0
11252,1049.0
11253,1035.0
11254,1088.0
11255,1178.0
11256,1298.0
11257,1356.0
11258,1366.0
11259,1343.0
11260,1307.0
11261,1217.0
11262,1170.0
11263,1154.0
11264,1136.0
11265,1127.0
11266,1127.0
11267,1152.0
11268,1178.0
11269,1222.0
11270,1230.0
11271,1254.0
11272,1261.0
11273,1275.0
11274,1312.0
11275,1399.0
11276,1702.0
11277,2175.0
11278,2685.0
11279,3127.0
11280,3321.0
11281,3169.0
11282,2823.0
11283,2461.0
11284,2102.0
11285,1803.0
11286,1535.0
11287,1307.0
11288,1134.0
11289,1019.0
11290,966.0
11291,996.0
11292,1074.0
11293,1177.0
11294,1263.0
11295,1282.0
11296,1275.0
11297,1247.0
11298,1174.0
11299,1127.0
11300,1099.0
11301,1072.0
11302,1063.0
11303,1071.0
11304,1088.0
11305,1114.0
11306,1157.0
11307,1182.0
11308,1205.0
11309,1209.0
11310,1234.0
11311,1223.0
11312,1290.0
11313,1444.0
11314,1807.0
11315,2330.0
11316,2847.0
11317,3265.0
11318,3386.0
11319,3127.0
11320,2761.0
11321,2368.0
11322,2019.0
11323,1730.0
11324,1471.0
11325,1239.0
11326,1056.0
11327,950.0
11328,918.0
11329,953.0
11330,1049.0
11331,1147.0
11332,1211.0
11333,1235.0
11334,1231.0
11335,1179.0
11336,1135.0
11337,1071.0
11338,1051.0
11339,1023.0
11340,1023.0
11341,1035.0
11342,1070.0
11343,1105.0
11344,1126.0
11345,1167.0
11346,1185.0
11347,1197.0
11348,1211.0
11349,1231.0
11350,1249.0
11351,1274.0
11352,1411.0
11353,1771.0
11354,2281.0
11355,2800.0
11356,3248.0
11357,3352.0
11358,3136.0
11359,2762.0
11360,2375.0
11361,2021.0
11362,1707.0
11363,1452.0
11364,1228.0
11365,1047.0
11366,951.0
11367,937.0
11368,1003.0
11369,1098.0
11370,1216.0
11371,1278.0
11372,1300.0
11373,1275.0
11374,1232.0
11375,1159.0
11376,1106.0
11377,1090.0
11378,1073.0
11379,1072.0
11380,1072.0
11381,1103.0
11382,1150.0
11383,1168.0
11384,1195.0
11385,1185.0
11386,1214.0
11387,1213.0
11388,1245.0
11389,1333.0
11390,1648.0
11391,2112.0
11392,2640.0
11393,3059.0
11394,3227.0
11395,3071.0
11396,2731.0
11397,2365.0
11398,2002.0
11399,1695.0
11400,1441.0
11401,1206.0
11402,1041.0
11403,933.0
11404,910.0
11405,949.0
11406,1050.0
11407,1179.0
11408,1255.0
11409,1287.0
11410,1262.0
11411,1211.0
11412,1137.0
11413,1103.0
11414,1072.0
11415,1047.0
11416,1047.0
11417,1041.0
11418,1079.0
11419,1131.0
11420,1138.0
11421,1166.0
11422,1174.0
11423,1201.0
11424,1222.0
11425,1245.0
11426,1258.0
11427,1319.0
11428,1529.0
11429,1966.0
11430,2483.0
11431,2992.0
11432,3357.0
11433,3325.0
11434,3003.0
11435,2610.0
11436,2251.0
11437,1903.0
11438,1617.0
11439,1385.0
11440,1178.0
11441,1037.0
11442,955.0
11443,939.0
11444,973.0
11445,1054.0
11446,1123.0
11447,1219.0
11448,1232.0
11449,1211.0
11450,1185.0
11451,1119.0
11452,1073.0
11453,1061.0
11454,1023.0
11455,1034.0
11456,1046.0
11457,1077.0
11458,1115.0
11459,1137.0
11460,1165.0
11461,1188.0
11462,1215.0
11463,1231.0
11464,1229.0
11465,1263.0
11466,1361.0
11467,1669.0
11468,2137.0
11469,2656.0
11470,3101.0
11471,3305.0
11472,3147.0
11473,2819.0
11474,2451.0
11475,2096.0
11476,1782.0
11477,1518.0
11478,1295.0
11479,1119.0
11480,989.0
11481,938.0
11482,956.0
11483,1039.0
11484,1126.0
11485,1212.0
11486,1274.0
11487,1264.0
11488,1244.0
11489,1199.0
11490,1126.0
11491,1093.0
11492,1071.0
11493,1067.0
11494,1063.0
11495,1076.0
11496,1104.0
11497,1131.0
11498,1167.0
11499,1178.0
11500,1191.0
11501,1214.0
11502,1245.0
11503,1253.0
11504,1276.0
11505,1290.0
11506,1342.0
11507,1535.0
11508,1975.0
11509,2500.0
11510,2997.0
11511,3392.0
11512,3354.0
11513,3043.0
11514,2654.0
11515,2265.0
11516,1920.0
11517,1618.0
11518,1360.0
11519,1162.0
11520,1015.0
11521,953.0
11522,957.0
11523,1040.0
11524,1149.0
11525,1263.0
11526,1315.0
11527,1308.0
11528,1292.0
11529,1235.0
11530,1168.0
11531,1131.0
11532,1105.0
11533,1088.0
11534,1083.0
11535,1083.0
11536,1098.0
11537,1139.0
11538,1174.0
11539,1198.0
11540,1200.0
11541,1201.0
11542,1214.0
11543,1233.0
11544,1362.0
11545,1683.0
11546,2176.0
11547,2689.0
11548,3099.0
11549,3239.0
11550,3058.0
11551,2706.0
11552,2335.0
11553,1969.0
11554,1680.0
11555,1429.0
11556,1203.0
11557,1048.0
11558,944.0
11559,927.0
11560,957.0
11561,1053.0
11562,1174.0
11563,1232.0
11564,1259.0
11565,1231.0
11566,1212.0
11567,1136.0
11568,1087.0
11569,1053.0
11570,1034.0
11571,1018.0
11572,1043.0
11573,1069.0
11574,1090.0
11575,1135.0
11576,1152.0
11577,1168.0
11578,1191.0
11579,1195.0
11580,1224.0
11581,1264.0
11582,1448.0
11583,1834.0
11584,2359.0
11585,2845.0
11586,3204.0
11587,3260.0
11588,2999.0
11589,2640.0
11590,2279.0
11591,1942.0
11592,1666.0
11593,1407.0
11594,1198.0
11595,1040.0
11596,945.0
11597,915.0
11598,951.0
11599,1023.0
11600,1138.0
11601,1200.0
11602,1226.0
11603,1219.0
11604,1177.0
11605,1104.0
11606,1061.0
11607,1037.0
11608,1009.0
11609,1007.0
11610,1023.0
11611,1071.0
11612,1102.0
11613,1135.0
11614,1137.0
11615,1164.0
11616,1170.0
11617,1207.0
11618,1219.0
11619,1251.0
11620,1296.0
11621,1487.0
11622,1907.0
11623,2427.0
11624,2918.0
11625,3263.0
11626,3267.0
11627,2989.0
11628,2636.0
11629,2256.0
11630,1935.0
11631,1668.0
11632,1417.0
11633,1213.0
11634,1058.0
11635,955.0
11636,934.0
11637,977.0
11638,1060.0
11639,1169.0
11640,1233.0
11641,1243.0
11642,1223.0
11643,1183.0
11644,1120.0
11645,1078.0
11646,1047.0
11647,1040.0
11648,1023.0
11649,1046.0
11650,1078.0
11651,1116.0
11652,1134.0
11653,1152.0
11654,1179.0
11655,1191.0
11656,1200.0
11657,1222.0
11658,1235.0
11659,1298.0
11660,1473.0
11661,1849.0
11662,2370.0
11663,2853.0
11664,3215.0
11665,3231.0
11666,2983.0
11667,2624.0
11668,2254.0
11669,1917.0
11670,1627.0
11671,1392.0
11672,1188.0
11673,1005.0
11674,961.0
11675,990.0
11676,1040.0
11677,1125.0
11678,1232.0
11679,1293.0
11680,1282.0
11681,1254.0
11682,1188.0
11683,1133.0
11684,1104.0
11685,1070.0
11686,1058.0
11687,1079.0
11688,1074.0
11689,1112.0
11690,1140.0
11691,1167.0
11692,1182.0
11693,1193.0
11694,1223.0
11695,1223.0
11696,1241.0
11697,1328.0
11698,1611.0
11699,2074.0
11700,2599.0
11701,3057.0
11702,3295.0
11703,3163.0
11704,2827.0
11705,2455.0
11706,2083.0
11707,1767.0
11708,1495.0
11709,1265.0
11710,1074.0
11711,950.0
11712,893.0
11713,931.0
11714,1002.0
11715,1091.0
11716,1191.0
11717,1215.0
11718,1190.0
11719,1157.0
11720,1091.0
11721,1060.0
11722,1023.0
11723,1008.0
11724,1011.0
11725,1017.0
11726,1057.0
11727,1095.0
11728,1109.0
11729,1127.0
11730,1147.0
11731,1179.0
11732,1200.0
11733,1228.0
11734,1249.0
11735,1269.0
11736,1309.0
11737,1488.0
11738,1917.0
11739,2470.0
11740,2999.0
11741,3378.0
11742,3376.0
11743,3059.0
11744,2672.0
11745,2288.0
11746,1935.0
11747,1643.0
11748,1396.0
11749,1169.0
11750,1011.0
11751,901.0
11752,886.0
11753,914.0
11754,998.0
11755,1093.0
11756,1168.0
11757,1179.0
11758,1169.0
11759,1130.0
11760,1077.0
11761,1043.0
11762,1005.0
11763,995.0
11764,988.0
11765,998.0
11766,1040.0
11767,1064.0
11768,1088.0
11769,1109.0
11770,1153.0
11771,1177.0
11772,1190.0
11773,1217.0
11774,1234.0
11775,1258.0
11776,1324.0
11777,1580.0
11778,2033.0
11779,2557.0
11780,3040.0
11781,3312.0
11782,3214.0
11783,2893.0
11784,2497.0
11785,2132.0
11786,1798.0
11787,1519.0
11788,1286.0
11789,1088.0
11790,945.0
11791,884.0
11792,889.0
11793,962.0
11794,1072.0
11795,1183.0
11796,1235.0
11797,1243.0
11798,1215.0
11799,1154.0
11800,1099.0
11801,1059.0
11802,1050.0
11803,1046.0
11804,1055.0
11805,1059.0
11806,1094.0
11807,1120.0
11808,1132.0
11809,1166.0
11810,1175.0
11811,1216.0
11812,1232.0
11813,1249.0
11814,1277.0
11815,1335.0
11816,1531.0
11817,1941.0
11818,2470.0
11819,2947.0
11820,3249.0
11821,3199.0
11822,2896.0
11823,2542.0
11824,2177.0
11825,1829.0
11826,1535.0
11827,1305.0
11828,1103.0
11829,954.0
11830,907.0
11831,922.0
11832,1002.0
11833,1106.0
11834,1226.0
11835,1264.0
11836,1264.0
11837,1235.0
11838,1183.0
11839,1111.0
11840,1088.0
11841,1065.0
11842,1050.0
11843,1051.0
11844,1049.0
11845,1089.0
11846,1126.0
11847,1132.0
11848,1154.0
11849,1175.0
11850,1195.0
11851,1206.0
11852,1233.0
11853,1314.0
11854,1566.0
11855,2031.0
11856,2547.0
11857,3021.0
11858,3270.0
11859,3180.0
11860,2867.0
11861,2496.0
11862,2145.0
11863,1815.0
11864,1521.0
11865,1293.0
11866,1107.0
11867,976.0
11868,905.0
11869,906.0
11870,965.0
11871,1043.0
11872,1152.0
11873,1202.0
11874,1207.0
11875,1195.0
11876,1159.0
11877,1093.0
11878,1045.0
11879,1023.0
11880,1031.0
11881,1040.0
11882,1040.0
11883,1081.0
11884,1086.0
11885,1118.0
11886,1161.0
11887,1180.0
11888,1210.0
11889,1234.0
11890,1254.0
11891,1280.0
11892,1301.0
11893,1360.0
11894,1567.0
11895,1999.0
11896,2523.0
11897,3035.0
11898,3381.0
11899,3375.0
11900,3030.0
11901,2643.0
11902,2265.0
11903,1906.0
11904,1614.0
11905,1353.0
11906,1136.0
11907,976.0
11908,877.0
11909,859.0
11910,912.0
11911,1002.0
11912,1122.0
11913,1187.0
11914,1213.0
11915,1195.0
11916,1163.0
11917,1109.0
11918,1066.0
11919,1040.0
11920,1011.0
11921,1005.0
11922,1008.0
11923,1041.0
11924,1079.0
11925,1122.0
11926,1121.0
11927,1150.0
11928,1175.0
11929,1194.0
11930,1229.0
11931,1223.0
11932,1264.0
11933,1349.0
11934,1642.0
11935,2118.0
11936,2640.0
11937,3115.0
11938,3301.0
11939,3174.0
11940,2832.0
11941,2457.0
11942,2087.0
11943,1762.0
11944,1490.0
11945,1236.0
11946,1051.0
11947,935.0
11948,903.0
11949,948.0
11950,1061.0
11951,1175.0
11952,1264.0
11953,1309.0
11954,1296.0
11955,1264.0
11956,1203.0
11957,1143.0
11958,1109.0
11959,1074.0
11960,1065.0
11961,1065.0
11962,1069.0
11963,1088.0
11964,1136.0
11965,1151.0
11966,1175.0
11967,1176.0
11968,1187.0
11969,1206.0
11970,1312.0
11971,1627.0
11972,2130.0
11973,2640.0
11974,3071.0
11975,3231.0
11976,3063.0
11977,2737.0
11978,2363.0
11979,1998.0
11980,1683.0
11981,1414.0
11982,1183.0
11983,1008.0
11984,906.0
11985,881.0
11986,897.0
11987,1007.0
11988,1126.0
11989,1200.0
11990,1238.0
11991,1243.0
11992,1215.0
11993,1140.0
11994,1088.0
11995,1065.0
11996,1040.0
11997,1040.0
11998,1034.0
11999,1051.0
12000,1083.0
12001,1122.0
12002,1133.0
12003,1157.0
12004,1172.0
12005,1197.0
12006,1200.0
12007,1229.0
12008,1296.0
12009,1521.0
12010,1975.0
12011,2542.0
12012,186.0
12013,1779.0
12014,3372.0
12015,3046.0
12016,2659.0
12017,2265.0
12018,1910.0
12019,1616.0
12020,1361.0
12021,1146.0
12022,998.0
12023,889.0
12024,855.0
12025,897.0
12026,973.0
12027,1069.0
12028,1156.0
12029,1177.0
12030,1167.0
12031,1143.0
12032,1081.0
12033,1035.0
12034,1008.0
12035,972.0
12036,977.0
12037,990.0
12038,997.0
12039,1063.0
12040,1079.0
12041,1118.0
12042,1135.0
12043,1143.0
12044,1167.0
12045,1159.0
12046,1245.0
12047,1454.0
12048,1873.0
12049,2401.0
12050,2890.0
12051,3211.0
12052,3202.0
12053,2919.0
12054,2551.0
12055,2183.0
12056,1855.0
12057,1186.0
12058,1216.0
12059,1226.0
12060,1234.0
12061,1246.0
12062,1281.0
12063,1382.0
12064,1683.0
12065,2148.0
12066,2638.0
12067,2998.0
12068,3120.0
12069,2956.0
12070,2643.0
12071,2305.0
12072,1954.0
12073,1706.0
12074,1498.0
12075,1308.0
12076,1141.0
12077,1019.0
12078,964.0
12079,982.0
12080,1042.0
12081,1116.0
12082,1191.0
12083,1228.0
12084,1200.0
12085,1171.0
12086,1111.0
12087,1059.0
12088,1046.0
12089,1019.0
12090,1019.0
12091,1023.0
12092,1072.0
12093,1105.0
12094,1136.0
12095,1149.0
12096,1166.0
12097,1186.0
12098,1185.0
12099,1218.0
12100,1289.0
12101,1497.0
12102,1904.0
12103,2365.0
12104,2758.0
12105,2937.0
12106,2854.0
12107,2616.0
12108,2314.0
12109,2000.0
12110,1729.0
12111,1509.0
12112,1314.0
12113,1147.0
12114,1033.0
12115,979.0
12116,960.0
12117,1014.0
12118,1094.0
12119,1200.0
12120,1232.0
12121,1245.0
12122,1221.0
12123,1183.0
12124,1126.0
12125,1093.0
12126,1085.0
12127,1077.0
12128,1085.0
12129,1109.0
12130,1138.0
12131,1168.0
12132,1178.0
12133,1196.0
12134,1222.0
12135,1227.0
12136,1253.0
12137,1279.0
12138,1296.0
12139,1344.0
12140,1530.0
12141,1878.0
12142,2297.0
12143,2677.0
12144,2853.0
12145,2800.0
12146,2627.0
12147,2339.0
12148,2062.0
12149,1807.0
12150,1613.0
12151,1422.0
12152,1271.0
12153,1162.0
12154,1125.0
12155,1136.0
12156,1198.0
12157,1276.0
12158,1357.0
12159,1390.0
12160,1387.0
12161,1346.0
12162,1279.0
12163,1250.0
12164,1230.0
12165,1211.0
12166,1200.0
12167,1210.0
12168,1217.0
12169,1252.0
12170,1279.0
12171,1293.0
12172,1301.0
12173,1310.0
12174,1311.0
12175,1329.0
12176,1411.0
12177,1622.0
12178,1959.0
12179,2352.0
12180,2667.0
12181,2802.0
12182,2737.0
12183,2541.0
12184,2277.0
12185,2022.0
12186,1802.0
12187,1635.0
12188,1454.0
12189,1317.0
12190,1229.0
12191,1210.0
12192,1240.0
12193,1286.0
12194,1385.0
12195,1436.0
12196,1449.0
12197,1423.0
12198,1375.0
12199,1302.0
12200,1276.0
12201,1253.0
12202,1239.0
12203,1251.0
12204,1259.0
12205,1264.0
12206,1291.0
12207,1329.0
12208,1326.0
12209,1345.0
12210,1349.0
12211,1353.0
12212,1354.0
12213,1392.0
12214,1503.0
12215,1791.0
12216,2187.0
12217,2586.0
12218,2883.0
12219,2967.0
12220,2845.0
12221,2592.0
12222,2307.0
12223,2061.0
12224,1834.0
12225,1663.0
12226,1488.0
12227,1357.0
12228,1254.0
12229,1211.0
12230,1221.0
12231,1278.0
12232,1326.0
12233,1385.0
12234,1394.0
12235,1367.0
12236,1296.0
12237,1242.0
12238,1214.0
12239,1197.0
12240,1182.0
12241,1177.0
12242,1178.0
12243,1186.0
12244,1232.0
12245,1267.0
12246,1269.0
12247,1286.0
12248,1300.0
12249,1317.0
12250,1334.0
12251,1351.0
12252,1363.0
12253,1380.0
12254,1426.0
12255,1632.0
12256,1997.0
12257,2413.0
12258,2783.0
12259,2995.0
12260,2983.0
12261,2794.0
12262,2512.0
12263,2229.0
12264,1988.0
12265,1785.0
12266,1600.0
12267,1455.0
12268,1321.0
12269,1251.0
12270,1232.0
12271,1266.0
12272,1323.0
12273,1365.0
12274,1411.0
12275,1410.0
12276,1373.0
12277,1297.0
12278,1259.0
12279,1219.0
12280,1197.0
12281,1172.0
12282,1168.0
12283,1181.0
12284,1197.0
12285,1221.0
12286,1253.0
12287,1264.0
12288,1277.0
12289,1287.0
12290,1302.0
12291,1303.0
12292,1330.0
12293,1358.0
12294,1360.0
12295,1392.0
12296,1403.0
12297,1429.0
12298,1443.0
12299,1446.0
12300,1468.0
12301,1477.0
12302,1489.0
12303,1520.0
12304,1647.0
12305,1947.0
12306,2372.0
12307,2790.0
12308,3145.0
12309,3218.0
12310,3055.0
12311,2741.0
12312,2431.0
12313,2141.0
12314,1889.0
12315,1695.0
12316,1517.0
12317,1364.0
12318,1286.0
12319,1240.0
12320,1260.0
12321,1322.0
12322,1381.0
12323,1450.0
12324,1459.0
12325,1427.0
12326,1335.0
12327,1283.0
12328,1249.0
12329,1206.0
12330,1199.0
12331,1185.0
12332,1191.0
12333,1195.0
12334,1217.0
12335,1242.0
12336,1273.0
12337,1283.0
12338,1289.0
12339,1296.0
12340,1314.0
12341,1345.0
12342,1351.0
12343,1369.0
12344,1375.0
12345,1417.0
12346,1526.0
12347,1786.0
12348,2196.0
12349,2592.0
12350,2911.0
12351,3024.0
12352,2903.0
12353,2655.0
12354,2354.0
12355,2079.0
12356,1839.0
12357,1623.0
12358,1451.0
12359,1311.0
12360,1219.0
12361,1205.0
12362,1221.0
12363,1317.0
12364,1400.0
12365,1449.0
12366,1451.0
12367,1413.0
12368,1339.0
12369,1276.0
12370,1226.0
12371,1203.0
12372,1191.0
12373,1185.0
12374,1187.0
12375,1187.0
12376,1235.0
12377,1264.0
12378,1268.0
12379,1266.0
12380,1286.0
12381,1296.0
12382,1299.0
12383,1329.0
12384,1444.0
12385,1749.0
12386,2167.0
12387,2608.0
12388,2931.0
12389,3043.0
12390,2896.0
12391,2635.0
12392,2316.0
12393,2015.0
12394,1786.0
12395,1590.0
12396,1393.0
12397,1246.0
12398,1137.0
12399,1089.0
12400,1121.0
12401,1174.0
12402,1246.0
12403,1327.0
12404,1335.0
12405,1326.0
12406,1251.0
12407,1185.0
12408,1127.0
12409,1107.0
12410,1088.0
12411,1088.0
12412,1082.0
12413,1103.0
12414,1136.0
12415,1174.0
12416,1188.0
12417,1186.0
12418,1199.0
12419,1233.0
12420,1249.0
12421,1274.0
12422,1293.0
12423,1303.0
12424,1319.0
12425,1348.0
12426,1424.0
12427,1675.0
12428,2095.0
12429,2589.0
12430,3008.0
12431,3247.0
12432,3165.0
12433,2886.0
12434,2529.0
12435,2199.0
12436,1910.0
12437,1669.0
12438,1473.0
12439,1303.0
12440,1159.0
12441,1072.0
12442,1056.0
12443,1082.0
12444,1148.0
12445,1247.0
12446,1297.0
12447,1296.0
12448,1262.0
12449,1184.0
12450,1145.0
12451,1103.0
12452,1072.0
12453,1072.0
12454,1063.0
12455,1079.0
12456,1084.0
12457,1118.0
12458,1147.0
12459,1161.0
12460,1174.0
12461,1193.0
12462,1215.0
12463,1229.0
12464,1241.0
12465,1261.0
12466,1292.0
12467,1424.0
12468,1721.0
12469,2167.0
12470,2611.0
12471,2947.0
12472,3013.0
12473,2864.0
12474,2559.0
12475,2239.0
12476,1936.0
12477,1676.0
12478,1455.0
12479,1281.0
12480,1136.0
12481,1069.0
12482,1050.0
12483,1102.0
12484,1200.0
12485,1296.0
12486,1360.0
12487,1369.0
12488,1353.0
12489,1296.0
12490,1217.0
12491,1169.0
12492,1143.0
12493,1136.0
12494,1143.0
12495,1155.0
12496,1199.0
12497,1201.0
12498,1226.0
12499,1231.0
12500,1244.0
12501,1245.0
12502,1263.0
12503,1287.0
12504,1295.0
12505,1322.0
12506,1402.0
12507,1678.0
12508,2103.0
12509,2580.0
12510,2942.0
12511,3095.0
12512,2981.0
12513,2676.0
12514,2349.0
12515,2031.0
12516,1746.0
12517,1521.0
12518,1337.0
12519,1169.0
12520,1078.0
12521,1050.0
12522,1083.0
12523,1152.0
12524,1264.0
12525,1342.0
12526,1361.0
12527,1347.0
12528,1294.0
12529,1207.0
12530,1166.0
12531,1127.0
12532,1127.0
12533,1107.0
12534,1119.0
12535,1127.0
12536,1167.0
12537,1191.0
12538,1205.0
12539,1232.0
12540,1243.0
12541,1261.0
12542,1280.0
12543,1293.0
12544,1314.0
12545,1342.0
12546,1411.0
12547,1659.0
12548,2115.0
12549,2606.0
12550,3047.0
12551,3280.0
12552,3190.0
12553,2873.0
12554,2523.0
12555,2190.0
12556,1879.0
12557,1645.0
12558,1441.0
12559,1264.0
12560,1136.0
12561,1047.0
12562,1043.0
12563,1089.0
12564,1159.0
12565,1258.0
12566,1293.0
12567,1279.0
12568,1259.0
12569,1161.0
12570,1107.0
12571,1059.0
12572,1023.0
12573,1008.0
12574,1017.0
12575,1045.0
12576,1058.0
12577,1105.0
12578,1136.0
12579,1160.0
12580,1174.0
12581,1198.0
12582,1213.0
12583,1243.0
12584,1260.0
12585,1284.0
12586,1315.0
12587,1333.0
12588,1360.0
12589,1374.0
12590,1399.0
12591,1515.0
12592,1813.0
12593,2303.0
12594,2833.0
12595,3324.0
12596,3525.0
12597,3355.0
12598,2968.0
12599,2559.0
12600,2197.0
12601,1873.0
12602,1627.0
12603,1399.0
12604,1216.0
12605,1087.0
12606,1022.0
12607,1023.0
12608,1099.0
12609,1183.0
12610,1284.0
12611,1319.0
12612,1308.0
12613,1263.0
12614,1183.0
12615,1125.0
12616,1087.0
12617,1056.0
12618,1040.0
12619,1040.0
12620,1040.0
12621,1046.0
12622,1104.0
12623,1117.0
12624,1142.0
12625,1152.0
12626,1178.0
12627,1194.0
12628,1216.0
12629,1232.0
12630,1263.0
12631,1316.0
12632,1498.0
12633,1895.0
12634,2391.0
12635,2861.0
12636,3184.0
12637,3196.0
12638,2941.0
12639,2592.0
12640,2235.0
12641,1899.0
12642,1620.0
12643,1381.0
12644,1200.0
12645,1069.0
12646,979.0
12647,980.0
12648,1056.0
12649,1159.0
12650,1266.0
12651,1312.0
12652,1328.0
12653,1296.0
12654,1232.0
12655,1157.0
12656,1123.0
12657,1099.0
12658,1077.0
12659,1081.0
12660,1085.0
12661,1089.0
12662,1133.0
12663,1157.0
12664,1175.0
12665,1179.0
12666,1203.0
12667,1205.0
12668,1230.0
12669,1242.0
12670,1271.0
12671,1296.0
12672,1473.0
12673,1855.0
12674,2384.0
12675,2896.0
12676,3281.0
12677,3345.0
12678,3087.0
12679,2718.0
12680,2343.0
12681,1991.0
12682,1709.0
12683,1477.0
12684,1291.0
12685,1120.0
12686,1008.0
12687,963.0
12688,981.0
12689,1049.0
12690,1127.0
12691,1214.0
12692,1241.0
12693,1243.0
12694,1190.0
12695,1104.0
12696,1072.0
12697,1023.0
12698,1002.0
12699,988.0
12700,993.0
12701,995.0
12702,1040.0
12703,1083.0
12704,1105.0
12705,1125.0
12706,1139.0
12707,1164.0
12708,1191.0
12709,1212.0
12710,1233.0
12711,1265.0
12712,1278.0
12713,1306.0
12714,1316.0
12715,1384.0
12716,1582.0
12717,2000.0
12718,2545.0
12719,3066.0
12720,3474.0
12721,3504.0
12722,3181.0
12723,2771.0
12724,2357.0
12725,2009.0
12726,1711.0
12727,1456.0
12728,1250.0
12729,1083.0
12730,973.0
12731,940.0
12732,972.0
12733,1023.0
12734,1122.0
12735,1206.0
12736,1244.0
12737,1232.0
12738,1190.0
12739,1110.0
12740,1071.0
12741,1034.0
12742,999.0
12743,994.0
12744,986.0
12745,1007.0
12746,1015.0
12747,1081.0
12748,1106.0
12749,1120.0
12750,1136.0
12751,1161.0
12752,1184.0
12753,1190.0
12754,1227.0
12755,1250.0
12756,1291.0
12757,1479.0
12758,1872.0
12759,2384.0
12760,2859.0
12761,3186.0
12762,3214.0
12763,2950.0
12764,2608.0
12765,2246.0
12766,1898.0
12767,1616.0
12768,1380.0
12769,1167.0
12770,1034.0
12771,944.0
12772,955.0
12773,1008.0
12774,1125.0
12775,1243.0
12776,1299.0
12777,1303.0
12778,1285.0
12779,1219.0
12780,1163.0
12781,1106.0
12782,1085.0
12783,1071.0
12784,1072.0
12785,1068.0
12786,1074.0
12787,1076.0
12788,1136.0
12789,1147.0
12790,1162.0
12791,1169.0
12792,1187.0
12793,1200.0
12794,1232.0
12795,1374.0
12796,1708.0
12797,2201.0
12798,2697.0
12799,3068.0
12800,3197.0
12801,3008.0
12802,2679.0
12803,2320.0
12804,1958.0
12805,1675.0
12806,1415.0
12807,1200.0
12808,1045.0
12809,953.0
12810,930.0
12811,986.0
12812,1072.0
12813,1177.0
12814,1251.0
12815,1269.0
12816,1254.0
12817,1203.0
12818,1127.0
12819,1075.0
12820,1051.0
12821,1023.0
12822,1040.0
12823,1040.0
12824,1053.0
12825,1104.0
12826,1130.0
12827,1126.0
12828,1145.0
12829,1163.0
12830,1182.0
12831,1185.0
12832,1266.0
12833,1518.0
12834,1968.0
12835,2500.0
12836,2953.0
12837,3250.0
12838,3184.0
12839,2893.0
12840,2517.0
12841,2175.0
12842,1840.0
12843,1584.0
12844,1359.0
12845,1159.0
12846,991.0
12847,928.0
12848,889.0
12849,940.0
12850,1018.0
12851,1132.0
12852,1173.0
12853,1194.0
12854,1167.0
12855,1101.0
12856,1046.0
12857,1014.0
12858,976.0
12859,974.0
12860,976.0
12861,989.0
12862,995.0
12863,1052.0
12864,1073.0
12865,1093.0
12866,1118.0
12867,1134.0
12868,1157.0
12869,1181.0
12870,1201.0
12871,1229.0
12872,1242.0
12873,1257.0
12874,1345.0
12875,1634.0
12876,2113.0
12877,2654.0
12878,3097.0
12879,3344.0
12880,3201.0
12881,2880.0
12882,2513.0
12883,2160.0
12884,1840.0
12885,1589.0
12886,1382.0
12887,1195.0
12888,1041.0
12889,955.0
12890,927.0
12891,977.0
12892,1055.0
12893,1142.0
12894,1199.0
12895,1217.0
12896,1197.0
12897,1143.0
12898,1073.0
12899,1040.0
12900,995.0
12901,992.0
12902,991.0
12903,987.0
12904,1008.0
12905,1049.0
12906,1072.0
12907,1072.0
12908,1091.0
12909,1121.0
12910,1147.0
12911,1171.0
12912,1198.0
12913,1226.0
12914,1248.0
12915,1263.0
12916,1391.0
12917,1681.0
12918,2156.0
12919,2638.0
12920,3022.0
12921,3187.0
12922,3032.0
12923,2705.0
12924,2357.0
12925,2022.0
12926,1719.0
12927,1474.0
12928,1277.0
12929,1092.0
12930,976.0
12931,944.0
12932,971.0
12933,1051.0
12934,1168.0
12935,1249.0
12936,1296.0
12937,1286.0
12938,1259.0
12939,1189.0
12940,1141.0
12941,1122.0
12942,1104.0
12943,1088.0
12944,1103.0
12945,1111.0
12946,1137.0
12947,1154.0
12948,1162.0
12949,1174.0
12950,1186.0
12951,1200.0
12952,1215.0
12953,1223.0
12954,1267.0
12955,1370.0
12956,1680.0
12957,2144.0
12958,2631.0
12959,2995.0
12960,3143.0
12961,2997.0
12962,2688.0
12963,2337.0
12964,2000.0
12965,1724.0
12966,1473.0
12967,1261.0
12968,1086.0
12969,979.0
12970,942.0
12971,971.0
12972,1041.0
12973,1120.0
12974,1205.0
12975,1243.0
12976,1219.0
12977,1198.0
12978,1117.0
12979,1075.0
12980,1045.0
12981,1034.0
12982,1038.0
12983,1054.0
12984,1058.0
12985,1115.0
12986,1126.0
12987,1137.0
12988,1159.0
12989,1184.0
12990,1211.0
12991,1232.0
12992,1247.0
12993,1265.0
12994,1280.0
12995,1307.0
12996,1387.0
12997,1669.0
12998,2137.0
12999,2672.0
13000,3150.0
13001,3424.0
13002,3327.0
13003,3002.0
13004,2616.0
13005,2237.0
13006,1904.0
13007,1648.0
13008,1431.0
13009,1226.0
13010,1072.0
13011,969.0
13012,919.0
13013,973.0
13014,1023.0
13015,1113.0
13016,1181.0
13017,1194.0
13018,1153.0
13019,1123.0
13020,1063.0
13021,1023.0
13022,1002.0
13023,974.0
13024,973.0
13025,973.0
13026,993.0
13027,1050.0
13028,1074.0
13029,1102.0
13030,1120.0
13031,1142.0
13032,1158.0
13033,1186.0
13034,1202.0
13035,1215.0
13036,1286.0
13037,1477.0
13038,1902.0
13039,2425.0
13040,2909.0
13041,3248.0
13042,3265.0
13043,3012.0
13044,2646.0
13045,2279.0
13046,1940.0
13047,1653.0
13048,1426.0
13049,1218.0
13050,1055.0
13051,948.0
13052,930.0
13053,937.0
13054,1023.0
13055,1131.0
13056,1211.0
13057,1233.0
13058,1234.0
13059,1172.0
13060,1125.0
13061,1072.0
13062,1049.0
13063,1033.0
13064,1014.0
13065,1033.0
13066,1045.0
13067,1088.0
13068,1099.0
13069,1135.0
13070,1143.0
13071,1153.0
13072,1171.0
13073,1197.0
13074,1233.0
13075,1360.0
13076,1712.0
13077,2192.0
13078,2668.0
13079,3028.0
13080,3098.0
13081,2917.0
13082,2609.0
13083,2263.0
13084,1904.0
13085,1638.0
13086,1397.0
13087,1183.0
13088,1010.0
13089,935.0
13090,940.0
13091,1008.0
13092,1111.0
13093,1243.0
13094,1297.0
13095,1315.0
13096,1293.0
13097,1232.0
13098,1163.0
13099,1126.0
13100,1093.0
13101,1075.0
13102,1072.0
13103,1084.0
13104,1094.0
13105,1105.0
13106,1146.0
13107,1177.0
13108,1174.0
13109,1198.0
13110,1214.0
13111,1232.0
13112,1254.0
13113,1340.0
13114,1584.0
13115,2033.0
13116,2553.0
13117,3007.0
13118,3273.0
13119,3196.0
13120,2891.0
13121,2523.0
13122,2151.0
13123,1841.0
13124,1565.0
13125,1322.0
13126,1135.0
13127,982.0
13128,912.0
13129,912.0
13130,1003.0
13131,1078.0
13132,1196.0
13133,1253.0
13134,1250.0
13135,1221.0
13136,1148.0
13137,1085.0
13138,1051.0
13139,1040.0
13140,1023.0
13141,1019.0
13142,1039.0
13143,1045.0
13144,1099.0
13145,1120.0
13146,1131.0
13147,1156.0
13148,1172.0
13149,1200.0
13150,1214.0
13151,1245.0
13152,1271.0
13153,1310.0
13154,1342.0
13155,1369.0
13156,1360.0
13157,1379.0
13158,1421.0
13159,1594.0
13160,1965.0
13161,2500.0
13162,3057.0
13163,3583.0
13164,3701.0
13165,3441.0
13166,2963.0
13167,2537.0
13168,2147.0
13169,1808.0
13170,1535.0
13171,1312.0
13172,1122.0
13173,1001.0
13174,942.0
13175,941.0
13176,991.0
13177,1087.0
13178,1189.0
13179,1243.0
13180,1233.0
13181,1211.0
13182,1138.0
13183,1089.0
13184,1060.0
13185,1031.0
13186,1002.0
13187,1008.0
13188,1023.0
13189,1073.0
13190,1100.0
13191,1106.0
13192,1136.0
13193,1162.0
13194,1178.0
13195,1211.0
13196,1233.0
13197,1255.0
13198,1285.0
13199,1321.0
13200,1344.0
13201,1364.0
13202,1379.0
13203,1437.0
13204,1674.0
13205,2106.0
13206,2637.0
13207,3186.0
13208,3599.0
13209,3557.0
13210,3226.0
13211,2786.0
13212,2377.0
13213,2013.0
13214,1708.0
13215,1437.0
13216,1219.0
13217,1051.0
13218,957.0
13219,942.0
13220,976.0
13221,1083.0
13222,1164.0
13223,1248.0
13224,1274.0
13225,1263.0
13226,1223.0
13227,1149.0
13228,1.0
13229,2851.0
13230,2549.0
13231,2215.0
13232,1904.0
13233,1637.0
13234,1417.0
13235,1227.0
13236,1087.0
13237,1008.0
13238,1022.0
13239,1082.0
13240,1190.0
13241,1317.0
13242,1378.0
13243,1367.0
13244,1345.0
13245,1270.0
13246,1200.0
13247,1163.0
13248,1126.0
13249,1106.0
13250,1127.0
13251,1127.0
13252,1143.0
13253,1195.0
13254,1201.0
13255,1220.0
13256,1233.0
13257,1254.0
13258,1259.0
13259,1269.0
13260,1347.0
13261,1586.0
13262,1991.0
13263,2478.0
13264,2877.0
13265,3085.0
13266,2997.0
13267,2732.0
13268,2400.0
13269,2081.0
13270,1772.0
13271,1535.0
13272,1333.0
13273,1191.0
13274,1067.0
13275,1010.0
13276,1035.0
13277,1107.0
13278,1179.0
13279,1311.0
13280,1326.0
13281,1306.0
13282,1237.0
13283,1162.0
13284,1116.0
13285,1103.0
13286,1077.0
13287,1082.0
13288,1088.0
13289,1089.0
13290,1157.0
13291,1168.0
13292,1188.0
13293,1198.0
13294,1199.0
13295,1227.0
13296,1226.0
13297,1254.0
13298,1359.0
13299,1678.0
13300,2160.0
13301,2656.0
13302,3067.0
13303,3225.0
13304,3051.0
13305,2730.0
13306,2384.0
13307,2062.0
13308,1782.0
13309,1569.0
13310,1382.0
13311,1216.0
13312,1083.0
13313,1007.0
13314,1009.0
13315,1059.0
13316,1136.0
13317,1200.0
13318,1248.0
13319,1230.0
13320,1166.0
13321,1101.0
13322,1065.0
13323,1023.0
13324,1005.0
13325,1008.0
13326,1023.0
13327,1043.0
13328,1078.0
13329,1104.0
13330,1130.0
13331,1149.0
13332,1173.0
13333,1197.0
13334,1209.0
13335,1230.0
13336,1243.0
13337,1270.0
13338,1264.0
13339,1306.0
13340,1363.0
13341,1597.0
13342,2065.0
13343,2559.0
13344,3102.0
13345,3394.0
13346,3280.0
13347,2945.0
13348,2591.0
13349,2233.0
13350,1911.0
13351,1681.0
13352,1473.0
13353,1299.0
13354,1151.0
13355,1060.0
13356,1035.0
13357,1063.0
13358,1134.0
13359,1232.0
13360,1297.0
13361,1296.0
13362,1263.0
13363,1199.0
13364,1129.0
13365,1087.0
13366,1073.0
13367,1045.0
13368,1040.0
13369,1058.0
13370,1066.0
13371,1075.0
13372,1129.0
13373,1141.0
13374,1165.0
13375,1173.0
13376,1187.0
13377,1221.0
13378,1227.0
13379,1268.0
13380,1373.0
13381,1690.0
13382,2142.0
13383,2624.0
13384,2956.0
13385,3043.0
13386,2864.0
13387,2549.0
13388,2223.0
13389,1882.0
13390,1638.0
13391,1424.0
13392,1233.0
13393,1089.0
13394,1007.0
13395,998.0
13396,1069.0
13397,1168.0
13398,1294.0
13399,1356.0
13400,1351.0
13401,1296.0
13402,1239.0
13403,1169.0
13404,1136.0
13405,1113.0
13406,1104.0
13407,1104.0
13408,1120.0
13409,1131.0
13410,1155.0
13411,1180.0
13412,1200.0
13413,1205.0
13414,1218.0
13415,1223.0
13416,1231.0
13417,1261.0
13418,1403.0
13419,1780.0
13420,2271.0
13421,2745.0
13422,3094.0
13423,3107.0
13424,2879.0
13425,2532.0
13426,2170.0
13427,1841.0
13428,1593.0
13429,1381.0
13430,1200.0
13431,1059.0
13432,976.0
13433,963.0
13434,1015.0
13435,1122.0
13436,1233.0
13437,1270.0
13438,1280.0
13439,1232.0
13440,1150.0
13441,1084.0
13442,1050.0
13443,1039.0
13444,1040.0
13445,1040.0
13446,1047.0
13447,1084.0
13448,1122.0
13449,1136.0
13450,1155.0
13451,1176.0
13452,1184.0
13453,1216.0
13454,1221.0
13455,1245.0
13456,1264.0
13457,1277.0
13458,1360.0
13459,1651.0
13460,2154.0
13461,2702.0
13462,3188.0
13463,3402.0
13464,3225.0
13465,2848.0
13466,2473.0
13467,2111.0
13468,1799.0
13469,1583.0
13470,1381.0
13471,1218.0
13472,1061.0
13473,974.0
13474,944.0
13475,989.0
13476,1069.0
13477,1153.0
13478,1199.0
13479,1200.0
13480,1166.0
13481,1082.0
13482,1018.0
13483,979.0
13484,955.0
13485,942.0
13486,943.0
13487,955.0
13488,973.0
13489,1023.0
13490,1046.0
13491,1083.0
13492,1101.0
13493,1135.0
13494,1153.0
13495,1191.0
13496,1214.0
13497,1245.0
13498,1273.0
13499,1296.0
13500,1311.0
13501,1341.0
13502,1358.0
13503,1379.0
13504,1389.0
13505,1424.0
13506,1627.0
13507,2080.0
13508,2646.0
13509,3278.0
13510,3647.0
13511,3632.0
13512,3219.0
13513,2769.0
13514,2359.0
13515,2003.0
13516,1722.0
13517,1477.0
13518,1273.0
13519,1115.0
13520,1011.0
13521,984.0
13522,1023.0
13523,1107.0
13524,1204.0
13525,1268.0
13526,1264.0
13527,1232.0
13528,1141.0
13529,1091.0
13530,1035.0
13531,1018.0
13532,987.0
13533,987.0
13534,970.0
13535,1002.0
13536,1023.0
13537,1075.0
13538,1089.0
13539,1101.0
13540,1131.0
13541,1143.0
13542,1162.0
13543,1179.0
13544,1211.0
13545,1243.0
13546,1255.0
13547,1296.0
13548,1455.0
13549,1826.0
13550,2336.0
13551,2848.0
13552,3243.0
13553,3303.0
13554,3053.0
13555,2671.0
13556,2295.0
13557,1943.0
13558,1666.0
13559,1424.0
13560,1222.0
13561,1072.0
13562,976.0
13563,971.0
13564,1015.0
13565,1110.0
13566,1233.0
13567,1292.0
13568,1306.0
13569,1264.0
13570,1184.0
13571,1127.0
13572,1073.0
13573,1053.0
13574,1012.0
13575,1023.0
13576,1040.0
13577,1068.0
13578,1099.0
13579,1122.0
13580,1130.0
13581,1146.0
13582,1152.0
13583,1175.0
13584,1196.0
13585,1217.0
13586,1232.0
13587,1264.0
13588,1359.0
13589,1648.0
13590,2163.0
13591,2704.0
13592,3169.0
13593,3387.0
13594,3229.0
13595,2874.0
13596,2481.0
13597,2127.0
13598,1805.0
13599,1554.0
13600,1335.0
13601,1169.0
13602,1022.0
13603,944.0
13604,925.0
13605,976.0
13606,1072.0
13607,1155.0
13608,1219.0
13609,1215.0
13610,1195.0
13611,1104.0
13612,1060.0
13613,1015.0
13614,991.0
13615,983.0
13616,981.0
13617,993.0
13618,1011.0
13619,1065.0
13620,1090.0
13621,1106.0
13622,1126.0
13623,1136.0
13624,1170.0
13625,1198.0
13626,1203.0
13627,1227.0
13628,1251.0
13629,1280.0
13630,1321.0
13631,1343.0
13632,1360.0
13633,1382.0
13634,1389.0
13635,1407.0
13636,1467.0
13637,1728.0
13638,2219.0
13639,2791.0
13640,3407.0
13641,3786.0
13642,3728.0
13643,3278.0
13644,2797.0
13645,2366.0
13646,2010.0
13647,1712.0
13648,1478.0
13649,1278.0
13650,1104.0
13651,997.0
13652,949.0
13653,977.0
13654,1053.0
13655,1141.0
13656,1221.0
13657,1238.0
13658,1229.0
13659,1177.0
13660,1094.0
13661,1041.0
13662,997.0
13663,976.0
13664,975.0
13665,995.0
13666,999.0
13667,1023.0
13668,1067.0
13669,1090.0
13670,1104.0
13671,1127.0
13672,1141.0
13673,1171.0
13674,1200.0
13675,1222.0
13676,1231.0
13677,1277.0
13678,1296.0
13679,1326.0
13680,1344.0
13681,1354.0
13682,1386.0
13683,1429.0
13684,1616.0
13685,2064.0
13686,2608.0
13687,3163.0
13688,3542.0
13689,3569.0
13690,3216.0
13691,2800.0
13692,2384.0
13693,2007.0
13694,1705.0
13695,1438.0
13696,1210.0
13697,1046.0
13698,967.0
13699,945.0
13700,1023.0
13701,1136.0
13702,1278.0
13703,1348.0
13704,1360.0
13705,1345.0
13706,1300.0
13707,1216.0
13708,1167.0
13709,1119.0
13710,1103.0
13711,1074.0
13712,1056.0
13713,1063.0
13714,1072.0
13715,1101.0
13716,1141.0
13717,1149.0
13718,1155.0
13719,1188.0
13720,1201.0
13721,1235.0
13722,1258.0
13723,1266.0
13724,1309.0
13725,1447.0
13726,1803.0
13727,2323.0
13728,2877.0
13729,3315.0
13730,3483.0
13731,3249.0
13732,2871.0
13733,2446.0
13734,2100.0
13735,1751.0
13736,1488.0
13737,1264.0
13738,1091.0
13739,951.0
13740,920.0
13741,934.0
13742,1001.0
13743,1127.0
13744,1220.0
13745,1255.0
13746,1231.0
13747,1193.0
13748,1104.0
13749,1059.0
13750,1019.0
13751,1003.0
13752,981.0
13753,990.0
13754,1014.0
13755,1040.0
13756,1087.0
13757,1093.0
13758,1114.0
13759,1121.0
13760,1152.0
13761,1163.0
13762,1185.0
13763,1203.0
13764,1226.0
13765,1250.0
13766,1286.0
13767,1396.0
13768,1759.0
13769,2293.0
13770,2889.0
13771,3437.0
13772,3670.0
13773,3456.0
13774,3034.0
13775,2608.0
13776,2224.0
13777,1872.0
13778,1590.0
13779,1333.0
13780,1142.0
13781,977.0
13782,880.0
13783,866.0
13784,902.0
13785,985.0
13786,1097.0
13787,1169.0
13788,1191.0
13789,1173.0
13790,1143.0
13791,1064.0
13792,1018.0
13793,993.0
13794,958.0
13795,972.0
13796,971.0
13797,976.0
13798,1023.0
13799,1055.0
13800,1079.0
13801,1083.0
13802,1107.0
13803,1152.0
13804,1163.0
13805,1195.0
13806,1209.0
13807,1233.0
13808,1263.0
13809,1359.0
13810,1647.0
13811,2134.0
13812,2675.0
13813,3170.0
13814,3440.0
13815,3326.0
13816,2970.0
13817,2592.0
13818,2195.0
13819,1835.0
13820,1535.0
13821,1294.0
13822,1089.0
13823,953.0
13824,889.0
13825,914.0
13826,992.0
13827,1139.0
13828,1241.0
13829,1291.0
13830,1306.0
13831,1277.0
13832,1235.0
13833,1151.0
13834,1109.0
13835,1083.0
13836,1055.0
13837,1047.0
13838,1055.0
13839,1072.0
13840,1116.0
13841,1154.0
13842,1159.0
13843,1168.0
13844,1200.0
13845,1229.0
13846,1243.0
13847,1261.0
13848,1269.0
13849,1310.0
13850,1456.0
13851,1818.0
13852,2343.0
13853,2867.0
13854,3287.0
13855,3419.0
13856,3177.0
13857,2811.0
13858,2425.0
13859,2041.0
13860,1715.0
13861,1427.0
13862,1209.0
13863,1012.0
13864,913.0
13865,875.0
13866,903.0
13867,989.0
13868,1130.0
13869,1203.0
13870,1248.0
13871,1219.0
13872,1180.0
13873,1117.0
13874,1062.0
13875,1022.0
13876,1006.0
13877,995.0
13878,1004.0
13879,1014.0
13880,1062.0
13881,1086.0
13882,1092.0
13883,1115.0
13884,1130.0
13885,1143.0
13886,1173.0
13887,1187.0
13888,1216.0
13889,1258.0
13890,1252.0
13891,1281.0
13892,1298.0
13893,1387.0
13894,1691.0
13895,2216.0
13896,2801.0
13897,3387.0
13898,3723.0
13899,3575.0
13900,3152.0
13901,2685.0
13902,2262.0
13903,1920.0
13904,1603.0
13905,1365.0
13906,1153.0
13907,993.0
13908,891.0
13909,861.0
13910,906.0
13911,990.0
13912,1114.0
13913,1175.0
13914,1197.0
13915,1181.0
13916,1148.0
13917,1082.0
13918,1023.0
13919,982.0
13920,958.0
13921,955.0
13922,955.0
13923,970.0
13924,1004.0
13925,1042.0
13926,1040.0
13927,1059.0
13928,1093.0
13929,1104.0
13930,1125.0
13931,1143.0
13932,1169.0
13933,1214.0
13934,1221.0
13935,1243.0
13936,1271.0
13937,1300.0
13938,1325.0
13939,1344.0
13940,1348.0
13941,1423.0
13942,1648.0
13943,2113.0
13944,2671.0
13945,3232.0
13946,3636.0
13947,3607.0
13948,3266.0
13949,2827.0
13950,2423.0
13951,2062.0
13952,1733.0
13953,1475.0
13954,1265.0
13955,1069.0
13956,947.0
13957,912.0
13958,939.0
13959,1001.0
13960,1102.0
13961,1199.0
13962,1241.0
13963,1222.0
13964,1187.0
13965,1107.0
13966,1057.0
13967,1021.0
13968,998.0
13969,987.0
13970,976.0
13971,982.0
13972,983.0
13973,1036.0
13974,1065.0
13975,1075.0
13976,1088.0
13977,1113.0
13978,1135.0
13979,1153.0
13980,1188.0
13981,1213.0
13982,1250.0
13983,1292.0
13984,1293.0
13985,1328.0
13986,1328.0
13987,1376.0
13988,1572.0
13989,1941.0
13990,2435.0
13991,2922.0
13992,3280.0
13993,3333.0
13994,3107.0
13995,2754.0
13996,2391.0
13997,2064.0
13998,1738.0
13999,1485.0
14000,1264.0
14001,1097.0
14002,991.0
14003,976.0
14004,1023.0
14005,1134.0
14006,1255.0
14007,1337.0
14008,1366.0
14009,1371.0
14010,1331.0
14011,1243.0
14012,1197.0
14013,1158.0
14014,1136.0
14015,1106.0
14016,1104.0
14017,1103.0
14018,1104.0
14019,1104.0
14020,1119.0
14021,1158.0
14022,1171.0
14023,1184.0
14024,1194.0
14025,1207.0
14026,1231.0
14027,1244.0
14028,1264.0
14029,1328.0
14030,1534.0
14031,1927.0
14032,2444.0
14033,2899.0
14034,3247.0
14035,3247.0
14036,3030.0
14037,2695.0
14038,2321.0
14039,1987.0
14040,1701.0
14041,1456.0
14042,1239.0
14043,1073.0
14044,989.0
14045,944.0
14046,978.0
14047,1081.0
14048,1177.0
14049,1247.0
14050,1278.0
14051,1265.0
14052,1232.0
14053,1146.0
14054,1104.0
14055,1065.0
14056,1039.0
14057,1017.0
14058,1008.0
14059,1008.0
14060,1011.0
14061,1071.0
14062,1101.0
14063,1103.0
14064,1128.0
14065,1147.0
14066,1168.0
14067,1184.0
14068,1214.0
14069,1234.0
14070,1256.0
14071,1301.0
14072,1467.0
14073,1858.0
14074,2371.0
14075,2886.0
14076,3279.0
14077,3408.0
14078,3195.0
14079,2844.0
14080,2480.0
14081,2142.0
14082,1826.0
14083,1565.0
14084,1349.0
14085,1167.0
14086,1013.0
14087,930.0
14088,926.0
14089,972.0
14090,1058.0
14091,1162.0
14092,1198.0
14093,1202.0
14094,1184.0
14095,1141.0
14096,1074.0
14097,1023.0
14098,983.0
14099,970.0
14100,958.0
14101,957.0
14102,967.0
14103,1015.0
14104,1035.0
14105,1066.0
14106,1074.0
14107,1091.0
14108,1117.0
14109,1154.0
14110,1166.0
14111,1200.0
14112,1222.0
14113,1291.0
14114,1499.0
14115,1930.0
14116,2438.0
14117,2909.0
14118,3237.0
14119,3275.0
14120,3007.0
14121,2674.0
14122,2315.0
14123,1981.0
14124,1694.0
14125,1453.0
14126,1231.0
14127,1060.0
14128,939.0
14129,912.0
14130,933.0
14131,1004.0
14132,1103.0
14133,1199.0
14134,1229.0
14135,1229.0
14136,1199.0
14137,1167.0
14138,1092.0
14139,1077.0
14140,1053.0
14141,1041.0
14142,1035.0
14143,1023.0
14144,1041.0
14145,1074.0
14146,1096.0
14147,1107.0
14148,1117.0
14149,1144.0
14150,1155.0
14151,1168.0
14152,1203.0
14153,1293.0
14154,1559.0
14155,1995.0
14156,2481.0
14157,2886.0
14158,3095.0
14159,3034.0
14160,2774.0
14161,2454.0
14162,2128.0
14163,1828.0
14164,1535.0
14165,1310.0
14166,1125.0
14167,994.0
14168,954.0
14169,975.0
14170,1057.0
14171,1152.0
14172,1258.0
14173,1286.0
14174,1279.0
14175,1234.0
14176,1182.0
14177,1121.0
14178,1089.0
14179,1060.0
14180,1044.0
14181,1041.0
14182,1050.0
14183,1061.0
14184,1110.0
14185,1109.0
14186,1136.0
14187,1135.0
14188,1138.0
14189,1143.0
14190,1167.0
14191,1274.0
14192,1535.0
14193,2006.0
14194,2503.0
14195,2896.0
14196,3101.0
14197,3029.0
14198,2769.0
14199,2429.0
14200,2103.0
14201,1796.0
14202,1531.0
14203,1326.0
14204,1131.0
14205,976.0
14206,886.0
14207,869.0
14208,912.0
14209,987.0
14210,1095.0
14211,1138.0
14212,1143.0
14213,1131.0
14214,1072.0
14215,1008.0
14216,979.0
14217,956.0
14218,947.0
14219,951.0
14220,962.0
14221,1012.0
14222,1042.0
14223,1043.0
14224,1082.0
14225,1105.0
14226,1117.0
14227,1157.0
14228,1174.0
14229,1191.0
14230,1217.0
14231,1261.0
14232,1411.0
14233,1773.0
14234,2273.0
14235,2787.0
14236,3195.0
14237,3334.0
14238,3158.0
14239,2807.0
14240,2451.0
14241,2103.0
14242,1789.0
14243,1562.0
14244,1329.0
14245,1136.0
14246,965.0
14247,892.0
14248,860.0
14249,885.0
14250,927.0
14251,1015.0
14252,1079.0
14253,1094.0
14254,1073.0
14255,1023.0
14256,977.0
14257,928.0
14258,925.0
14259,923.0
14260,916.0
14261,938.0
14262,973.0
14263,1002.0
14264,1040.0
14265,1056.0
14266,1077.0
14267,1104.0
14268,1123.0
14269,1153.0
14270,1175.0
14271,1199.0
14272,1221.0
14273,1296.0
14274,1498.0
14275,1923.0
14276,2433.0
14277,2893.0
14278,3229.0
14279,3230.0
14280,2946.0
14281,2612.0
14282,2261.0
14283,1926.0
14284,1648.0
14285,1411.0
14286,1201.0
14287,1019.0
14288,912.0
14289,880.0
14290,907.0
14291,975.0
14292,1070.0
14293,1151.0
14294,1184.0
14295,1175.0
14296,1130.0
14297,1074.0
14298,1017.0
14299,990.0
14300,974.0
14301,979.0
14302,987.0
14303,986.0
14304,1054.0
14305,1075.0
14306,1086.0
14307,1105.0
14308,1123.0
14309,1139.0
14310,1152.0
14311,1209.0
14312,1360.0
14313,1715.0
14314,2160.0
14315,2631.0
14316,2971.0
14317,3036.0
14318,2864.0
14319,2554.0
14320,2209.0
14321,1874.0
14322,1590.0
14323,1358.0
14324,1149.0
14325,981.0
14326,897.0
14327,878.0
14328,937.0
14329,1035.0
14330,1154.0
14331,1218.0
14332,1222.0
14333,1199.0
14334,1135.0
14335,1088.0
14336,1047.0
14337,1015.0
14338,993.0
14339,1002.0
14340,1008.0
14341,1018.0
14342,1086.0
14343,1092.0
14344,1105.0
14345,1130.0
14346,1141.0
14347,1142.0
14348,1177.0
14349,1306.0
14350,1654.0
14351,2155.0
14352,2652.0
14353,3041.0
14354,3178.0
14355,2973.0
14356,2640.0
14357,2279.0
14358,1936.0
14359,1662.0
14360,1408.0
14361,1210.0
14362,1017.0
14363,898.0
14364,834.0
14365,848.0
14366,971.5
14367,1095.0
14368,1113.0
14369,1095.0
14370,1046.0
14371,976.0
14372,945.0
14373,923.0
14374,920.0
14375,915.0
14376,934.0
14377,981.0
14378,1008.0
14379,1023.0
14380,1047.0
14381,1072.0
14382,1103.0
14383,1134.0
14384,1136.0
14385,1153.0
14386,1175.0
14387,1246.0
14388,1511.0
14389,1968.0
14390,2505.0
14391,2943.0
14392,3163.0
14393,3090.0
14394,2771.0
14395,2423.0
14396,2070.0
14397,1763.0
14398,1511.0
14399,1296.0
14400,1115.0
14401,933.0
14402,829.0
14403,801.0
14404,816.0
14405,871.0
14406,944.0
14407,1035.0
14408,1065.0
14409,1039.0
14410,1008.0
14411,1809.0
14412,1671.0
14413,1535.0
14414,1429.0
14415,1365.0
14416,1346.0
14417,1363.0
14418,1413.0
14419,1454.0
14420,1492.0
14421,1483.0
14422,1420.0
14423,1379.0
14424,1328.0
14425,1291.0
14426,1277.0
14427,1267.0
14428,1265.0
14429,1262.0
14430,1273.0
14431,1283.0
14432,1344.0
14433,1353.0
14434,1343.0
14435,1355.0
14436,1366.0
14437,1369.0
14438,1371.0
14439,1390.0
14440,1507.0
14441,1745.0
14442,2100.0
14443,2477.0
14444,2767.0
14445,2864.0
14446,2798.0
14447,2607.0
14448,2366.0
14449,2139.0
14450,1936.0
14451,1774.0
14452,1611.0
14453,1452.0
14454,1358.0
14455,1291.0
14456,1276.0
14457,1306.0
14458,1344.0
14459,1361.0
14460,1345.0
14461,1306.0
14462,1258.0
14463,1211.0
14464,1156.0
14465,1111.0
14466,1110.0
14467,1097.0
14468,1104.0
14469,1104.0
14470,1109.0
14471,1135.0
14472,1168.0
14473,1179.0
14474,1207.0
14475,1218.0
14476,1230.0
14477,1245.0
14478,1263.0
14479,1280.0
14480,1282.0
14481,1392.0
14482,1648.0
14483,2046.0
14484,2466.0
14485,2799.0
14486,2939.0
14487,2832.0
14488,2588.0
14489,2298.0
14490,2026.0
14491,1791.0
14492,1595.0
14493,1407.0
14494,1266.0
14495,1165.0
14496,1103.0
14497,1101.0
14498,1141.0
14499,1200.0
14500,1263.0
14501,1287.0
14502,1260.0
14503,1203.0
14504,1146.0
14505,1098.0
14506,1082.0
14507,1062.0
14508,1056.0
14509,1058.0
14510,1073.0
14511,1095.0
14512,1135.0
14513,1168.0
14514,1171.0
14515,1195.0
14516,1200.0
14517,1226.0
14518,1232.0
14519,1256.0
14520,1283.0
14521,1296.0
14522,1303.0
14523,1331.0
14524,1383.0
14525,1506.0
14526,1809.0
14527,2243.0
14528,2642.0
14529,2882.0
14530,2899.0
14531,2757.0
14532,2446.0
14533,2158.0
14534,1870.0
14535,1631.0
14536,1429.0
14537,1265.0
14538,1150.0
14539,1102.0
14540,1099.0
14541,1162.0
14542,1261.0
14543,1346.0
14544,1375.0
14545,1360.0
14546,1326.0
14547,1249.0
14548,1193.0
14549,1168.0
14550,1152.0
14551,1155.0
14552,1141.0
14553,1153.0
14554,1184.0
14555,1227.0
14556,1233.0
14557,1261.0
14558,1274.0
14559,1283.0
14560,1291.0
14561,1303.0
14562,1347.0
14563,1477.0
14564,1787.0
14565,2181.0
14566,2559.0
14567,2814.0
14568,2833.0
14569,2674.0
14570,2413.0
14571,2125.0
14572,1854.0
14573,1627.0
14574,1425.0
14575,1263.0
14576,1154.0
14577,1114.0
14578,1124.0
14579,1189.0
14580,1279.0
14581,1360.0
14582,1383.0
14583,1364.0
14584,1328.0
14585,1253.0
14586,1200.0
14587,1168.0
14588,1165.0
14589,1168.0
14590,1168.0
14591,1187.0
14592,1231.0
14593,1257.0
14594,1251.0
14595,1281.0
14596,1286.0
14597,1285.0
14598,1318.0
14599,1327.0
14600,1341.0
14601,1360.0
14602,1424.0
14603,1680.0
14604,2083.0
14605,2559.0
14606,2963.0
14607,3184.0
14608,3071.0
14609,2802.0
14610,2459.0
14611,2134.0
14612,1845.0
14613,1627.0
14614,1443.0
14615,1286.0
14616,1159.0
14617,1088.0
14618,1077.0
14619,1122.0
14620,1200.0
14621,1277.0
14622,1331.0
14623,1323.0
14624,1275.0
14625,1191.0
14626,1149.0
14627,1102.0
14628,1099.0
14629,1074.0
14630,1088.0
14631,1104.0
14632,1136.0
14633,1167.0
14634,1187.0
14635,1203.0
14636,1232.0
14637,1259.0
14638,1267.0
14639,1282.0
14640,1299.0
14641,1311.0
14642,1325.0
14643,1345.0
14644,1395.0
14645,1566.0
14646,1943.0
14647,2406.0
14648,2853.0
14649,3171.0
14650,3178.0
14651,2934.0
14652,2605.0
14653,2266.0
14654,1956.0
14655,1711.0
14656,1489.0
14657,1310.0
14658,1177.0
14659,1093.0
14660,1040.0
14661,1078.0
14662,1163.0
14663,1249.0
14664,1318.0
14665,1321.0
14666,1267.0
14667,1190.0
14668,1137.0
14669,1109.0
14670,1085.0
14671,1066.0
14672,1072.0
14673,1057.0
14674,1098.0
14675,1145.0
14676,1156.0
14677,1185.0
14678,1197.0
14679,1216.0
14680,1237.0
14681,1247.0
14682,1271.0
14683,1302.0
14684,1328.0
14685,1338.0
14686,1359.0
14687,1377.0
14688,1414.0
14689,1529.0
14690,1852.0
14691,2289.0
14692,2730.0
14693,3069.0
14694,3142.0
14695,2955.0
14696,2657.0
14697,2321.0
14698,1995.0
14699,1742.0
14700,1521.0
14701,1323.0
14702,1186.0
14703,1111.0
14704,1105.0
14705,1158.0
14706,1247.0
14707,1359.0
14708,1407.0
14709,1425.0
14710,1377.0
14711,1345.0
14712,1255.0
14713,1217.0
14714,1190.0
14715,1174.0
14716,1168.0
14717,1174.0
14718,1174.0
14719,1205.0
14720,1232.0
14721,1237.0
14722,1245.0
14723,1264.0
14724,1275.0
14725,1278.0
14726,1323.0
14727,1477.0
14728,1793.0
14729,2214.0
14730,2621.0
14731,2871.0
14732,2905.0
14733,2731.0
14734,2458.0
14735,2156.0
14736,1872.0
14737,1639.0
14738,1442.0
14739,1265.0
14740,1159.0
14741,1109.0
14742,1153.0
14743,1218.0
14744,1345.0
14745,1424.0
14746,1462.0
14747,1439.0
14748,1379.0
14749,1309.0
14750,1275.0
14751,1222.0
14752,1194.0
14753,1188.0
14754,1174.0
14755,1200.0
14756,1232.0
14757,1271.0
14758,1275.0
14759,1289.0
14760,1282.0
14761,1296.0
14762,1293.0
14763,1392.0
14764,1649.0
14765,2077.0
14766,2527.0
14767,2896.0
14768,3056.0
14769,2948.0
14770,2672.0
14771,2352.0
14772,2046.0
14773,1775.0
14774,1535.0
14775,1375.0
14776,1212.0
14777,1107.0
14778,1051.0
14779,1079.0
14780,1136.0
14781,1237.0
14782,1299.0
14783,1311.0
14784,1291.0
14785,1250.0
14786,1166.0
14787,1115.0
14788,1106.0
14789,1081.0
14790,1072.0
14791,1071.0
14792,1090.0
14793,1150.0
14794,1166.0
14795,1201.0
14796,1214.0
14797,1218.0
14798,1228.0
14799,1249.0
14800,1358.0
14801,1663.0
14802,2122.0
14803,2597.0
14804,2951.0
14805,3071.0
14806,2901.0
14807,2638.0
14808,2304.0
14809,1990.0
14810,1734.0
14811,1535.0
14812,1347.0
14813,1185.0
14814,1079.0
14815,1005.0
14816,1007.0
14817,1059.0
14818,1131.0
14819,1214.0
14820,1254.0
14821,1233.0
14822,1209.0
14823,1139.0
14824,1090.0
14825,1059.0
14826,1037.0
14827,1011.0
14828,1036.0
14829,1052.0
14830,1102.0
14831,1138.0
14832,1151.0
14833,1174.0
14834,1193.0
14835,1207.0
14836,1233.0
14837,1237.0
14838,1258.0
14839,1293.0
14840,1397.0
14841,1717.0
14842,2190.0
14843,2687.0
14844,3071.0
14845,3206.0
14846,3021.0
14847,2702.0
14848,2340.0
14849,2029.0
14850,1744.0
14851,1508.0
14852,1327.0
14853,1158.0
14854,1057.0
14855,999.0
14856,1021.0
14857,1088.0
14858,1157.0
14859,1255.0
14860,1291.0
14861,1265.0
14862,1232.0
14863,1161.0
14864,1120.0
14865,1098.0
14866,1085.0
14867,1070.0
14868,1064.0
14869,1088.0
14870,1133.0
14871,1146.0
14872,1159.0
14873,1187.0
14874,1213.0
14875,1218.0
14876,1217.0
14877,1233.0
14878,1285.0
14879,1446.0
14880,1810.0
14881,2277.0
14882,2707.0
14883,2981.0
14884,2992.0
14885,2783.0
14886,2462.0
14887,2125.0
14888,1813.0
14889,1566.0
14890,1360.0
14891,1154.0
14892,1023.0
14893,976.0
14894,994.0
14895,1093.0
14896,1216.0
14897,1312.0
14898,1360.0
14899,1349.0
14900,1306.0
14901,1232.0
14902,1177.0
14903,1143.0
14904,1126.0
14905,1124.0
14906,1132.0
14907,1149.0
14908,1181.0
14909,1205.0
14910,1224.0
14911,1229.0
14912,1227.0
14913,1229.0
14914,1259.0
14915,1359.0
14916,1619.0
14917,2062.0
14918,2511.0
14919,2830.0
14920,2937.0
14921,2771.0
14922,2466.0
14923,2115.0
14924,1779.0
14925,1513.0
14926,1303.0
14927,1147.0
14928,1008.0
14929,955.0
14930,969.0
14931,1055.0
14932,1175.0
14933,1286.0
14934,1332.0
14935,1333.0
14936,1286.0
14937,1244.0
14938,1153.0
14939,1116.0
14940,1106.0
14941,1111.0
14942,1120.0
14943,1153.0
14944,1200.0
14945,1211.0
14946,1235.0
14947,1257.0
14948,1267.0
14949,1274.0
14950,1268.0
14951,1286.0
14952,1317.0
14953,1501.0
14954,1888.0
14955,2373.0
14956,2827.0
14957,3121.0
14958,3105.0
14959,2858.0
14960,2518.0
14961,2178.0
14962,1855.0
14963,1627.0
14964,1422.0
14965,1243.0
14966,1098.0
14967,1014.0
14968,990.0
14969,1007.0
14970,1072.0
14971,1168.0
14972,1227.0
14973,1232.0
14974,1209.0
14975,1168.0
14976,1099.0
14977,1059.0
14978,1019.0
14979,1007.0
14980,1008.0
14981,1015.0
14982,1071.0
14983,1111.0
14984,1127.0
14985,1155.0
14986,1163.0
14987,1191.0
14988,1194.0
14989,1221.0
14990,1290.0
14991,1517.0
14992,1940.0
14993,2445.0
14994,2852.0
14995,3086.0
14996,3011.0
14997,2739.0
14998,2410.0
14999,2093.0
