timestamp,red
5034366,110736
5055366,110836
5075366,110935
5095366,110879
5115366,110456
5135366,110008
5155366,109782
5175366,109747
5195366,109844
5215366,109991
5235366,110158
5255366,110293
5276366,110429
5296366,110591
5316366,110749
5336366,110879
5356366,110958
5376366,110977
5396366,111020
5416366,111078
5436366,111150
5456366,111245
5476366,111384
5496366,111494
5517366,111588
5537366,111690
5557366,111798
5577366,111888
5597366,111989
5617366,112069
5637366,112163
5657366,112238
5677366,112094
5697366,111568
5717366,111016
5738366,110670
5758366,110615
5778366,110699
5798366,110804
5818366,110968
5838366,111071
5858366,111123
5878366,111229
5898366,111377
5918366,111454
5938366,111434
5959366,111364
5979366,111294
5999366,111287
6019366,111329
6039366,111396
6059366,111462
6079366,111543
6099366,111602
6119366,111684
6139366,111754
6159366,111791
6180366,111818
6200366,111907
6220366,112006
6240366,112040
6260366,111788
6280366,111199
6300366,110669
6320366,110369
6340366,110265
6360366,110287
6380366,110356
6400366,110472
6421366,110570
6441366,110676
6461366,110809
6481366,110929
6501366,111029
6521366,111031
6541366,110998
6561366,110982
6581366,110969
6601366,110983
6621366,111042
6642366,111090
6662366,111163
6682366,111236
6702366,111286
6722366,111312
6742366,111328
6762366,111355
6782366,111416
6802366,111515
6822366,111574
6842366,111427
6863366,110906
6883366,110345
6903366,109950
6923366,109816
6943366,109826
6963366,109899
6983366,109974
7003366,110023
7023366,110053
7043366,110092
7063366,110153
7084366,110206
7104366,110199
7124366,110148
7144366,110073
7164366,110023
7184366,109982
7204366,109972
7224366,110002
7244366,110080
7264366,110122
7284366,110175
7305366,110251
7325366,110290
7345366,110368
7365366,110427
7385366,110510
7405366,110596
7425366,110633
7445366,110594
7465366,110190
7485366,109649
7505366,109249
7525366,109048
7546366,109008
7566366,109061
7586366,109158
7606366,109238
7626366,109303
7646366,109374
7666366,109464
7686366,109533
7706366,109547
7726366,109522
7746366,109494
7767366,109452
7787366,109445
7807366,109474
7827366,109537
7847366,109620
7867366,109697
7887366,109779
7907366,109838
7927366,109889
7947366,109959
7967366,110009
7988366,110052
8008366,110114
8028366,110173
8048366,110187
8068366,109898
8088366,109388
8108366,108949
8128366,108730
8148366,108702
8168366,108756
8188366,108850
8209366,108974
8229366,109056
8249366,109174
8269366,109297
8289366,109393
8309366,109441
8329366,109424
8349366,109355
8369366,109312
8389366,109279
8409366,109319
8430366,109363
8450366,109431
8470366,109511
8490366,109584
8510366,109670
8530366,109748
8550366,109817
8570366,109901
8590366,109965
8610366,110026
8630366,109878
8650366,109402
8671366,108921
8691366,108622
8711366,108523
8731366,108565
8751366,108692
8771366,108823
8791366,108927
8811366,109060
8831366,109189
8851366,109312
8871366,109376
8892366,109377
8912366,109339
8932366,109315
8952366,109310
8972366,109341
8992366,109419
9012366,109501
9032366,109587
9052366,109675
9072366,109747
9092366,109818
9113366,109904
9133366,109969
9153366,110046
9173366,110041
9193366,109695
9213366,109143
9233366,108645
9253366,108384
9273366,108321
9293366,108366
9313366,108473
9334366,108567
9354366,108680
9374366,108784
9394366,108918
9414366,109048
9434366,109110
9454366,109097
9474366,109064
9494366,108999
9514366,109002
9534366,109054
9554366,109110
9575366,109183
9595366,109248
9615366,109337
9635366,109411
9655366,109493
9675366,109558
9695366,109633
9715366,109721
9735366,109566
9755366,109080
9775366,108522
9796366,108119
9816366,107959
9836366,107950
9856366,108035
9876366,108145
9896366,108242
9916366,108313
9936366,108433
9956366,108559
9976366,108693
9996366,108781
10017366,108800
10037366,108796
10057366,108796
10077366,108810
10097366,108879
10117366,108960
10137366,109035
10157366,109117
10177366,109205
10197366,109277
10217366,109377
10238366,109472
10258366,109547
10278366,109598
10298366,109439
10318366,108917
10338366,108333
10358366,107899
10378366,107711
10398366,107701
10418366,107756
10438366,107829
10459366,107936
10479366,108036
10499366,108161
10519366,108310
10539366,108437
10559366,108515
10579366,108520
10599366,108483
10619366,108456
10639366,108456
10659366,108501
10679366,108585
10700366,108665
10720366,108756
10740366,108864
10760366,108955
10780366,109058
10800366,109136
10820366,109211
10840366,109314
10860366,109378
10880366,109425
10900366,109145
10921366,108558
10941366,107972
10961366,107618
10981366,107523
11001366,107566
11021366,107659
11041366,107760
11061366,107867
11081366,107970
11101366,108088
11121366,108210
11142366,108313
11162366,108340
11182366,108343
11202366,108314
11222366,108300
11242366,108340
11262366,108400
11282366,108457
11302366,108552
11322366,108642
11342366,108722
11363366,108808
11383366,108899
11403366,108975
11423366,109053
11443366,109122
11463366,109198
11483366,109288
11503366,109354
11523366,109411
11543366,109298
11563366,108799
11583366,108188
11604366,107741
11624366,107545
11644366,107531
11664366,107613
11684366,107770
11704366,107937
11724366,108085
11744366,108265
11764366,108420
11784366,108511
11804366,108516
11825366,108463
11845366,108411
11865366,108386
11885366,108385
11905366,108430
11925366,108529
11945366,108627
11965366,108748
11985366,108848
12005366,108952
12025366,109019
12046366,109090
12066366,109158
12086366,109229
12106366,109300
12126366,109348
12146366,109118
12166366,108574
12186366,108040
12206366,107707
12226366,107610
12246366,107666
12266366,107806
12287366,107982
12307366,108160
12327366,108324
12347366,108499
12367366,108602
12387366,108608
12407366,108529
12427366,108440
12447366,108396
12467366,108400
12487366,108453
12508366,108546
12528366,108657
12548366,108765
12568366,108878
12588366,109010
12608366,109098
12628366,109177
12648366,109247
12668366,109320
12688366,109389
12708366,109390
12729366,108991
12749366,108348
12769366,107798
12789366,107502
12809366,107456
12829366,107523
12849366,107650
12869366,107783
12889366,107913
12909366,108057
12929366,108210
12950366,108339
12970366,108391
12990366,108369
13010366,108303
13030366,108254
13050366,108242
13070366,108288
13090366,108350
13110366,108439
13130366,108523
13150366,108599
13171366,108702
13191366,108792
13211366,108904
13231366,108984
13251366,109063
13271366,109133
13291366,109041
13311366,108520
13331366,107854
13351366,107352
13371366,107119
13391366,107113
13412366,107200
13432366,107299
13452366,107394
13472366,107469
13492366,107594
13512366,107716
13532366,107839
13552366,107906
13572366,107892
13592366,107829
13612366,107804
13633366,107844
13653366,107893
13673366,107972
13693366,108072
13713366,108178
13733366,108298
13753366,108400
13773366,108519
13793366,108605
13813366,108665
13833366,108750
13854366,108819
13874366,108883
13894366,108747
13914366,108197
13934366,107513
13954366,106986
13974366,106749
13994366,106718
14014366,106787
14034366,106895
14054366,107017
14075366,107106
14095366,107226
14115366,107369
14135366,107515
14155366,107607
14175366,107623
14195366,107608
14215366,107586
14235366,107588
14255366,107632
14275366,107725
14296366,107832
14316366,107947
14336366,108061
14356366,108188
14376366,108293
14396366,108394
14416366,108485
14436366,108551
14456366,108619
14476366,108680
14496366,108718
14516366,108760
14537366,108801
14557366,108841
14577366,108712
14597366,108165
14617366,107474
14637366,106942
14657366,106708
14677366,106707
14697366,106796
14717366,106915
14737366,107041
14758366,107158
14778366,107278
14798366,107440
14818366,107544
14838366,107586
14858366,107563
14878366,107529
14898366,107511
14918366,107510
14938366,107578
14958366,107671
14979366,107763
14999366,107874
15019366,107997
15039366,108093
15059366,108218
15079366,108318
15099366,108406
15119366,108493
15139366,108580
15159366,108649
15179366,108713
15200366,108771
15220366,108861
15240366,108922
15260366,108992
15280366,109075
15300366,109150
15320366,109217
15340366,109291
15360366,109372
15380366,109451
15400366,109329
15420366,108737
15441366,107992
15461366,107450
15481366,107200
15501366,107185
15521366,107297
15541366,107447
15561366,107593
15581366,107745
15601366,107873
15621366,108010
15641366,108104
15662366,108083
15682366,107997
15702366,107913
15722366,107845
15742366,107840
15762366,107869
15782366,107933
15802366,108007
15822366,108105
15842366,108216
15862366,108299
15883366,108388
15903366,108460
15923366,108536
15943366,108593
15963366,108671
15983366,108715
16003366,108774
16023366,108832
16043366,108913
16063366,108966
16083366,108914
16104366,108499
16124366,107900
16144366,107415
16164366,107179
16184366,107142
16204366,107240
16224366,107416
16244366,107578
16264366,107753
16284366,107914
16304366,108086
16324366,108182
16345366,108175
16365366,108096
16385366,107998
16405366,107944
16425366,107955
16445366,108004
16465366,108085
16485366,108176
16505366,108285
16525366,108381
16545366,108494
16566366,108573
16586366,108653
16606366,108741
16626366,108818
16646366,108884
16666366,108945
16686366,109012
16706366,109017
16726366,108662
16746366,108006
16766366,107423
16787366,107070
16807366,106975
16827366,107022
16847366,107134
16867366,107297
16887366,107440
16907366,107565
16927366,107708
16947366,107844
16967366,107879
16987366,107858
17008366,107802
17028366,107751
17048366,107736
17068366,107776
17088366,107844
17108366,107934
17128366,108015
17148366,108117
17168366,108223
17188366,108289
17208366,108375
17229366,108441
17249366,108525
17269366,108591
17289366,108668
17309366,108749
17329366,108799
17349366,108585
17369366,107959
17389366,107277
17409366,106766
17429366,106539
17450366,106525
17470366,106603
17490366,106755
17510366,106900
17530366,107052
17550366,107206
17570366,107367
17590366,107490
17610366,107557
17630366,107545
17650366,107500
17671366,107462
17691366,107452
17711366,107499
17731366,107570
17751366,107666
17771366,107779
17791366,107894
17811366,107980
17831366,108071
17851366,108173
17871366,108253
17891366,108331
17912366,108387
17932366,108448
17952366,108516
17972366,108542
17992366,108601
18012366,108377
18032366,107727
18052366,107027
18072366,106523
18092366,106302
18112366,106315
18133366,106426
18153366,106586
18173366,106738
18193366,106894
18213366,107060
18233366,107213
18253366,107319
18273366,107347
18293366,107312
18313366,107257
18333366,107210
18354366,107199
18374366,107231
18394366,107302
18414366,107379
18434366,107488
18454366,107603
18474366,107704
18494366,107798
18514366,107880
18534366,107953
18554366,108025
18575366,108094
18595366,108144
18615366,108231
18635366,108294
18655366,108373
18675366,108302
18695366,107829
18715366,107168
18735366,106657
18755366,106397
18775366,106389
18796366,106503
18816366,106673
18836366,106849
18856366,107010
18876366,107183
18896366,107358
18916366,107445
18936366,107450
18956366,107381
18976366,107305
18996366,107268
19017366,107272
19037366,107310
19057366,107412
19077366,107511
19097366,107636
19117366,107743
19137366,107864
19157366,107959
19177366,108059
19197366,108153
19217366,108250
19238366,108337
19258366,108405
19278366,108487
19298366,108374
19318366,107884
19338366,107266
19358366,106837
19378366,106654
19398366,106674
19418366,106813
19438366,106993
19459366,107177
19479366,107353
19499366,107552
19519366,107721
19539366,107783
19559366,107747
19579366,107651
19599366,107552
19619366,107514
19639366,107508
19659366,107564
19680366,107658
19700366,107761
19720366,107890
19740366,107968
19760366,108079
19780366,108173
19800366,108244
19820366,108314
19840366,108376
19860366,108437
19880366,108456
19901366,108205
19921366,107557
19941366,106914
19961366,106486
19981366,106357
20001366,106403
20021366,106534
20041366,106677
20061366,106839
20081366,106956
20101366,107115
20122366,107260
20142366,107313
20162366,107296
20182366,107209
20202366,107152
20222366,107137
20242366,107152
20262366,107221
20282366,107329
20302366,107434
20322366,107546
20343366,107657
20363366,107741
20383366,107837
20403366,107920
20423366,108018
20443366,108104
20463366,108163
20483366,108215
20503366,108105
20523366,107546
20543366,106813
20564366,106263
20584366,106006
20604366,105964
20624366,106032
20644366,106151
20664366,106279
20684366,106376
20704366,106487
20724366,106617
20744366,106730
20764366,106795
20785366,106789
20805366,106749
20825366,106696
20845366,106674
20865366,106725
20885366,106804
20905366,106911
20925366,107026
20945366,107152
20965366,107252
20985366,107369
21006366,107464
21026366,107553
21046366,107637
21066366,107710
21086366,107778
21106366,107849
21126366,107910
21146366,107954
21166366,107970
21186366,107670
21206366,106996
21226366,106314
21247366,105879
21267366,105737
21287366,105765
21307366,105854
21327366,105975
21347366,106109
21367366,106188
21387366,106293
21407366,106425
21427366,106505
21447366,106536
21468366,106514
21488366,106451
21508366,106428
21528366,106455
21548366,106525
21568366,106628
21588366,106735
21608366,106869
21628366,106977
21648366,107090
21668366,107203
21689366,107277
21709366,107352
21729366,107424
21749366,107497
21769366,107568
21789366,107648
21809366,107696
21829366,107766
21849366,107838
21869366,107920
21889366,107997
21910366,108099
21930366,108165
21950366,107913
21970366,107222
21990366,106560
22010366,106158
22030366,106079
22050366,106154
22070366,106291
22090366,106449
22110366,106606
22131366,106740
22151366,106882
22171366,107011
22191366,107043
22211366,107008
22231366,106919
22251366,106858
22271366,106838
22291366,106859
22311366,106940
22331366,107050
22352366,107172
22372366,107293
22392366,107411
22412366,107526
22432366,107638
22452366,107729
22472366,107813
22492366,107865
22512366,107905
22532366,107973
22552366,108019
22573366,108088
22593366,108160
22613366,108247
22633366,108173
22653366,107688
22673366,107083
22693366,106604
22713366,106400
22733366,106402
22753366,106530
22773366,106679
22794366,106843
22814366,107033
22834366,107269
22854366,107457
22874366,107550
22894366,107546
22914366,107467
22934366,107366
22954366,107313
22974366,107317
22994366,107373
23015366,107444
23035366,107538
23055366,107662
23075366,107770
23095366,107869
23115366,107965
23135366,108046
23155366,108110
23175366,108177
23195366,108226
23215366,108261
23236366,108315
23256366,108367
23276366,108340
23296366,107957
23316366,107278
23336366,106669
23356366,106329
23376366,106246
23396366,106321
23416366,106439
23436366,106576
23457366,106724
23477366,106827
23497366,106975
23517366,107119
23537366,107204
23557366,107223
23577366,107168
23597366,107112
23617366,107085
23637366,107104
23657366,107176
23678366,107264
23698366,107370
23718366,107477
23738366,107577
23758366,107675
23778366,107774
23798366,107844
23818366,107917
23838366,107981
23858366,108028
23878366,108079
23898366,108118
23919366,108171
23939366,108206
23959366,108252
23979366,108308
23999366,108113
24019366,107466
24039366,106726
24059366,106216
24079366,105980
24099366,105972
24119366,106068
24140366,106187
24160366,106307
24180366,106399
24200366,106484
24220366,106624
24240366,106749
24260366,106804
24280366,106802
24300366,106758
24320366,106727
24340366,106717
24361366,106774
24381366,106863
24401366,106969
24421366,107082
24441366,107213
24461366,107344
24481366,107438
24501366,107534
24521366,107627
24541366,107706
24561366,107770
24582366,107845
24602366,107907
24622366,107975
24642366,108043
24662366,108106
24682366,108164
24702366,108231
24722366,108313
24742366,108397
24762366,108406
24782366,108010
24803366,107233
24823366,106554
24843366,106170
24863366,106082
24883366,106162
24903366,106298
24923366,106465
24943366,106611
24963366,106716
24983366,106848
25003366,106969
25024366,107056
25044366,107058
25064366,106991
25084366,106920
25104366,106884
25124366,106900
25144366,106956
25164366,107068
25184366,107168
25204366,107277
25224366,107406
25245366,107496
25265366,107597
25285366,107704
25305366,107776
25325366,107858
25345366,107920
25365366,107968
25385366,108011
25405366,108062
25425366,108111
25445366,108186
25466366,108247
25486366,108328
25506366,108334
25526366,107975
25546366,107313
25566366,106741
25586366,106421
25606366,106367
25626366,106446
25646366,106617
25666366,106801
25687366,106981
25707366,107181
25727366,107363
25747366,107468
25767366,107474
25787366,107390
25807366,107281
25827366,107173
25847366,107120
25867366,107147
25887366,107218
25908366,107313
25928366,107411
25948366,107539
25968366,107651
25988366,107769
26008366,107857
26028366,107924
26048366,107992
26068366,108047
26088366,108091
26108366,108136
26129366,108221
26149366,108314
26169366,108325
26189366,107980
26209366,107347
26229366,106750
26249366,106418
26269366,106326
26289366,106405
26309366,106562
26329366,106733
26350366,106904
26370366,107096
26390366,107301
26410366,107434
26430366,107493
26450366,107452
26470366,107371
26490366,107310
26510366,107291
26530366,107294
26550366,107344
26571366,107427
26591366,107552
26611366,107674
26631366,107815
26651366,107941
26671366,108077
26691366,108180
26711366,108269
26731366,108351
26751366,108424
26771366,108488
26792366,108539
26812366,108605
26832366,108655
26852366,108653
26872366,108191
26892366,107407
26912366,106715
26932366,106312
26952366,106192
26972366,106229
26992366,106374
27013366,106507
27033366,106656
27053366,106776
27073366,106916
27093366,107065
27113366,107139
27133366,107169
27153366,107125
27173366,107055
27193366,107025
27213366,107035
27234366,107092
27254366,107166
27274366,107275
27294366,107399
27314366,107542
27334366,107670
27354366,107775
27374366,107876
27394366,107971
27414366,108048
27434366,108133
27455366,108189
27475366,108265
27495366,108333
27515366,108253
27535366,107754
27555366,107038
27575366,106457
27595366,106162
27615366,106110
27635366,106209
27655366,106366
27676366,106526
27696366,106678
27716366,106841
27736366,107008
27756366,107134
27776366,107192
27796366,107169
27816366,107112
27836366,107043
27856366,107041
27876366,107074
27897366,107156
27917366,107276
27937366,107388
27957366,107517
27977366,107657
27997366,107778
28017366,107888
28037366,107991
28057366,108084
28077366,108142
28097366,108216
28118366,108257
28138366,108324
28158366,108365
28178366,108424
28198366,108491
28218366,108444
28238366,107960
28258366,107197
28278366,106603
28298366,106308
28318366,106276
28339366,106381
28359366,106573
28379366,106779
28399366,106977
28419366,107168
28439366,107338
28459366,107444
28479366,107448
28499366,107356
28519366,107250
28539366,107171
28560366,107151
28580366,107193
28600366,107296
28620366,107416
28640366,107565
28660366,107707
28680366,107842
28700366,107958
28720366,108057
28740366,108165
28760366,108239
28781366,108313
28801366,108398
28821366,108470
28841366,108540
28861366,108550
28881366,108158
28901366,107487
28921366,106944
28941366,106659
28961366,106599
28981366,106693
29002366,106865
29022366,107070
29042366,107282
29062366,107506
29082366,107706
29102366,107824
29122366,107815
29142366,107734
29162366,107614
29182366,107506
29202366,107480
29223366,107508
29243366,107593
29263366,107686
29283366,107792
29303366,107920
29323366,108046
29343366,108144
29363366,108259
29383366,108344
29403366,108416
29423366,108496
29444366,108562
29464366,108474
29484366,107929
29504366,107167
29524366,106621
29544366,106358
29564366,106335
29584366,106437
29604366,106612
29624366,106810
29644366,107000
29665366,107191
29685366,107361
29705366,107480
29725366,107495
29745366,107419
29765366,107314
29785366,107221
29805366,107215
29825366,107266
29845366,107345
29865366,107478
29886366,107620
29906366,107747
29926366,107874
29946366,107993
29966366,108102
29986366,108217
30006366,108282
30026366,108359
30046366,108417
30066366,108484
30086366,108500
30107366,108158
30127366,107399
30147366,106679
30167366,106256
30187366,106119
30207366,106172
30227366,106285
30247366,106437
30267366,106594
30287366,106714
30307366,106857
30328366,106977
30348366,107079
30368366,107120
30388366,107076
30408366,107022
30428366,106992
30448366,107011
30468366,107072
30488366,107158
30508366,107279
30528366,107421
30549366,107556
30569366,107690
30589366,107838
30609366,107957
30629366,108063
30649366,108180
30669366,108273
30689366,108331
30709366,108375
30729366,108435
30749366,108357
30770366,107822
30790366,107052
30810366,106472
30830366,106190
30850366,106173
30870366,106290
30890366,106454
30910366,106636
30930366,106794
30950366,106960
30970366,107143
30991366,107280
31011366,107338
31031366,107331
31051366,107281
31071366,107251
31091366,107250
31111366,107289
31131366,107365
31151366,107481
31171366,107612
31191366,107749
31212366,107878
31232366,107999
31252366,108121
31272366,108236
31292366,108338
31312366,108434
31332366,108504
31352366,108568
31372366,108378
31392366,107774
31412366,107100
31433366,106645
31453366,106476
31473366,106513
31493366,106675
31513366,106892
31533366,107125
31553366,107339
31573366,107561
31593366,107737
31613366,107807
31633366,107759
31654366,107660
31674366,107564
31694366,107553
31714366,107586
31734366,107669
31754366,107781
31774366,107914
31794366,108034
31814366,108157
31834366,108265
31854366,108385
31875366,108476
31895366,108575
31915366,108680
31935366,108722
31955366,108420
31975366,107765
31995366,107198
32015366,106888
32035366,106796
32055366,106880
32075366,107044
32096366,107259
32116366,107494
32136366,107756
32156366,107970
32176366,108099
32196366,108103
32216366,108005
32236366,107881
32256366,107800
32276366,107787
32296366,107834
32317366,107916
32337366,108023
32357366,108146
32377366,108269
32397366,108402
32417366,108506
32437366,108598
32457366,108710
32477366,108819
32497366,108802
32517366,108325
32538366,107583
32558366,107008
32578366,106733
32598366,106699
32618366,106809
32638366,107001
32658366,107219
32678366,107462
32698366,107757
32718366,108005
32738366,108104
32759366,108082
32779366,107974
32799366,107860
32819366,107794
32839366,107806
32859366,107861
32879366,107943
32899366,108049
32919366,108166
32939366,108288
32959366,108401
32980366,108505
33000366,108608
33020366,108710
33040366,108805
33060366,108826
33080366,108389
33100366,107577
33120366,106888
33140366,106498
33160366,106381
33180366,106457
33201366,106635
33221366,106835
33241366,107031
33261366,107221
33281366,107411
33301366,107569
33321366,107645
33341366,107625
33361366,107548
33381366,107484
33401366,107453
33421366,107484
33442366,107563
33462366,107705
33482366,107821
33502366,107952
33522366,108110
33542366,108239
33562366,108357
33582366,108457
33602366,108555
33622366,108667
33642366,108746
33663366,108820
33683366,108696
33703366,108032
33723366,107206
33743366,106618
33763366,106341
33783366,106311
33803366,106431
33823366,106602
33843366,106799
33863366,106970
33884366,107130
33904366,107306
33924366,107442
33944366,107471
33964366,107444
33984366,107384
34004366,107331
34024366,107346
34044366,107395
34064366,107478
34084366,107590
34105366,107712
34125366,107848
34145366,108017
34165366,108131
34185366,108249
34205366,108372
34225366,108494
34245366,108664
34265366,108800
34285366,108908
34305366,109042
34326366,109138
34346366,109217
34366366,109291
34386366,109350
34406366,109336
34426366,108809
34446366,107858
34466366,107103
34486366,106651
34506366,106487
34526366,106532
34547366,106689
34567366,106880
34587366,107094
34607366,107284
34627366,107447
34647366,107575
34667366,107621
34687366,107584
34707366,107506
34727366,107436
34747366,107410
34768366,107434
34788366,107490
34808366,107617
34828366,107749
34848366,107899
34868366,108026
34888366,108132
34908366,108247
34928366,108366
34948366,108464
34968366,108545
34989366,108622
35009366,108691
35029366,108755
35049366,108810
35069366,108855
35089366,108920
35109366,108980
35129366,109045
35149366,109127
35169366,109176
35189366,108870
35210366,108084
35230366,107368
35250366,106972
35270366,106847
35290366,106920
35310366,107110
35330366,107332
35350366,107572
35370366,107804
35390366,108047
35410366,108200
35431366,108214
35451366,108130
35471366,108007
35491366,107904
35511366,107863
35531366,107881
35551366,107950
35571366,108055
35591366,108174
35611366,108315
35631366,108468
35652366,108594
35672366,108729
35692366,108822
35712366,108909
35732366,108983
35752366,109047
35772366,109126
35792366,109163
35812366,109221
35832366,109312
35852366,109268
35873366,108788
35893366,108073
35913366,107530
35933366,107257
35953366,107221
35973366,107339
35993366,107512
36013366,107735
36033366,107971
36053366,108236
36074366,108456
36094366,108576
36114366,108576
36134366,108463
36154366,108328
36174366,108224
36194366,108190
36214366,108228
36234366,108319
36254366,108428
36274366,108551
36295366,108690
36315366,108824
36335366,108958
36355366,109075
36375366,109195
36395366,109279
36415366,109368
36435366,109445
36455366,109521
36475366,109575
36495366,109497
36516366,108919
36536366,108094
36556366,107470
36576366,107125
36596366,107038
36616366,107124
36636366,107267
36656366,107477
36676366,107693
36696366,107879
36716366,108075
36737366,108235
36757366,108277
36777366,108251
36797366,108171
36817366,108096
36837366,108046
36857366,108051
36877366,108100
36897366,108207
36917366,108332
36937366,108452
36958366,108583
36978366,108714
36998366,108863
37018366,108987
37038366,109107
37058366,109197
37078366,109274
37098366,109343
37118366,109398
37138366,109451
37158366,109498
37178366,109562
37199366,109481
37219366,108880
37239366,107998
37259366,107320
37279366,106906
37299366,106761
37319366,106792
37339366,106949
37359366,107159
37379366,107354
37399366,107541
37420366,107718
37440366,107867
37460366,107940
37480366,107944
37500366,107882
37520366,107826
37540366,107797
37560366,107812
37580366,107879
37600366,107972
37620366,108111
37641366,108240
37661366,108387
37681366,108511
37701366,108652
37721366,108783
37741366,108893
37761366,108994
37781366,109069
37801366,109141
37821366,109211
37841366,109282
37862366,109346
37882366,109418
37902366,109501
37922366,109482
37942366,109048
37962366,108256
37982366,107596
38002366,107195
38022366,107055
38042366,107099
38062366,107249
38083366,107453
38103366,107662
38123366,107864
38143366,108073
38163366,108238
38183366,108301
38203366,108239
38223366,108141
38243366,108043
38263366,108005
38283366,108023
38304366,108094
38324366,108217
38344366,108360
38364366,108501
38384366,108652
38404366,108810
38424366,108930
38444366,109054
38464366,109173
38484366,109271
38504366,109365
38525366,109422
38545366,109488
38565366,109559
38585366,109598
38605366,109675
38625366,109721
38645366,109797
38665366,109881
38685366,109934
38705366,109703
38725366,108976
38746366,108257
38766366,107821
38786366,107656
38806366,107688
38826366,107849
38846366,108063
38866366,108299
38886366,108557
38906366,108784
38926366,108971
38946366,109039
38967366,108993
38987366,108857
39007366,108726
39027366,108652
39047366,108642
39067366,108691
39087366,108775
39107366,108896
39127366,109034
39147366,109154
39167366,109295
39188366,109420
39208366,109531
39228366,109620
39248366,109685
39268366,109767
39288366,109821
39308366,109873
39328366,109925
39348366,109936
39368366,109598
39388366,108895
39409366,108247
39429366,107869
39449366,107719
39469366,107764
39489366,107920
39509366,108146
39529366,108361
39549366,108619
39569366,108867
39589366,109040
39609366,109113
39630366,109059
39650366,108922
39670366,108806
39690366,108739
39710366,108741
39730366,108783
39750366,108867
39770366,108979
39790366,109082
39810366,109188
39830366,109303
39851366,109419
39871366,109509
39891366,109588
39911366,109663
39931366,109760
39951366,109816
39971366,109864
39991366,109906
40011366,109687
40031366,108954
40051366,108132
40072366,107583
40092366,107282
40112366,107207
40132366,107268
40152366,107438
40172366,107597
40192366,107759
40212366,107920
40232366,108082
40252366,108179
40272366,108207
40293366,108165
40313366,108095
40333366,108016
40353366,107983
40373366,108003
40393366,108072
40413366,108160
40433366,108280
40453366,108382
40473366,108512
40493366,108623
40514366,108728
40534366,108844
40554366,108952
40574366,109049
40594366,109121
40614366,109217
40634366,109275
40654366,109343
40674366,109414
40694366,109319
40714366,108735
40735366,107950
40755366,107356
40775366,107037
40795366,106964
40815366,107034
40835366,107182
40855366,107373
40875366,107544
40895366,107685
40915366,107852
40935366,107972
40956366,107998
40976366,107973
40996366,107894
41016366,107847
41036366,107839
41056366,107861
41076366,107935
41096366,108039
41116366,108152
41136366,108283
41157366,108395
41177366,108530
41197366,108668
41217366,108770
41237366,108867
41257366,108950
41277366,109023
41297366,109081
41317366,109151
41337366,109191
41357366,109250
41378366,109316
41398366,109354
41418366,109448
41438366,109503
41458366,109340
41478366,108681
41498366,107901
41518366,107396
41538366,107155
41558366,107131
41578366,107233
41599366,107400
41619366,107607
41639366,107777
41659366,107989
41679366,108153
41699366,108239
41719366,108229
41739366,108144
41759366,108035
41779366,107950
41799366,107943
41820366,107982
41840366,108085
41860366,108212
41880366,108344
41900366,108481
41920366,108620
41940366,108734
41960366,108829
41980366,108913
42000366,108984
42020366,109048
42040366,109117
42061366,109173
42081366,109225
42101366,109280
42121366,109339
42141366,109409
42161366,109478
42181366,109556
42201366,109551
42221366,109116
42241366,108388
42261366,107834
42282366,107513
42302366,107445
42322366,107509
42342366,107672
42362366,107878
42382366,108101
42402366,108329
42422366,108540
42442366,108674
42462366,108677
42482366,108561
42503366,108425
42523366,108309
42543366,108255
42563366,108272
42583366,108310
42603366,108402
42623366,108525
42643366,108640
42663366,108751
42683366,108884
42703366,108965
42724366,109059
42744366,109144
42764366,109239
42784366,109289
42804366,109358
42824366,109400
42844366,109437
42864366,109493
42884366,109549
42904366,109503
42924366,109053
42945366,108285
42965366,107675
42985366,107312
43005366,107201
43025366,107246
43045366,107371
43065366,107544
43085366,107725
43105366,107901
43125366,108074
43145366,108243
43166366,108298
43186366,108276
43206366,108200
43226366,108104
43246366,108078
43266366,108070
43286366,108142
43306366,108212
43326366,108336
43346366,108449
43366366,108584
43387366,108700
43407366,108809
43427366,108929
43447366,109041
43467366,109135
43487366,109217
43507366,109267
43527366,109328
43547366,109382
43567366,109431
43588366,109482
43608366,109514
43628366,109581
43648366,109640
43668366,109508
43688366,108860
43708366,108040
43728366,107422
43748366,107090
43768366,106962
43788366,107007
43809366,107126
43829366,107298
43849366,107445
43869366,107567
43889366,107715
43909366,107845
43929366,107913
43949366,107925
43969366,107898
43989366,107841
44009366,107806
44030366,107821
44050366,107886
44070366,107982
44090366,108110
44110366,108248
44130366,108379
44150366,108516
44170366,108621
44190366,108739
44210366,108823
44230366,108908
44251366,108985
44271366,109050
44291366,109124
44311366,109187
44331366,109247
44351366,109305
44371366,109361
44391366,109429
44411366,109476
44431366,109543
44451366,109633
44472366,109537
44492366,108945
44512366,108108
44532366,107474
44552366,107124
44572366,107017
44592366,107069
44612366,107205
44632366,107383
44652366,107558
44672366,107706
44693366,107849
44713366,107991
44733366,108061
44753366,108067
44773366,108044
44793366,107987
44813366,107950
44833366,107958
44853366,108013
44873366,108094
44893366,108225
44914366,108358
44934366,108493
44954366,108636
44974366,108762
44994366,108888
45014366,108984
45034366,109091
45054366,109162
45074366,109234
45094366,109309
45114366,109358
45135366,109417
45155366,109479
45175366,109541
45195366,109610
45215366,109676
45235366,109764
45255366,109837
45275366,109922
45295366,110013
45315366,110094
45335366,109877
45356366,109160
45376366,108368
45396366,107864
45416366,107625
45436366,107604
45456366,107726
45476366,107937
45496366,108163
45516366,108388
45536366,108625
45556366,108828
45577366,108975
45597366,108979
45617366,108900
45637366,108796
45657366,108690
45677366,108657
45697366,108672
45717366,108747
45737366,108862
45757366,108990
45777366,109142
45798366,109270
45818366,109420
45838366,109542
45858366,109650
45878366,109758
45898366,109850
45918366,109922
45938366,109976
45958366,110016
45978366,110081
45998366,110144
46019366,110188
46039366,110264
46059366,110346
46079366,110377
46099366,110078
46119366,109349
46139366,108678
46159366,108260
46179366,108077
46199366,108082
46220366,108225
46240366,108422
46260366,108633
46280366,108850
46300366,109075
46320366,109272
46340366,109344
46360366,109326
46380366,109218
46400366,109079
46420366,109008
46441366,108981
46461366,109004
46481366,109101
46501366,109210
46521366,109356
46541366,109494
46561366,109615
46581366,109735
46601366,109839
46621366,109929
46641366,110020
46662366,110095
46682366,110144
46702366,110199
46722366,110222
46742366,110235
46762366,110240
46782366,110136
46802366,109623
46822366,108777
46842366,108131
46862366,107745
46883366,107586
46903366,107591
46923366,107725
46943366,107890
46963366,108073
46983366,108262
47003366,108427
47023366,108574
47043366,108640
47063366,108655
47083366,108597
47104366,108505
47124366,108431
47144366,108414
47164366,108439
47184366,108534
47204366,108640
47224366,108772
47244366,108916
47264366,109044
47284366,109174
47304366,109285
47325366,109384
47345366,109479
47365366,109554
47385366,109609
47405366,109645
47425366,109691
47445366,109747
47465366,109775
47485366,109822
47505366,109859
47525366,109856
47546366,109476
47566366,108653
47586366,107922
47606366,107454
47626366,107254
47646366,107234
47666366,107330
47686366,107472
47706366,107627
47726366,107759
47746366,107874
47767366,107989
47787366,108110
47807366,108134
47827366,108080
47847366,108032
47867366,107980
47887366,107948
47907366,107980
47927366,108068
47947366,108149
47967366,108270
47988366,108376
48008366,108499
48028366,108617
48048366,108721
48068366,108822
48088366,108892
48108366,108959
48128366,109006
48148366,109045
48168366,109091
48188366,109129
48209366,109158
48229366,109220
48249366,109299
48269366,109386
48289366,109462
48309366,109550
48329366,109412
48349366,108780
48369366,107989
48389366,107397
48409366,107093
48430366,107003
48450366,107052
48470366,107183
48490366,107339
48510366,107486
48530366,107616
48550366,107752
48570366,107847
48590366,107872
48610366,107818
48630366,107744
48651366,107669
48671366,107623
48691366,107641
48711366,107700
48731366,107800
48751366,107906
48771366,107991
48791366,108106
48811366,108211
48831366,108308
48851366,108415
48872366,108478
48892366,108558
48912366,108614
48932366,108672
48952366,108737
48972366,108777
48992366,108819
49012366,108867
49032366,108928
49052366,108977
49072366,109032
49093366,109140
49113366,109066
49133366,108548
49153366,107846
49173366,107315
49193366,107006
49213366,106922
49233366,106989
49253366,107128
49273366,107277
49293366,107440
49314366,107631
49334366,107809
49354366,107928
49374366,107943
49394366,107880
49414366,107782
49434366,107681
49454366,107673
49474366,107690
49494366,107737
49514366,107814
49535366,107933
49555366,108077
49575366,108202
49595366,108328
49615366,108423
49635366,108504
49655366,108572
49675366,108644
49695366,108696
49715366,108723
49735366,108759
49756366,108806
49776366,108882
49796366,108953
49816366,108790
49836366,108225
49856366,107604
49876366,107147
49896366,106937
49916366,106907
49936366,106988
49956366,107130
49977366,107309
49997366,107494
50017366,107689
50037366,107865
50057366,107952
50077366,107940
50097366,107835
50117366,107721
50137366,107636
50157366,107629
50177366,107657
50198366,107713
50218366,107814
50238366,107913
50258366,108024
50278366,108149
50298366,108244
50318366,108317
50338366,108376
50358366,108428
50378366,108486
50398366,108551
50419366,108596
50439366,108668
50459366,108639
50479366,108243
50499366,107540
50519366,106909
50539366,106528
50559366,106354
50579366,106341
50599366,106437
50619366,106551
50640366,106690
50660366,106801
50680366,106917
50700366,107050
50720366,107129
50740366,107132
50760366,107088
50780366,107028
50800366,106969
50820366,106953
50841366,106980
50861366,107054
50881366,107157
50901366,107270
50921366,107388
50941366,107490
50961366,107596
50981366,107714
51001366,107791
51021366,107879
51041366,107966
51062366,108022
51082366,108082
51102366,108167
51122366,108230
51142366,108315
51162366,108401
51182366,108393
51202366,108007
51222366,107274
51242366,106620
51262366,106178
51283366,106007
51303366,105995
51323366,106079
51343366,106202
51363366,106321
51383366,106418
51403366,106520
51423366,106613
51443366,106687
51463366,106715
51483366,106715
51504366,106680
51524366,106635
51544366,106657
51564366,106692
51584366,106766
51604366,106872
51624366,106993
51644366,107089
51664366,107186
51684366,107262
51704366,107344
51725366,107432
51745366,107504
51765366,107577
51785366,107648
51805366,107727
51825366,107795
51845366,107867
51865366,107926
51885366,107960
51905366,108015
51925366,108085
51946366,108160
51966366,108204
51986366,107902
52006366,107158
52026366,106471
52046366,106036
52066366,105852
52086366,105861
52106366,105951
52126366,106107
52146366,106256
52167366,106374
52187366,106482
52207366,106613
52227366,106686
52247366,106732
52267366,106710
52287366,106676
52307366,106634
52327366,106636
52347366,106661
52367366,106749
52388366,106862
52408366,106962
52428366,107092
52448366,107197
52468366,107289
52488366,107382
52508366,107476
52528366,107529
52548366,107579
52568366,107625
52588366,107677
52609366,107709
52629366,107755
52649366,107793
52669366,107826
52689366,107885
52709366,107948
52729366,108013
52749366,108077
52769366,108168
52789366,108190
52809366,107813
52830366,107098
52850366,106466
52870366,106104
52890366,105967
52910366,106000
52930366,106140
52950366,106316
52970366,106490
52990366,106638
53010366,106806
53030366,106941
53051366,107008
53071366,106987
53091366,106910
53111366,106828
53131366,106807
53151366,106823
53171366,106874
53191366,106980
53211366,107094
53231366,107219
53251366,107349
53272366,107472
53292366,107573
53312366,107672
53332366,107759
53352366,107834
53372366,107881
53392366,107914
53412366,107957
53432366,108001
53452366,108038
53472366,108101
53493366,108175
53513366,108260
53533366,108056
53553366,107475
53573366,106846
53593366,106408
53613366,106195
53633366,106174
53653366,106280
53673366,106422
53693366,106577
53714366,106740
53734366,106931
53754366,107098
53774366,107157
53794366,107167
53814366,107102
53834366,107008
53854366,106943
53874366,106900
53894366,106916
53914366,106973
53935366,107050
53955366,107161
53975366,107287
53995366,107381
54015366,107494
54035366,107618
54055366,107693
54075366,107767
54095366,107832
54115366,107890
54135366,107934
54156366,107984
54176366,108038
54196366,108121
54216366,108176
54236366,108014
54256366,107393
54276366,106658
54296366,106100
54316366,105814
54336366,105743
54356366,105798
54377366,105919
54397366,106065
54417366,106200
54437366,106322
54457366,106484
54477366,106599
54497366,106677
54517366,106725
54537366,106701
54557366,106671
54577366,106638
54598366,106668
54618366,106726
54638366,106835
54658366,106966
54678366,107114
54698366,107245
54718366,107386
54738366,107522
54758366,107638
54778366,107731
54799366,107833
54819366,107909
54839366,107986
54859366,108048
54879366,108106
54899366,108179
54919366,108224
54939366,108287
54959366,108353
54979366,108287
54999366,107736
55020366,106933
55040366,106312
55060366,105969
55080366,105854
55100366,105892
55120366,106004
55140366,106144
55160366,106280
55180366,106402
55200366,106528
55220366,106646
55241366,106743
55261366,106778
55281366,106777
55301366,106755
55321366,106766
55341366,106779
55361366,106826
55381366,106918
55401366,107012
55421366,107127
55441366,107262
55462366,107395
55482366,107526
55502366,107635
55522366,107740
55542366,107820
55562366,107899
55582366,107970
55602366,108028
55622366,108087
55642366,108152
55663366,108215
55683366,108274
55703366,108340
55723366,108380
55743366,108189
55763366,107537
55783366,106806
55803366,106290
55823366,106050
55843366,106008
55863366,106082
55884366,106224
55904366,106380
55924366,106536
55944366,106673
55964366,106848
55984366,106955
56004366,106993
56024366,106956
56044366,106887
56064366,106801
56084366,106778
56105366,106793
56125366,106860
56145366,106961
56165366,107060
56185366,107185
56205366,107302
56225366,107402
56245366,107501
56265366,107609
56285366,107709
56305366,107785
56326366,107849
56346366,107914
56366366,107982
56386366,108048
56406366,108126
56426366,108163
56446366,108245
56466366,108336
56486366,108290
56506366,107808
56526366,107132
56547366,106610
56567366,106315
56587366,106238
56607366,106295
56627366,106439
56647366,106641
56667366,106823
56687366,107026
56707366,107224
56727366,107396
56747366,107445
56768366,107391
56788366,107296
56808366,107186
56828366,107122
56848366,107129
56868366,107175
56888366,107255
56908366,107377
56928366,107490
56948366,107612
56969366,107733
56989366,107852
57009366,107957
57029366,108028
57049366,108111
57069366,108184
57089366,108257
57109366,108308
57129366,108353
57149366,108415
57169366,108414
57190366,108057
57210366,107342
57230366,106714
57250366,106294
57270366,106145
57290366,106145
57310366,106253
57330366,106417
57350366,106609
57370366,106764
57390366,106943
57411366,107092
57431366,107159
57451366,107156
57471366,107077
57491366,106986
57511366,106929
57531366,106917
57551366,106950
57571366,107019
57591366,107121
57611366,107245
57632366,107359
57652366,107477
57672366,107602
57692366,107711
57712366,107820
57732366,107920
57752366,107988
57772366,108061
57792366,108125
57812366,108152
57832366,108208
57853366,108273
57873366,108277
57893366,107922
57913366,107155
57933366,106448
57953366,106012
57973366,105812
57993366,105799
58013366,105890
58033366,106034
58053366,106183
58074366,106327
58094366,106452
58114366,106590
58134366,106709
58154366,106764
58174366,106749
58194366,106706
58214366,106658
58234366,106635
58254366,106684
58275366,106753
58295366,106847
58315366,106980
58335366,107107
58355366,107231
58375366,107362
58395366,107475
58415366,107570
58435366,107652
58455366,107709
58475366,107770
58496366,107844
58516366,107885
58536366,107924
58556366,107971
58576366,107963
58596366,107552
58616366,106814
58636366,106192
58656366,105832
58676366,105696
58696366,105733
58717366,105837
58737366,106015
58757366,106179
58777366,106316
58797366,106485
58817366,106635
58837366,106724
58857366,106747
58877366,106723
58897366,106667
58917366,106652
58938366,106679
58958366,106732
58978366,106837
58998366,106962
59018366,107098
59038366,107229
59058366,107348
59078366,107483
59098366,107597
59118366,107702
59138366,107788
59159366,107855
59179366,107932
59199366,108002
59219366,108062
59239366,108150
59259366,108224
59279366,108293
59299366,108334
59319366,108052
59339366,107343
59359366,106662
59380366,106248
59400366,106091
59420366,106130
59440366,106259
59460366,106440
59480366,106630
59500366,106797
59520366,106969
59540366,107125
59560366,107175
59580366,107137
59601366,107050
59621366,106943
59641366,106887
59661366,106893
59681366,106940
59701366,107046
59721366,107151
59741366,107282
59761366,107410
59781366,107521
59801366,107619
59822366,107704
59842366,107778
59862366,107879
59882366,107925
59902366,107970
59922366,108044
59942366,108110
59962366,108183
59982366,108109
60002366,107655
60022366,107017
60043366,106507
60063366,106270
60083366,106230
60103366,106329
60123366,106520
60143366,106699
60163366,106886
60183366,107095
60203366,107266
60223366,107341
60244366,107320
60264366,107235
60284366,107140
60304366,107063
60324366,107036
60344366,107067
60364366,107146
60384366,107246
60404366,107352
60424366,107475
60444366,107577
60465366,107670
60485366,107736
60505366,107819
60525366,107869
60545366,107924
60565366,107980
60585366,108031
60605366,108045
60625366,107745
60645366,107056
60665366,106406
60686366,105967
60706366,105793
60726366,105810
60746366,105905
60766366,106065
60786366,106203
60806366,106320
60826366,106458
60846366,106597
60866366,106652
60886366,106654
60907366,106583
60927366,106508
60947366,106484
60967366,106505
60987366,106542
61007366,106632
61027366,106740
61047366,106848
61067366,106964
61087366,107049
61107366,107171
61128366,107246
61148366,107319
61168366,107395
61188366,107457
61208366,107516
61228366,107576
61248366,107618
61268366,107690
61288366,107687
61308366,107269
61328366,106516
61349366,105862
61369366,105466
61389366,105325
61409366,105339
61429366,105427
61449366,105567
61469366,105680
61489366,105775
61509366,105875
61529366,105985
61549366,106066
61570366,106106
61590366,106101
61610366,106073
61630366,106065
61650366,106082
61670366,106146
61690366,106242
61710366,106327
61730366,106441
61750366,106524
61770366,106638
61791366,106736
61811366,106827
61831366,106896
61851366,106982
61871366,107072
61891366,107141
61911366,107181
61931366,107232
61951366,107292
61971366,107344
61992366,107411
62012366,107488
62032366,107471
62052366,107019
62072366,106273
62092366,105631
62112366,105282
62132366,105168
62152366,105200
62172366,105297
62192366,105420
62213366,105517
62233366,105605
62253366,105723
62273366,105852
62293366,105938
62313366,105977
62333366,105983
62353366,105967
62373366,105963
62393366,105991
62413366,106071
62434366,106168
62454366,106276
62474366,106412
62494366,106525
62514366,106657
62534366,106763
62554366,106848
62574366,106937
62594366,106987
62614366,107051
62634366,107101
62655366,107175
62675366,107238
62695366,107304
62715366,107358
62735366,107446
62755366,107518
62775366,107601
62795366,107676
62815366,107762
62835366,107717
62855366,107181
62876366,106422
62896366,105826
62916366,105545
62936366,105482
62956366,105579
62976366,105714
62996366,105873
63016366,106008
63036366,106145
63056366,106291
63076366,106413
63097366,106433
63117366,106401
63137366,106345
63157366,106293
63177366,106292
63197366,106341
63217366,106411
63237366,106516
63257366,106633
63277366,106753
63297366,106870
63318366,106972
63338366,107060
63358366,107137
63378366,107202
63398366,107282
63418366,107335
63438366,107377
63458366,107432
63478366,107481
63498366,107529
63518366,107593
63539366,107654
63559366,107739
63579366,107766
63599366,107389
63619366,106710
63639366,106115
63659366,105756
63679366,105642
63699366,105684
63719366,105824
63739366,105994
63760366,106148
63780366,106319
63800366,106487
63820366,106622
63840366,106664
63860366,106616
63880366,106545
63900366,106470
63920366,106438
63940366,106463
63960366,106550
63981366,106643
64001366,106767
64021366,106883
64041366,107007
64061366,107137
64081366,107229
64101366,107322
64121366,107393
64141366,107477
64161366,107543
64182366,107593
64202366,107663
64222366,107725
64242366,107782
64262366,107836
64282366,107929
64302366,107985
64322366,107824
64342366,107176
64362366,106393
64382366,105834
64403366,105552
64423366,105486
64443366,105559
64463366,105671
64483366,105820
64503366,105935
64523366,106040
64543366,106161
64563366,106279
64583366,106334
64603366,106333
64624366,106316
64644366,106271
64664366,106275
64684366,106313
64704366,106368
64724366,106490
64744366,106599
64764366,106731
64784366,106849
64804366,106953
64824366,107048
64845366,107152
64865366,107246
64885366,107340
64905366,107406
64925366,107478
64945366,107540
64965366,107590
64985366,107654
65005366,107720
65025366,107766
65045366,107844
65066366,107936
65086366,107989
65106366,107698
65126366,106932
65146366,106196
65166366,105712
65186366,105514
65206366,105498
65226366,105578
65246366,105719
65267366,105877
65287366,105986
65307366,106096
65327366,106230
65347366,106355
65367366,106419
65387366,106426
65407366,106390
65427366,106378
65447366,106390
65467366,106436
65488366,106510
65508366,106629
65528366,106771
65548366,106898
65568366,107044
65588366,107174
65608366,107299
65628366,107409
65648366,107490
65668366,107586
65688366,107662
65709366,107736
65729366,107805
65749366,107877
65769366,107949
65789366,108045
65809366,108136
65829366,108198
65849366,108291
65869366,108404
65889366,108392
65909366,107892
65930366,107037
65950366,106378
65970366,106014
65990366,105915
66010366,105971
66030366,106126
66050366,106302
66070366,106467
66090366,106590
66110366,106740
66130366,106895
66151366,106944
66171366,106942
66191366,106889
66211366,106831
66231366,106821
66251366,106833
66271366,106904
66291366,107003
66311366,107134
66331366,107267
66352366,107392
66372366,107516
66392366,107637
66412366,107738
66432366,107841
66452366,107914
66472366,107992
66492366,108064
66512366,108124
66532366,108186
66552366,108232
66573366,108302
66593366,108371
66613366,108474
66633366,108569
66653366,108568
66673366,108144
66693366,107395
66713366,106790
66733366,106452
66753366,106346
66773366,106406
66794366,106557
66814366,106763
66834366,106985
66854366,107203
66874366,107431
66894366,107568
66914366,107610
66934366,107556
66954366,107422
66974366,107321
66994366,107260
67015366,107272
67035366,107322
67055366,107419
67075366,107553
67095366,107704
67115366,107843
67135366,107962
67155366,108085
67175366,108173
67195366,108258
67215366,108337
67236366,108397
67256366,108458
67276366,108522
67296366,108575
67316366,108644
67336366,108709
67356366,108695
67376366,108246
67396366,107446
67416366,106810
67437366,106438
67457366,106321
67477366,106370
67497366,106500
67517366,106711
67537366,106911
67557366,107097
67577366,107284
67597366,107459
67617366,107529
67637366,107512
67658366,107441
67678366,107359
67698366,107316
67718366,107325
67738366,107403
67758366,107488
67778366,107616
67798366,107756
67818366,107898
67838366,108027
67858366,108150
67879366,108270
67899366,108395
67919366,108485
67939366,108567
67959366,108641
67979366,108711
67999366,108770
68019366,108824
68039366,108876
68059366,108953
68079366,108801
68100366,108097
68120366,107220
68140366,106600
68160366,106291
68180366,106213
68200366,106266
68220366,106390
68240366,106563
68260366,106721
68280366,106857
68301366,106974
68321366,107093
68341366,107166
68361366,107163
68381366,107129
68401366,107084
68421366,107055
68441366,107071
68461366,107124
68481366,107215
68501366,107323
68522366,107466
68542366,107596
68562366,107724
68582366,107843
68602366,107977
68622366,108068
68642366,108181
68662366,108257
68682366,108329
68702366,108392
68722366,108448
68743366,108505
68763366,108574
68783366,108636
68803366,108441
68823366,107733
68843366,106926
68863366,106390
68883366,106142
68903366,106096
68923366,106201
68943366,106376
68964366,106554
68984366,106745
69004366,106901
69024366,107060
69044366,107198
69064366,107257
69084366,107241
69104366,107186
69124366,107122
69144366,107111
69165366,107150
69185366,107231
69205366,107343
69225366,107467
69245366,107628
69265366,107752
69285366,107889
69305366,108009
69325366,108117
69345366,108206
69365366,108280
69386366,108360
69406366,108434
69426366,108514
69446366,108594
69466366,108651
69486366,108702
69506366,108746
69526366,108802
69546366,108613
69566366,107908
69586366,107132
69607366,106634
69627366,106432
69647366,106451
69667366,106581
69687366,106803
69707366,107013
69727366,107224
69747366,107429
69767366,107607
69787366,107708
69807366,107714
69828366,107621
69848366,107499
69868366,107433
69888366,107405
69908366,107464
69928366,107557
69948366,107677
69968366,107815
69988366,107957
70008366,108093
70029366,108203
70049366,108303
70069366,108395
70089366,108468
70109366,108534
70129366,108603
70149366,108665
70169366,108724
70189366,108809
70209366,108739
70229366,108200
70250366,107446
70270366,106913
70290366,106636
70310366,106594
70330366,106683
70350366,106860
70370366,107064
70390366,107279
70410366,107502
70430366,107706
70450366,107839
70471366,107845
70491366,107774
70511366,107661
70531366,107581
70551366,107542
70571366,107571
70591366,107636
70611366,107734
70631366,107863
70651366,107983
70671366,108095
70692366,108200
70712366,108299
70732366,108398
70752366,108465
70772366,108549
70792366,108621
70812366,108674
70832366,108759
70852366,108746
70872366,108367
70893366,107523
70913366,106781
70933366,106344
70953366,106164
70973366,106175
70993366,106285
71013366,106463
71033366,106640
71053366,106790
71073366,106944
71093366,107097
71114366,107180
71134366,107202
71154366,107151
71174366,107097
71194366,107084
71214366,107095
71234366,107143
71254366,107227
71274366,107328
71294366,107457
71314366,107596
71335366,107709
71355366,107824
71375366,107963
71395366,108073
71415366,108171
71435366,108260
71455366,108330
71475366,108394
71495366,108451
71515366,108512
71535366,108466
71556366,107941
71576366,107115
71596366,106424
71616366,106054
71636366,105929
71656366,105961
71676366,106074
71696366,106225
71716366,106357
71736366,106468
71756366,106582
71777366,106687
71797366,106754
71817366,106735
71837366,106682
71857366,106632
71877366,106617
71897366,106663
71917366,106751
71937366,106842
71957366,106964
71978366,107087
71998366,107231
72018366,107367
72038366,107484
72058366,107590
72078366,107691
72098366,107767
72118366,107844
72138366,107911
72158366,107977
72178366,108048
72199366,108096
72219366,108166
72239366,108171
72259366,107719
72279366,106908
72299366,106239
72319366,105851
72339366,105726
72359366,105760
72379366,105880
72399366,106044
72420366,106192
72440366,106339
72460366,106481
72480366,106602
72500366,106661
72520366,106652
72540366,106609
72560366,106580
72580366,106574
72600366,106605
72620366,106668
72641366,106761
72661366,106885
72681366,107039
72701366,107167
72721366,107306
72741366,107415
72761366,107517
72781366,107613
72801366,107692
72821366,107750
72841366,107827
72862366,107892
72882366,107972
72902366,108018
72922366,108092
72942366,108184
72962366,108161
72982366,107623
73002366,106839
73022366,106261
73042366,105986
73062366,105944
73083366,106037
73103366,106226
73123366,106438
73143366,106635
73163366,106845
73183366,107006
73203366,107129
73223366,107133
73243366,107026
73263366,106925
73283366,106855
73304366,106855
73324366,106895
73344366,106986
73364366,107108
73384366,107255
73404366,107398
73424366,107537
73444366,107650
73464366,107764
73484366,107838
73505366,107890
73525366,107951
73545366,108021
73565366,108074
73585366,108154
73605366,108237
73625366,108307
73645366,108104
73665366,107415
73685366,106707
73705366,106257
73726366,106065
73746366,106063
73766366,106210
73786366,106381
73806366,106587
73826366,106762
73846366,106945
73866366,107125
73886366,107201
73906366,107153
73926366,107049
73947366,106959
73967366,106912
73987366,106932
74007366,106992
74027366,107103
74047366,107238
74067366,107371
74087366,107504
74107366,107622
74127366,107736
74147366,107847
74168366,107921
74188366,107987
74208366,108064
74228366,108122
74248366,108196
74268366,108244
74288366,108069
74308366,107367
74328366,106569
74348366,106004
74368366,105748
74389366,105708
74409366,105808
74429366,105975
74449366,106184
74469366,106335
74489366,106473
74509366,106624
74529366,106734
74549366,106817
74569366,106814
74589366,106768
74610366,106718
74630366,106719
74650366,106754
74670366,106817
74690366,106920
74710366,107029
74730366,107139
74750366,107261
74770366,107373
74790366,107494
74810366,107603
74831366,107673
74851366,107757
74871366,107829
74891366,107902
74911366,107974
74931366,108039
74951366,107967
74971366,107379
74991366,106549
75011366,105904
75032366,105567
75052366,105487
75072366,105547
75092366,105666
75112366,105826
75132366,105972
75152366,106085
75172366,106213
75192366,106330
75212366,106404
75232366,106400
75253366,106388
75273366,106359
75293366,106348
75313366,106393
75333366,106449
75353366,106556
75373366,106665
75393366,106788
75413366,106915
75433366,107040
75453366,107147
75474366,107262
75494366,107354
75514366,107437
75534366,107504
75554366,107581
75574366,107641
75594366,107714
75614366,107773
75634366,107834
75654366,107557
75674366,106817
75695366,106052
75715366,105578
75735366,105388
75755366,105400
75775366,105513
75795366,105690
75815366,105841
75835366,105968
75855366,106097
75875366,106222
75895366,106322
75916366,106359
75936366,106342
75956366,106319
75976366,106294
75996366,106335
76016366,106389
76036366,106492
76056366,106624
76076366,106748
76096366,106876
76117366,107005
76137366,107106
76157366,107230
76177366,107332
76197366,107422
76217366,107493
76237366,107553
76257366,107604
76277366,107668
76297366,107735
76317366,107799
76338366,107884
76358366,107840
76378366,107272
76398366,106480
76418366,105898
76438366,105625
76458366,105585
76478366,105665
76498366,105831
76518366,106002
76538366,106175
76559366,106314
76579366,106475
76599366,106579
76619366,106579
76639366,106529
76659366,106447
76679366,106373
76699366,106375
76719366,106427
76739366,106506
76759366,106616
76780366,106737
76800366,106860
76820366,106998
76840366,107114
76860366,107230
76880366,107315
76900366,107376
76920366,107440
76940366,107513
76960366,107563
76981366,107644
77001366,107720
77021366,107808
77041366,107730
77061366,107189
77081366,106484
77101366,105974
77121366,105725
77141366,105699
77161366,105800
77181366,105982
77202366,106180
77222366,106397
77242366,106606
77262366,106797
77282366,106910
77302366,106901
77322366,106823
77342366,106734
77362366,106675
77382366,106658
77402366,106716
77423366,106805
77443366,106928
77463366,107077
77483366,107213
77503366,107348
77523366,107460
77543366,107573
77563366,107675
77583366,107739
77603366,107820
77623366,107887
77644366,107964
77664366,108022
77684366,108076
77704366,107873
77724366,107146
77744366,106361
77764366,105843
77784366,105622
77804366,105594
77824366,105678
77845366,105831
77865366,105995
77885366,106135
77905366,106273
77925366,106449
77945366,106581
77965366,106609
77985366,106549
78005366,106496
78025366,106464
78045366,106484
78066366,106530
78086366,106615
78106366,106734
78126366,106847
78146366,106985
78166366,107104
78186366,107210
78206366,107329
78226366,107408
78246366,107506
78266366,107597
78287366,107663
78307366,107737
78327366,107792
78347366,107875
78367366,107930
78387366,107588
78407366,106777
78427366,105993
78447366,105525
78467366,105305
78487366,105317
78508366,105438
78528366,105591
78548366,105757
78568366,105885
78588366,106027
78608366,106189
78628366,106299
78648366,106356
78668366,106348
78688366,106308
78709366,106289
78729366,106291
78749366,106353
78769366,106454
78789366,106569
78809366,106695
78829366,106824
78849366,106957
78869366,107085
78889366,107185
78909366,107290
78930366,107365
78950366,107417
78970366,107503
78990366,107580
79010366,107669
79030366,107728
79050366,107802
79070366,107842
79090366,107471
79110366,106661
79130366,105947
79151366,105502
79171366,105347
79191366,105376
79211366,105520
79231366,105702
79251366,105886
79271366,106041
79291366,106196
79311366,106346
79331366,106455
79351366,106485
79372366,106469
79392366,106417
79412366,106440
79432366,106476
79452366,106576
79472366,106665
79492366,106792
79512366,106923
79532366,107043
79552366,107196
79573366,107326
79593366,107440
79613366,107555
79633366,107653
79653366,107740
79673366,107823
79693366,107898
79713366,107964
79733366,108030
79753366,108099
79773366,108191
79794366,108138
79814366,107527
79834366,106696
79854366,106075
79874366,105799
79894366,105770
79914366,105884
79934366,106077
79954366,106298
79974366,106498
79994366,106704
80015366,106903
80035366,107043
80055366,107070
80075366,107013
80095366,106929
80115366,106856
80135366,106826
80155366,106869
80175366,106962
80195366,107072
80216366,107198
80236366,107352
80256366,107481
80276366,107622
80296366,107743
80316366,107834
80336366,107902
80356366,107973
80376366,108035
80396366,108093
80416366,108198
80437366,108235
80457366,107876
80477366,107109
80497366,106470
80517366,106109
80537366,105994
80557366,106050
80577366,106206
80597366,106421
80617366,106640
80637366,106889
80658366,107138
80678366,107296
80698366,107357
80718366,107282
80738366,107177
80758366,107069
80778366,107010
80798366,107025
80818366,107077
80838366,107181
80858366,107320
80879366,107442
80899366,107592
80919366,107716
80939366,107832
80959366,107949
80979366,108026
80999366,108112
81019366,108193
81039366,108268
81059366,108168
81080366,107508
81100366,106681
81120366,106120
81140366,105859
81160366,105818
81180366,105892
81200366,106069
81220366,106257
81240366,106433
81260366,106650
81280366,106860
81301366,106982
81321366,107004
81341366,106955
81361366,106883
81381366,106827
81401366,106828
81421366,106853
81441366,106949
81461366,107057
81481366,107166
81501366,107269
81522366,107363
81542366,107444
81562366,107522
81582366,107616
81602366,107722
81622366,107803
81642366,107884
81662366,107990
81682366,107891
81702366,107232
81723366,106381
81743366,105764
81763366,105480
81783366,105424
81803366,105486
81823366,105643
81843366,105813
81863366,105960
81883366,106113
81903366,106263
81923366,106377
81944366,106422
81964366,106416
81984366,106398
82004366,106357
82024366,106368
82044366,106416
82064366,106499
82084366,106605
82104366,106741
82124366,106848
82144366,106968
82165366,107089
82185366,107197
82205366,107289
82225366,107386
82245366,107481
82265366,107567
82285366,107645
82305366,107725
82325366,107537
82345366,106807
82365366,106045
82386366,105518
82406366,105297
82426366,105291
82446366,105402
82466366,105577
82486366,105759
82506366,105925
82526366,106100
82546366,106243
82566366,106343
82587366,106348
82607366,106320
82627366,106297
82647366,106294
82667366,106329
82687366,106383
82707366,106488
82727366,106615
82747366,106736
82767366,106868
82787366,106960
82808366,107089
82828366,107192
82848366,107278
82868366,107378
82888366,107474
82908366,107571
82928366,107641
82948366,107729
82968366,107712
82988366,107225
83008366,106409
83029366,105757
83049366,105428
83069366,105355
83089366,105421
83109366,105593
83129366,105808
83149366,105989
83169366,106184
83189366,106360
83209366,106460
83230366,106501
83250366,106449
83270366,106400
83290366,106376
83310366,106389
83330366,106442
83350366,106534
83370366,106654
83390366,106770
83410366,106889
83430366,107029
83451366,107138
83471366,107269
83491366,107379
83511366,107483
83531366,107572
83551366,107641
83571366,107727
83591366,107788
83611366,107860
83631366,107916
83651366,107984
83672366,107862
83692366,107175
83712366,106368
83732366,105821
83752366,105602
83772366,105602
83792366,105724
83812366,105942
83832366,106168
83852366,106378
83872366,106577
83893366,106755
83913366,106852
83933366,106847
83953366,106783
83973366,106722
83993366,106694
84013366,106724
84033366,106779
84053366,106864
84073366,106982
84094366,107097
84114366,107221
84134366,107335
84154366,107457
84174366,107574
84194366,107665
84214366,107750
84234366,107829
84254366,107901
84274366,107979
84294366,108030
84315366,108123
84335366,108198
84355366,107911
84375366,107181
84395366,106520
84415366,106145
84435366,106025
84455366,106099
84475366,106274
84495366,106511
84515366,106764
84536366,107039
84556366,107296
84576366,107464
84596366,107491
84616366,107423
84636366,107300
84656366,107211
84676366,107178
84696366,107206
84716366,107286
84737366,107387
84757366,107512
84777366,107659
84797366,107773
84817366,107896
84837366,108002
84857366,108094
84877366,108163
84897366,108244
84917366,108332
84937366,108431
84958366,108390
84978366,107880
84998366,107109
85018366,106560
85038366,106295
85058366,106277
85078366,106364
85098366,106556
85118366,106798
85138366,107034
85158366,107270
85179366,107484
85199366,107590
85219366,107562
85239366,107467
85259366,107377
85279366,107302
85299366,107287
85319366,107327
85339366,107407
85359366,107514
85380366,107632
85400366,107760
85420366,107875
85440366,107986
85460366,108104
85480366,108200
85500366,108276
85520366,108339
85540366,108414
85560366,108384
85580366,107826
85601366,106930
85621366,106281
85641366,105942
85661366,105850
85681366,105912
85701366,106073
85721366,106256
85741366,106422
85761366,106578
85781366,106773
85801366,106899
85822366,106939
85842366,106902
85862366,106824
85882366,106777
85902366,106797
85922366,106823
85942366,106900
85962366,107021
85982366,107129
86002366,107257
86023366,107360
86043366,107483
86063366,107600
86083366,107707
86103366,107820
86123366,107901
86143366,107982
86163366,108054
86183366,107963
86203366,107304
86223366,106451
86244366,105823
86264366,105516
86284366,105438
86304366,105520
86324366,105668
86344366,105832
86364366,105961
86384366,106106
86404366,106273
86424366,106381
86444366,106442
86465366,106432
86485366,106402
86505366,106372
86525366,106388
86545366,106440
86565366,106529
86585366,106628
86605366,106764
86625366,106880
86645366,106992
86666366,107094
86686366,107200
86706366,107293
86726366,107394
86746366,107495
86766366,107580
86786366,107661
86806366,107747
86826366,107732
86846366,107183
86866366,106366
86887366,105740
86907366,105423
86927366,105357
86947366,105422
86967366,105568
86987366,105750
87007366,105923
87027366,106064
87047366,106227
87067366,106351
87087366,106425
87108366,106426
87128366,106405
87148366,106398
87168366,106415
87188366,106465
87208366,106566
87228366,106680
87248366,106818
87268366,106945
87288366,107092
87308366,107212
87329366,107318
87349366,107416
87369366,107521
87389366,107611
87409366,107701
87429366,107773
87449366,107852
87469366,107925
87489366,108005
87509366,108069
87530366,107818
87550366,107030
87570366,106264
87590366,105787
87610366,105615
87630366,105666
87650366,105817
87670366,106035
87690366,106242
87710366,106420
87730366,106607
87751366,106739
87771366,106806
87791366,106793
87811366,106734
87831366,106692
87851366,106676
87871366,106738
87891366,106797
87911366,106906
87931366,107035
87951366,107169
87972366,107298
87992366,107429
88012366,107545
88032366,107680
88052366,107766
88072366,107851
88092366,107924
88112366,108006
88132366,108086
88152366,108156
88172366,108261
88193366,108291
88213366,107875
88233366,107080
88253366,106463
88273366,106142
88293366,106068
88313366,106157
88333366,106357
88353366,106576
88373366,106821
88394366,107075
88414366,107309
88434366,107463
88454366,107466
88474366,107375
88494366,107283
88514366,107194
88534366,107172
88554366,107211
88574366,107285
88594366,107419
88615366,107542
88635366,107684
88655366,107829
88675366,107954
88695366,108036
88715366,108146
88735366,108206
88755366,108269
88775366,108341
88795366,108409
88815366,108227
88836366,107495
88856366,106731
88876366,106265
88896366,106071
88916366,106099
88936366,106217
88956366,106431
88976366,106647
88996366,106877
89016366,107106
89037366,107297
89057366,107367
89077366,107321
89097366,107236
89117366,107151
89137366,107121
89157366,107128
89177366,107190
89197366,107284
89217366,107399
89237366,107527
89258366,107662
89278366,107796
89298366,107897
89318366,107996
89338366,108105
89358366,108196
89378366,108278
89398366,108364
89418366,108311
89438366,107694
89459366,106772
89479366,106095
89499366,105738
89519366,105643
89539366,105692
89559366,105830
89579366,106000
89599366,106175
89619366,106327
89639366,106495
89659366,106630
89680366,106700
89700366,106717
89720366,106686
89740366,106639
89760366,106644
89780366,106680
89800366,106763
89820366,106872
89840366,106995
89860366,107108
89880366,107246
89901366,107376
89921366,107480
89941366,107585
89961366,107679
89981366,107762
90001366,107837
90021366,107918
90041366,107942
90061366,107519
90081366,106676
90101366,105952
90122366,105547
90142366,105420
90162366,105464
90182366,105614
90202366,105796
90222366,105978
90242366,106145
90262366,106330
90282366,106489
90302366,106568
90323366,106581
90343366,106556
90363366,106526
90383366,106539
90403366,106596
90423366,106684
90443366,106803
90463366,106939
90483366,107072
90503366,107195
90523366,107313
90544366,107458
90564366,107567
90584366,107676
90604366,107776
90624366,107887
90644366,107958
90664366,108035
90684366,108135
90704366,108081
90724366,107487
90744366,106615
90765366,105999
90785366,105716
90805366,105668
90825366,105774
90845366,105964
90865366,106180
90885366,106369
90905366,106568
90925366,106749
90945366,106857
90966366,106880
90986366,106846
91006366,106799
91026366,106756
91046366,106792
91066366,106854
91086366,106956
91106366,107069
91126366,107214
91146366,107340
91166366,107478
91187366,107592
91207366,107700
91227366,107793
91247366,107851
91267366,107942
91287366,108024
91307366,108111
91327366,108225
91347366,108303
91367366,108001
91387366,107221
91408366,106540
91428366,106169
91448366,106066
91468366,106114
91488366,106296
91508366,106535
91528366,106793
91548366,107063
91568366,107318
91588366,107481
91609366,107522
91629366,107447
91649366,107361
91669366,107281
91689366,107248
91709366,107286
91729366,107371
91749366,107487
91769366,107625
91789366,107755
91809366,107876
91830366,107984
91850366,108099
91870366,108185
91890366,108258
91910366,108322
91930366,108417
91950366,108529
91970366,108382
91990366,107682
92010366,106916
92030366,106443
92051366,106235
92071366,106239
92091366,106375
92111366,106593
92131366,106839
92151366,107093
92171366,107343
92191366,107528
92211366,107592
92231366,107561
92252366,107458
92272366,107385
92292366,107346
92312366,107374
92332366,107445
92352366,107543
92372366,107653
92392366,107771
92412366,107897
92432366,108013
92452366,108117
92473366,108208
92493366,108304
92513366,108381
92533366,108482
92553366,108577
92573366,108463
92593366,107702
92613366,106788
92633366,106166
92653366,105865
92673366,105780
92694366,105853
92714366,106025
92734366,106239
92754366,106426
92774366,106614
92794366,106790
92814366,106922
92834366,106963
92854366,106931
92874366,106874
92895366,106829
92915366,106819
92935366,106853
92955366,106936
92975366,107041
92995366,107161
93015366,107281
93035366,107409
93055366,107525
93075366,107637
93095366,107733
93116366,107835
93136366,107928
93156366,108023
93176366,108047
93196366,107616
93216366,106733
93236366,106017
93256366,105632
93276366,105515
93296366,105563
93317366,105692
93337366,105884
93357366,106096
93377366,106280
93397366,106498
93417366,106650
93437366,106743
93457366,106763
93477366,106720
93497366,106699
93517366,106699
93538366,106735
93558366,106829
93578366,106951
93598366,107079
93618366,107227
93638366,107375
93658366,107507
93678366,107638
93698366,107741
93718366,107852
93738366,107949
93759366,108031
93779366,108115
93799366,108168
93819366,107853
93839366,107033
93859366,106299
93879366,105881
93899366,105745
93919366,105791
93939366,105964
93960366,106179
93980366,106395
94000366,106615
94020366,106827
94040366,106992
94060366,107056
94080366,107053
94100366,107005
94120366,106966
94140366,106971
94160366,107032
94181366,107120
94201366,107219
94221366,107361
94241366,107507
94261366,107631
94281366,107750
94301366,107867
94321366,107989
94341366,108100
94361366,108209
94382366,108289
94402366,108394
94422366,108521
94442366,108493
94462366,107919
94482366,107090
94502366,106507
94522366,106254
94542366,106217
94562366,106330
94582366,106545
94603366,106783
94623366,107037
94643366,107306
94663366,107516
94683366,107648
94703366,107632
94723366,107541
94743366,107467
94763366,107430
94783366,107416
94803366,107470
94824366,107566
94844366,107699
94864366,107821
94884366,107959
94904366,108092
94924366,108210
94944366,108301
94964366,108395
94984366,108477
95004366,108558
95025366,108656
95045366,108768
95065366,108635
95085366,107929
95105366,107156
95125366,106705
95145366,106523
95165366,106540
95185366,106683
95205366,106900
95225366,107140
95246366,107394
95266366,107668
95286366,107846
95306366,107896
95326366,107849
95346366,107756
95366366,107669
95386366,107620
95406366,107643
95426366,107696
95447366,107809
95467366,107933
95487366,108068
95507366,108195
95527366,108297
95547366,108398
95567366,108488
95587366,108582
95607366,108628
95627366,108691
95647366,108768
95668366,108636
95688366,107912
95708366,107025
95728366,106446
95748366,106203
95768366,106171
95788366,106262
95808366,106465
95828366,106669
95848366,106862
95868366,107080
95889366,107268
95909366,107392
95929366,107398
95949366,107356
95969366,107305
95989366,107277
96009366,107289
96029366,107354
96049366,107467
96069366,107601
96090366,107737
96110366,107870
96130366,108012
96150366,108127
96170366,108245
96190366,108322
96210366,108389
96230366,108476
96250366,108547
96270366,108447
96290366,107765
96311366,106844
96331366,106217
96351366,105895
96371366,105827
96391366,105889
96411366,106021
96431366,106186
96451366,106351
96471366,106486
96491366,106646
96512366,106781
96532366,106827
96552366,106843
96572366,106803
96592366,106778
96612366,106781
96632366,106819
96652366,106912
96672366,107021
96692366,107141
96712366,107276
96733366,107401
96753366,107516
96773366,107638
96793366,107746
96813366,107840
96833366,107934
96853366,107993
96873366,108068
96893366,108093
96913366,107693
96934366,106810
96954366,106067
96974366,105666
96994366,105513
97014366,105542
97034366,105667
97054366,105827
97074366,105995
97094366,106113
97114366,106273
97134366,106418
97155366,106496
97175366,106532
97195366,106509
97215366,106508
97235366,106533
97255366,106568
97275366,106638
97295366,106744
97315366,106855
97335366,106983
97355366,107113
97376366,107242
97396366,107376
97416366,107489
97436366,107564
97456366,107666
97476366,107738
97496366,107791
97516366,107861
97536366,107935
97556366,107791
97577366,107097
97597366,106284
97617366,105760
97637366,105545
97657366,105536
97677366,105650
97697366,105820
97717366,106015
97737366,106203
97757366,106390
97777366,106545
97798366,106645
97818366,106683
97838366,106673
97858366,106643
97878366,106654
97898366,106701
97918366,106787
97938366,106901
97958366,107013
97978366,107149
97999366,107268
98019366,107399
98039366,107517
98059366,107637
98079366,107760
98099366,107860
98119366,107934
98139366,108005
98159366,108081
98179366,108162
98199366,108237
98220366,108313
98240366,108054
98260366,107250
98280366,106499
98300366,106071
98320366,105922
98340366,105962
98360366,106114
98380366,106312
98400366,106486
98421366,106683
98441366,106904
98461366,107071
98481366,107089
98501366,107034
98521366,106971
98541366,106899
98561366,106897
98581366,106931
98601366,107030
98621366,107169
98642366,107307
98662366,107446
98682366,107599
98702366,107722
98722366,107845
98742366,107957
98762366,108051
98782366,108132
98802366,108199
98822366,108272
98842366,108331
98863366,108377
98883366,108460
98903366,108456
98923366,107956
98943366,107112
98963366,106466
98983366,106148
99003366,106072
99023366,106164
99043366,106368
99064366,106578
99084366,106800
99104366,107039
99124366,107244
99144366,107354
99164366,107354
99184366,107249
99204366,107152
99224366,107077
99244366,107052
99264366,107096
99285366,107182
99305366,107298
99325366,107427
99345366,107563
99365366,107688
99385366,107812
99405366,107898
99425366,107977
99445366,108049
99465366,108107
99486366,108158
99506366,108228
99526366,108311
99546366,108113
99566366,107393
99586366,106613
99606366,106114
99626366,105893
99646366,105882
99666366,105979
99686366,106143
99707366,106339
99727366,106526
99747366,106736
99767366,106908
99787366,107014
99807366,107018
99827366,106961
99847366,106906
99867366,106879
99887366,106886
99907366,106922
99928366,107025
99948366,107139
99968366,107266
99988366,107378
100008366,107527
100028366,107658
100048366,107754
100068366,107870
100088366,107941
100108366,108023
100129366,108088
100149366,108143
100169366,108226
100189366,108240
100209366,107817
100229366,106903
100249366,106154
100269366,105714
100289366,105542
100309366,105555
100329366,105669
100350366,105811
100370366,105983
100390366,106113
100410366,106276
100430366,106424
100450366,106543
100470366,106575
100490366,106561
100510366,106514
100530366,106509
100550366,106524
100571366,106589
100591366,106680
100611366,106796
100631366,106927
100651366,107081
100671366,107209
100691366,107318
100711366,107430
100731366,107528
100751366,107616
100772366,107716
100792366,107803
100812366,107889
100832366,107978
100852366,108032
100872366,107704
100892366,106879
100912366,106112
100932366,105662
100952366,105485
100972366,105493
100993366,105600
101013366,105765
101033366,105945
101053366,106116
101073366,106294
101093366,106476
101113366,106591
101133366,106630
101153366,106607
101173366,106576
101194366,106566
101214366,106590
101234366,106667
101254366,106766
101274366,106891
101294366,107031
101314366,107161
101334366,107297
101354366,107433
101374366,107533
101394366,107646
101415366,107735
101435366,107834
101455366,107930
101475366,108011
101495366,108114
101515366,108200
101535366,108265
101555366,108348
101575366,108410
101595366,108493
101615366,108536
101636366,108076
101656366,107104
101676366,106317
101696366,105882
101716366,105747
101736366,105779
101756366,105925
101776366,106141
101796366,106324
101816366,106497
101837366,106678
101857366,106818
101877366,106897
101897366,106905
101917366,106861
101937366,106822
101957366,106818
101977366,106866
101997366,106949
102017366,107062
102037366,107174
102058366,107315
102078366,107453
102098366,107578
102118366,107686
102138366,107782
102158366,107879
102178366,107973
102198366,108070
102218366,108143
102238366,108247
102259366,108336
102279366,108420
102299366,108513
102319366,108611
102339366,108709
102359366,108780
102379366,108876
102399366,108916
102419366,108559
102439366,107616
102459366,106823
102480366,106371
102500366,106242
102520366,106301
102540366,106482
102560366,106726
102580366,106973
102600366,107208
102620366,107447
102640366,107609
102660366,107659
102680366,107622
102701366,107533
102721366,107461
102741366,107407
102761366,107419
102781366,107469
102801366,107558
102821366,107682
102841366,107823
102861366,107934
102881366,108047
102902366,108166
102922366,108281
102942366,108385
102962366,108456
102982366,108545
103002366,108632
103022366,108712
103042366,108797
103062366,108872
103082366,108975
103102366,109048
103123366,108773
103143366,107992
103163366,107274
103183366,106857
103203366,106691
103223366,106743
103243366,106888
103263366,107120
103283366,107354
103303366,107594
103324366,107853
103344366,108055
103364366,108122
103384366,108075
103404366,107980
103424366,107863
103444366,107798
103464366,107796
103484366,107862
103504366,107956
103524366,108090
103545366,108213
103565366,108361
103585366,108491
103605366,108600
103625366,108696
103645366,108805
103665366,108877
103685366,108934
103705366,108994
103725366,109085
103746366,109110
103766366,108706
103786366,107860
103806366,107140
103826366,106745
103846366,106611
103866366,106640
103886366,106794
103906366,107004
103926366,107206
103946366,107425
103967366,107656
103987366,107809
104007366,107864
104027366,107787
104047366,107682
104067366,107567
104087366,107500
104107366,107493
104127366,107531
104147366,107614
104167366,107716
104188366,107810
104208366,107930
104228366,108042
104248366,108151
104268366,108239
104288366,108319
104308366,108386
104328366,108465
104348366,108538
104368366,108523
104389366,107981
104409366,107044
104429366,106358
104449366,105960
104469366,105821
104489366,105861
104509366,105983
104529366,106175
104549366,106371
104569366,106534
104589366,106717
104610366,106890
104630366,106983
104650366,107007
104670366,106982
104690366,106938
104710366,106914
104730366,106940
104750366,107014
104770366,107107
104790366,107208
104811366,107334
104831366,107462
104851366,107595
104871366,107703
104891366,107822
104911366,107915
104931366,107992
104951366,108061
104971366,108150
104991366,108184
105011366,107889
105032366,107026
105052366,106230
105072366,105739
105092366,105523
105112366,105524
105132366,105618
105152366,105761
105172366,105918
105192366,106027
105212366,106184
105232366,106317
105253366,106437
105273366,106483
105293366,106465
105313366,106440
105333366,106429
105353366,106436
105373366,106497
105393366,106578
105413366,106694
105433366,106825
105454366,106954
105474366,107066
105494366,107183
105514366,107291
105534366,107401
105554366,107476
105574366,107563
105594366,107639
105614366,107718
105634366,107805
105654366,107877
105675366,107788
105695366,107129
105715366,106279
105735366,105679
105755366,105377
105775366,105312
105795366,105375
105815366,105510
105835366,105686
105855366,105830
105875366,105968
105896366,106115
105916366,106267
105936366,106338
105956366,106354
105976366,106334
105996366,106321
106016366,106333
106036366,106389
106056366,106462
106076366,106588
106097366,106727
106117366,106871
106137366,107018
106157366,107133
106177366,107263
106197366,107367
106217366,107461
106237366,107542
106257366,107631
106277366,107720
106297366,107801
106318366,107864
106338366,107954
106358366,108009
106378366,107637
106398366,106813
106418366,106094
106438366,105690
106458366,105566
106478366,105609
106498366,105769
106518366,105967
106539366,106167
106559366,106352
106579366,106552
106599366,106712
106619366,106782
106639366,106749
106659366,106706
106679366,106661
106699366,106644
106719366,106672
106740366,106738
106760366,106841
106780366,106969
106800366,107099
106820366,107225
106840366,107344
106860366,107470
106880366,107572
106900366,107657
106920366,107739
106940366,107806
106961366,107884
106981366,107973
107001366,108061
107021366,108173
107041366,108244
107061366,107929
107081366,107116
107101366,106442
107121366,106079
107141366,105959
107161366,106018
107182366,106183
107202366,106387
107222366,106613
107242366,106842
107262366,107061
107282366,107202
107302366,107251
107322366,107198
107342366,107098
107362366,107016
107383366,106968
107403366,106991
107423366,107080
107443366,107190
107463366,107326
107483366,107461
107503366,107578
107523366,107681
107543366,107771
107563366,107863
107583366,107945
107604366,108007
107624366,108068
107644366,108141
107664366,108211
107684366,108291
107704366,108097
107724366,107356
107744366,106596
107764366,106090
107784366,105869
107804366,105849
107825366,105944
107845366,106134
107865366,106345
107885366,106532
107905366,106746
107925366,106922
107945366,107029
107965366,107031
107985366,106943
108005366,106880
108026366,106842
108046366,106840
108066366,106913
108086366,107002
108106366,107115
108126366,107238
108146366,107360
108166366,107493
108186366,107611
108206366,107715
108226366,107813
108247366,107907
108267366,107980
108287366,108059
108307366,108145
108327366,108193
108347366,108258
108367366,108312
108387366,108302
108407366,107713
108427366,106751
108447366,106015
108468366,105623
108488366,105479
108508366,105511
108528366,105644
108548366,105803
108568366,105951
108588366,106074
108608366,106226
108628366,106356
108648366,106463
108669366,106495
108689366,106468
108709366,106442
108729366,106424
108749366,106461
108769366,106538
108789366,106653
108809366,106780
108829366,106917
108849366,107050
108869366,107171
108890366,107283
108910366,107401
108930366,107523
108950366,107614
108970366,107689
108990366,107765
109010366,107851
109030366,107915
109050366,107968
109070366,108047
109091366,108107
109111366,107902
109131366,107120
109151366,106273
109171366,105729
109191366,105482
109211366,105436
109231366,105536
109251366,105692
109271366,105895
109291366,106054
109312366,106207
109332366,106387
109352366,106504
109372366,106581
109392366,106596
109412366,106552
109432366,106526
109452366,106535
109472366,106573
109492366,106661
109512366,106779
109533366,106909
109553366,107054
109573366,107189
109593366,107330
109613366,107466
109633366,107595
109653366,107696
109673366,107791
109693366,107880
109713366,107959
109734366,108054
109754366,108109
109774366,108185
109794366,108246
109814366,108352
109834366,108403
109854366,108041
109874366,107154
109894366,106422
109914366,106018
109934366,105874
109955366,105911
109975366,106069
109995366,106294
110015366,106520
110035366,106743
110055366,106967
110075366,107138
110095366,107234
110115366,107226
110135366,107171
110156366,107088
110176366,107045
110196366,107073
110216366,107134
110236366,107251
110256366,107391
110276366,107531
110296366,107663
110316366,107797
110336366,107927
110356366,108024
110377366,108126
110397366,108214
110417366,108310
110437366,108388
110457366,108460
110477366,108526
110497366,108613
110517366,108693
110537366,108530
110557366,107806
110577366,107016
110598366,106526
110618366,106324
110638366,106324
110658366,106430
110678366,106637
110698366,106851
110718366,107102
110738366,107347
110758366,107559
110778366,107672
110799366,107674
110819366,107582
110839366,107502
110859366,107442
110879366,107467
110899366,107514
110919366,107595
110939366,107701
110959366,107817
110979366,107930
110999366,108041
111020366,108151
111040366,108262
111060366,108351
111080366,108444
111100366,108556
111120366,108623
111140366,108713
111160366,108801
111180366,108689
111200366,107971
111221366,107042
111241366,106393
111261366,106062
111281366,105965
111301366,106014
111321366,106163
111341366,106365
111361366,106553
111381366,106754
111401366,106966
111421366,107131
111442366,107204
111462366,107214
111482366,107162
111502366,107096
111522366,107057
111542366,107109
111562366,107178
111582366,107290
111602366,107412
111622366,107552
111643366,107681
111663366,107818
111683366,107955
111703366,108080
111723366,108203
111743366,108294
111763366,108405
111783366,108486
111803366,108557
111823366,108626
111843366,108711
111864366,108689
111884366,108118
111904366,107121
111924366,106392
111944366,105991
111964366,105849
111984366,105879
112004366,106026
112024366,106215
112044366,106426
112064366,106622
112085366,106792
112105366,106964
112125366,107078
112145366,107110
112165366,107087
112185366,107065
112205366,107058
112225366,107066
112245366,107117
112265366,107207
112286366,107321
112306366,107435
112326366,107574
112346366,107692
112366366,107809
112386366,107934
112406366,108043
112426366,108147
112446366,108245
112466366,108326
112486366,108402
112507366,108475
112527366,108561
112547366,108648
112567366,108672
112587366,108242
112607366,107307
112627366,106553
112647366,106178
112667366,106027
112687366,106062
112708366,106223
112728366,106440
112748366,106673
112768366,106900
112788366,107118
112808366,107297
112828366,107390
112848366,107404
112868366,107341
112888366,107279
112908366,107243
112929366,107252
112949366,107325
112969366,107418
112989366,107541
113009366,107683
113029366,107815
113049366,107938
113069366,108081
113089366,108183
113109366,108281
113129366,108382
113150366,108455
113170366,108556
113190366,108659
113210366,108738
113230366,108817
113250366,108897
113270366,109015
113290366,109011
113310366,108457
113330366,107545
113351366,106902
113371366,106600
113391366,106521
113411366,106600
113431366,106821
113451366,107066
113471366,107322
113491366,107590
113511366,107840
113531366,108011
113551366,108073
113572366,108011
113592366,107920
113612366,107811
113632366,107789
113652366,107812
113672366,107904
113692366,108022
113712366,108145
113732366,108285
113752366,108398
113772366,108509
113793366,108603
113813366,108710
113833366,108791
113853366,108858
113873366,108925
113893366,109000
113913366,109111
113933366,108966
113953366,108314
113973366,107509
113994366,107010
114014366,106778
114034366,106746
114054366,106863
114074366,107075
114094366,107303
114114366,107535
114134366,107808
114154366,108026
114174366,108141
114194366,108154
114215366,108090
114235366,108009
114255366,107935
114275366,107927
114295366,107989
114315366,108055
114335366,108156
114355366,108275
114375366,108405
114395366,108521
114416366,108628
114436366,108733
114456366,108840
114476366,108919
114496366,109003
114516366,109102
114536366,109167
114556366,108832
114576366,107912
114596366,107105
114616366,106625
114637366,106425
114657366,106412
114677366,106541
114697366,106723
114717366,106940
114737366,107126
114757366,107317
114777366,107493
114797366,107604
114817366,107625
114837366,107595
114858366,107524
114878366,107493
114898366,107487
114918366,107529
114938366,107623
114958366,107720
114978366,107838
114998366,107954
115018366,108065
115038366,108186
115059366,108293
115079366,108390
115099366,108489
115119366,108574
115139366,108663
115159366,108749
115179366,108786
115199366,108368
115219366,107429
115239366,106642
115259366,106199
115280366,106027
115300366,106041
115320366,106148
115340366,106332
115360366,106514
115380366,106689
115400366,106862
115420366,107017
115440366,107140
115460366,107178
115480366,107167
115501366,107115
115521366,107077
115541366,107100
115561366,107157
115581366,107251
115601366,107350
115621366,107472
115641366,107599
115661366,107727
115681366,107839
115702366,107968
115722366,108080
115742366,108172
115762366,108266
115782366,108370
115802366,108468
115822366,108551
115842366,108609
115862366,108344
115882366,107509
115902366,106689
115923366,106223
115943366,106043
115963366,106050
115983366,106178
116003366,106405
116023366,106610
116043366,106784
116063366,106997
116083366,107147
116103366,107236
116124366,107280
116144366,107228
116164366,107170
116184366,107143
116204366,107171
116224366,107249
116244366,107342
116264366,107443
116284366,107565
116304366,107690
116324366,107828
116345366,107944
116365366,108049
116385366,108136
116405366,108230
116425366,108323
116445366,108393
116465366,108469
116485366,108581
116505366,108576
116525366,108112
116545366,107269
116566366,106624
116586366,106297
116606366,106212
116626366,106274
116646366,106460
116666366,106671
116686366,106880
116706366,107119
116726366,107349
116746366,107512
116767366,107532
116787366,107468
116807366,107392
116827366,107326
116847366,107330
116867366,107358
116887366,107417
116907366,107529
116927366,107648
116947366,107758
116967366,107885
116988366,108000
117008366,108110
117028366,108202
117048366,108285
117068366,108336
117088366,108448
117108366,108552
117128366,108470
117148366,107864
117168366,107055
117188366,106516
117209366,106232
117229366,106188
117249366,106271
117269366,106460
117289366,106691
117309366,106915
117329366,107157
117349366,107349
117369366,107452
117389366,107443
117410366,107387
117430366,107314
117450366,107270
117470366,107262
117490366,107313
117510366,107411
117530366,107527
117550366,107660
117570366,107769
117590366,107892
117610366,107973
117631366,108052
117651366,108159
117671366,108252
117691366,108329
117711366,108398
117731366,108486
117751366,108389
117771366,107713
117791366,106802
117811366,106180
117832366,105850
117852366,105764
117872366,105834
117892366,105991
117912366,106180
117932366,106342
117952366,106519
117972366,106698
117992366,106829
118012366,106897
118032366,106898
118053366,106838
118073366,106783
118093366,106777
118113366,106816
118133366,106898
118153366,107007
118173366,107113
118193366,107236
118213366,107364
118233366,107481
118253366,107593
118274366,107673
118294366,107773
118314366,107865
118334366,107951
118354366,108031
118374366,108109
118394366,108176
118414366,107888
118434366,107013
118454366,106188
118475366,105672
118495366,105458
118515366,105452
118535366,105563
118555366,105746
118575366,105948
118595366,106109
118615366,106298
118635366,106470
118655366,106588
118675366,106653
118696366,106646
118716366,106629
118736366,106619
118756366,106660
118776366,106714
118796366,106816
118816366,106918
118836366,107076
118856366,107215
118876366,107352
118897366,107469
118917366,107588
118937366,107700
118957366,107808
118977366,107924
118997366,108021
119017366,108120
119037366,108194
119057366,108261
119077366,108334
119097366,108415
119118366,108481
119138366,108251
119158366,107378
119178366,106524
119198366,105990
119218366,105782
119238366,105772
119258366,105893
119278366,106061
119298366,106270
119318366,106453
119339366,106635
119359366,106802
119379366,106908
119399366,106917
119419366,106895
119439366,106836
119459366,106804
119479366,106812
119499366,106849
119519366,106937
119540366,107045
119560366,107162
119580366,107307
119600366,107426
119620366,107570
119640366,107682
119660366,107784
119680366,107877
119700366,107948
119720366,108005
119740366,108078
119761366,108155
119781366,108245
119801366,108361
119821366,108471
119841366,108315
119861366,107604
119881366,106844
119901366,106399
119921366,106210
119941366,106180
119962366,106304
119982366,106507
120002366,106725
120022366,106954
120042366,107199
120062366,107379
120082366,107453
120102366,107417
120122366,107329
120142366,107220
120162366,107165
120183366,107141
120203366,107204
120223366,107294
120243366,107414
120263366,107565
120283366,107693
120303366,107818
120323366,107936
120343366,108047
120363366,108124
120384366,108205
120404366,108269
120424366,108376
120444366,108468
120464366,108536
120484366,108276
120504366,107508
120524366,106758
120544366,106320
120564366,106139
120584366,106133
120605366,106241
120625366,106445
120645366,106707
120665366,106990
120685366,107309
120705366,107536
120725366,107653
120745366,107675
120765366,107597
120785366,107527
120806366,107490
120826366,107517
120846366,107584
120866366,107678
120886366,107777
120906366,107896
120926366,108005
120946366,108098
120966366,108190
120986366,108295
121006366,108384
121027366,108482
121047366,108570
121067366,108641
121087366,108706
121107366,108782
121127366,108776
121147366,108310
121167366,107350
121187366,106568
121207366,106132
121227366,105977
121248366,106014
121268366,106155
121288366,106368
121308366,106565
121328366,106751
121348366,106930
121368366,107099
121388366,107213
121408366,107232
121428366,107206
121449366,107139
121469366,107127
121489366,107142
121509366,107193
121529366,107309
121549366,107414
121569366,107534
121589366,107659
121609366,107775
121629366,107896
121649366,108002
121670366,108093
121690366,108175
121710366,108227
121730366,108275
121750366,108312
121770366,108358
121790366,108431
121810366,108471
121830366,108136
121850366,107253
121871366,106478
121891366,106038
121911366,105858
121931366,105863
121951366,106015
121971366,106218
121991366,106409
122011366,106595
122031366,106796
122051366,106962
122071366,107068
122092366,107091
122112366,107069
122132366,107020
122152366,107005
122172366,107023
122192366,107083
122212366,107179
122232366,107288
122252366,107404
122272366,107530
122293366,107636
122313366,107762
122333366,107877
122353366,107952
122373366,108025
122393366,108084
122413366,108160
122433366,108234
122453366,108302
122473366,108381
122493366,108470
122514366,108396
122534366,107772
122554366,106945
122574366,106422
122594366,106175
122614366,106127
122634366,106215
122654366,106420
122674366,106646
122694366,106888
122715366,107124
122735366,107346
122755366,107481
122775366,107514
122795366,107458
122815366,107389
122835366,107320
122855366,107307
122875366,107341
122895366,107406
122915366,107509
122936366,107650
122956366,107786
122976366,107918
122996366,108048
123016366,108175
123036366,108291
123056366,108368
123076366,108449
123096366,108545
123116366,108673
123137366,108684
123157366,108253
123177366,107444
123197366,106816
123217366,106476
123237366,106374
123257366,106418
123277366,106582
123297366,106796
123317366,107011
123337366,107259
123358366,107490
123378366,107639
123398366,107695
123418366,107667
123438366,107616
123458366,107561
123478366,107525
123498366,107539
123518366,107599
123538366,107692
123559366,107812
123579366,107915
123599366,108021
123619366,108119
123639366,108228
123659366,108331
123679366,108421
123699366,108492
123719366,108570
123739366,108637
123759366,108699
123780366,108432
123800366,107586
123820366,106717
123840366,106178
123860366,105906
123880366,105859
123900366,105940
123920366,106100
123940366,106293
123960366,106456
123981366,106651
124001366,106813
124021366,106931
124041366,106984
124061366,106983
124081366,106948
124101366,106913
124121366,106931
124141366,106976
124161366,107069
124181366,107190
124202366,107314
124222366,107449
124242366,107589
124262366,107710
124282366,107857
124302366,107976
124322366,108082
124342366,108166
124362366,108248
124382366,108301
124402366,108380
124423366,108437
124443366,108220
124463366,107379
124483366,106524
124503366,105973
124523366,105711
124543366,105663
124563366,105757
124583366,105941
124603366,106120
124624366,106277
124644366,106445
124664366,106614
124684366,106734
124704366,106818
124724366,106817
124744366,106787
124764366,106752
124784366,106760
124804366,106825
124824366,106896
124845366,106980
124865366,107103
124885366,107239
124905366,107360
124925366,107493
124945366,107604
124965366,107706
124985366,107798
125005366,107872
125025366,107955
125045366,108035
125066366,108098
125086366,108149
125106366,108230
125126366,108279
125146366,107982
125166366,107134
125186366,106356
125206366,105891
125226366,105699
125246366,105698
125267366,105847
125287366,106032
125307366,106241
125327366,106447
125347366,106660
125367366,106870
125387366,106978
125407366,106998
125427366,106955
125447366,106905
125467366,106875
125488366,106891
125508366,106970
125528366,107054
125548366,107166
125568366,107298
125588366,107442
125608366,107557
125628366,107683
125648366,107784
125668366,107873
125688366,107957
125709366,108030
125729366,108109
125749366,108197
125769366,108250
125789366,108363
125809366,108455
125829366,108320
125849366,107616
125869366,106848
125889366,106347
125910366,106135
125930366,106117
125950366,106237
125970366,106431
125990366,106654
126010366,106863
126030366,107084
126050366,107296
126070366,107412
126090366,107415
126110366,107356
126131366,107267
126151366,107210
126171366,107202
126191366,107254
126211366,107344
126231366,107448
126251366,107572
126271366,107697
126291366,107819
126311366,107933
126332366,108037
126352366,108146
126372366,108231
126392366,108300
126412366,108360
126432366,108440
126452366,108539
126472366,108477
126492366,107867
126512366,107012
126532366,106409
126553366,106108
126573366,106017
126593366,106080
126613366,106250
126633366,106485
126653366,106698
126673366,106940
126693366,107172
126713366,107312
126733366,107346
126754366,107303
126774366,107235
126794366,107190
126814366,107166
126834366,107177
126854366,107253
126874366,107327
126894366,107428
126914366,107554
126934366,107679
126954366,107800
126975366,107910
126995366,108010
127015366,108103
127035366,108188
127055366,108278
127075366,108365
127095366,108421
127115366,108471
127135366,108553
127155366,108543
127175366,107994
127196366,107003
127216366,106263
127236366,105846
127256366,105698
127276366,105729
127296366,105854
127316366,106023
127336366,106196
127356366,106360
127376366,106515
127397366,106655
127417366,106742
127437366,106781
127457366,106755
127477366,106719
127497366,106706
127517366,106718
127537366,106761
127557366,106864
127577366,106968
127597366,107123
127618366,107249
127638366,107390
127658366,107521
127678366,107651
127698366,107765
127718366,107867
127738366,107957
127758366,108042
127778366,108125
127798366,108209
127818366,108280
127839366,108372
127859366,108431
127879366,108105
127899366,107217
127919366,106418
127939366,105936
127959366,105729
127979366,105724
127999366,105843
128019366,106044
128040366,106244
128060366,106455
128080366,106651
128100366,106849
128120366,106973
128140366,107028
128160366,107001
128180366,106952
128200366,106912
128220366,106917
128240366,106977
128261366,107044
128281366,107155
128301366,107274
128321366,107416
128341366,107558
128361366,107676
128381366,107785
128401366,107877
128421366,107977
128441366,108075
128462366,108152
128482366,108242
128502366,108343
128522366,108386
128542366,108462
128562366,108537
128582366,108530
128602366,108060
128622366,107165
128642366,106497
128662366,106114
128683366,105990
128703366,106048
128723366,106240
128743366,106488
128763366,106719
128783366,106939
128803366,107173
128823366,107330
128843366,107384
128863366,107340
128884366,107267
128904366,107170
128924366,107161
128944366,107173
128964366,107248
128984366,107360
129004366,107474
129024366,107616
129044366,107752
129064366,107863
129084366,107974
129105366,108064
129125366,108161
129145366,108266
129165366,108352
129185366,108410
129205366,108475
129225366,108563
129245366,108567
129265366,108137
129285366,107308
129306366,106637
129326366,106250
129346366,106117
129366366,106140
129386366,106316
129406366,106532
129426366,106740
129446366,106981
129466366,107200
129486366,107368
129506366,107422
129527366,107404
129547366,107318
129567366,107272
129587366,107233
129607366,107253
129627366,107320
129647366,107409
129667366,107514
129687366,107616
129707366,107720
129728366,107832
129748366,107953
129768366,108053
129788366,108143
129808366,108246
129828366,108314
129848366,108373
129868366,108427
129888366,108496
129908366,108530
129928366,108159
129949366,107239
129969366,106444
129989366,105999
130009366,105802
130029366,105799
130049366,105926
130069366,106115
130089366,106304
130109366,106487
130129366,106678
130150366,106885
130170366,107004
130190366,107048
130210366,107042
130230366,107024
130250366,107011
130270366,107032
130290366,107087
130310366,107164
130330366,107281
130350366,107418
130371366,107539
130391366,107678
130411366,107784
130431366,107885
130451366,108006
130471366,108104
130491366,108195
130511366,108270
130531366,108335
130551366,108402
130572366,108446
130592366,108518
130612366,108542
130632366,108095
130652366,107159
130672366,106391
130692366,105943
130712366,105782
130732366,105785
130752366,105900
130772366,106076
130793366,106261
130813366,106440
130833366,106636
130853366,106822
130873366,106937
130893366,107003
130913366,106984
130933366,106962
130953366,106946
130973366,106978
130994366,107035
131014366,107120
131034366,107245
131054366,107371
131074366,107508
131094366,107649
131114366,107766
131134366,107870
131154366,107975
131174366,108064
131194366,108143
131215366,108240
131235366,108322
131255366,108414
131275366,108474
131295366,108555
131315366,108635
131335366,108591
131355366,108016
131375366,107109
131395366,106449
131416366,106113
131436366,105994
131456366,106062
131476366,106238
131496366,106456
131516366,106688
131536366,106881
131556366,107069
131576366,107215
131596366,107286
131616366,107280
131637366,107219
131657366,107170
131677366,107144
131697366,107168
131717366,107219
131737366,107328
131757366,107454
131777366,107583
131797366,107713
131817366,107834
131837366,107948
131858366,108069
131878366,108187
131898366,108286
131918366,108378
131938366,108464
131958366,108538
131978366,108639
131998366,108770
132018366,108661
132038366,108016
132059366,107225
132079366,106707
132099366,106464
132119366,106432
132139366,106554
132159366,106759
132179366,106969
132199366,107210
132219366,107442
132239366,107638
132259366,107777
132280366,107786
132300366,107720
132320366,107637
132340366,107573
132360366,107551
132380366,107579
132400366,107650
132420366,107759
132440366,107864
132460366,107979
132481366,108107
132501366,108230
132521366,108344
132541366,108434
132561366,108538
132581366,108603
132601366,108673
132621366,108758
132641366,108804
132661366,108461
132681366,107631
132702366,106876
132722366,106448
132742366,106264
132762366,106285
132782366,106424
132802366,106610
132822366,106829
132842366,107023
132862366,107237
132882366,107396
132903366,107488
132923366,107489
132943366,107441
132963366,107374
132983366,107326
133003366,107346
133023366,107394
133043366,107476
133063366,107584
133083366,107700
133104366,107809
133124366,107925
133144366,108035
133164366,108142
133184366,108234
133204366,108324
133224366,108387
133244366,108429
133264366,108498
133284366,108583
133304366,108542
133325366,107943
133345366,107017
133365366,106351
133385366,105996
133405366,105869
133425366,105915
133445366,106045
133465366,106228
133485366,106401
133505366,106546
133526366,106716
133546366,106862
133566366,106953
133586366,106962
133606366,106933
133626366,106884
133646366,106876
133666366,106894
133686366,106958
133706366,107054
133726366,107157
133747366,107287
133767366,107412
133787366,107541
133807366,107653
133827366,107755
133847366,107861
133867366,107931
133887366,108019
133907366,108082
133927366,108155
133948366,108221
133968366,108247
133988366,107891
134008366,107042
134028366,106306
134048366,105852
134068366,105676
134088366,105698
134108366,105820
134128366,105995
134148366,106177
134169366,106331
134189366,106504
134209366,106666
134229366,106763
134249366,106791
134269366,106762
134289366,106720
134309366,106705
134329366,106719
134349366,106793
134370366,106889
134390366,106999
134410366,107121
134430366,107235
134450366,107354
134470366,107472
134490366,107565
134510366,107655
134530366,107728
134550366,107805
134570366,107884
134591366,107945
134611366,108043
134631366,108098
134651366,107784
134671366,107032
134691366,106354
134711366,105961
134731366,105833
134751366,105859
134771366,105994
134792366,106199
134812366,106384
134832366,106572
134852366,106791
134872366,106954
134892366,107033
134912366,107020
134932366,106967
134952366,106905
134972366,106883
134992366,106915
135013366,106989
135033366,107093
135053366,107215
135073366,107355
135093366,107494
135113366,107618
135133366,107729
135153366,107837
135173366,107932
135193366,108005
135214366,108072
135234366,108137
135254366,108258
135274366,108313
135294366,108030
135314366,107264
135334366,106570
135354366,106169
135374366,105994
135394366,106010
135414366,106152
135435366,106329
135455366,106536
135475366,106726
135495366,106945
135515366,107077
135535366,107141
135555366,107096
135575366,107015
135595366,106969
135615366,106942
135636366,106949
135656366,107017
135676366,107121
135696366,107231
135716366,107344
135736366,107466
135756366,107589
135776366,107695
135796366,107772
135816366,107848
135836366,107899
135857366,107966
135877366,108043
135897366,108100
135917366,108177
135937366,108249
135957366,108141
135977366,107449
135997366,106552
136017366,105914
136037366,105590
136058366,105490
136078366,105535
136098366,105687
136118366,105857
136138366,106014
136158366,106160
136178366,106327
136198366,106483
136218366,106539
136238366,106570
136258366,106554
136279366,106543
136299366,106547
136319366,106602
136339366,106682
136359366,106796
136379366,106932
136399366,107059
136419366,107177
136439366,107273
136459366,107373
136480366,107471
136500366,107567
136520366,107646
136540366,107737
136560366,107835
136580366,107911
136600366,107976
136620366,108056
136640366,108095
136660366,107726
136680366,106873
136701366,106121
136721366,105652
136741366,105500
136761366,105496
136781366,105610
136801366,105797
136821366,105955
136841366,106076
136861366,106217
136881366,106355
136902366,106440
136922366,106482
136942366,106471
136962366,106466
136982366,106478
137002366,106507
137022366,106566
137042366,106666
137062366,106778
137082366,106906
137102366,107051
137123366,107193
137143366,107303
137163366,107413
137183366,107514
137203366,107618
137223366,107720
137243366,107798
137263366,107872
137283366,107968
137303366,108056
137324366,108160
137344366,108209
137364366,107838
137384366,106985
137404366,106266
137424366,105850
137444366,105693
137464366,105725
137484366,105845
137504366,106038
137525366,106227
137545366,106396
137565366,106595
137585366,106765
137605366,106863
137625366,106864
137645366,106820
137665366,106756
137685366,106744
137705366,106760
137725366,106818
137746366,106912
137766366,107035
137786366,107197
137806366,107337
137826366,107467
137846366,107579
137866366,107685
137886366,107774
137906366,107857
137926366,107923
137947366,108012
137967366,108064
137987366,108161
138007366,108270
138027366,108322
138047366,107897
138067366,107046
138087366,106401
138107366,106026
138127366,105914
138147366,105972
138168366,106105
138188366,106313
138208366,106513
138228366,106720
138248366,106920
138268366,107075
138288366,107120
138308366,107091
138328366,107024
138348366,106963
138369366,106940
138389366,106964
138409366,107031
138429366,107139
138449366,107255
138469366,107381
138489366,107511
138509366,107623
138529366,107742
138549366,107848
138570366,107942
138590366,108022
138610366,108129
138630366,108228
138650366,108301
138670366,108378
138690366,108478
138710366,108397
138730366,107674
138750366,106775
138770366,106155
138791366,105844
138811366,105752
138831366,105824
138851366,105983
138871366,106168
138891366,106322
138911366,106473
138931366,106633
138951366,106774
138971366,106842
138992366,106852
139012366,106841
139032366,106809
139052366,106802
139072366,106849
139092366,106915
139112366,107004
139132366,107124
139152366,107256
139172366,107378
139192366,107505
139213366,107618
139233366,107732
139253366,107841
139273366,107935
139293366,108022
139313366,108093
139333366,108166
139353366,108236
139373366,108306
139393366,108382
139414366,108161
139434366,107330
139454366,106472
139474366,105933
139494366,105679
139514366,105637
139534366,105715
139554366,105871
139574366,106048
139594366,106197
139615366,106353
139635366,106516
139655366,106671
139675366,106755
139695366,106797
139715366,106795
139735366,106788
139755366,106798
139775366,106852
139795366,106934
139815366,107043
139836366,107161
139856366,107306
139876366,107439
139896366,107576
139916366,107702
139936366,107815
139956366,107923
139976366,108015
139996366,108109
140016366,108189
140037366,108285
140057366,108378
140077366,108462
140097366,108572
140117366,108349
140137366,107503
140157366,106685
140177366,106184
140197366,105972
140217366,105955
140238366,106074
140258366,106271
140278366,106486
140298366,106680
140318366,106868
140338366,107049
140358366,107179
140378366,107232
140398366,107220
140418366,107198
140439366,107175
140459366,107179
140479366,107248
140499366,107354
140519366,107449
140539366,107585
140559366,107705
140579366,107842
140599366,107966
140619366,108074
140639366,108174
140660366,108278
140680366,108378
140700366,108471
140720366,108576
140740366,108689
140760366,108721
140780366,108270
140800366,107425
140820366,106805
140840366,106488
140861366,106388
140881366,106438
140901366,106615
140921366,106831
140941366,107065
140961366,107314
140981366,107545
141001366,107694
141021366,107762
141041366,107726
141061366,107650
141082366,107567
141102366,107564
141122366,107601
141142366,107694
141162366,107804
141182366,107931
141202366,108060
141222366,108176
141242366,108276
141262366,108368
141283366,108456
141303366,108541
141323366,108616
141343366,108712
141363366,108810
141383366,108576
141403366,107779
141423366,107024
141443366,106580
141463366,106410
141483366,106419
141504366,106529
141524366,106729
141544366,106948
141564366,107179
141584366,107417
141604366,107595
141624366,107697
141644366,107715
141664366,107670
141684366,107611
141705366,107580
141725366,107612
141745366,107677
141765366,107772
141785366,107885
141805366,108000
141825366,108124
141845366,108250
141865366,108347
141885366,108452
141906366,108554
141926366,108631
141946366,108736
141966366,108816
141986366,108714
142006366,107965
142026366,107038
142046366,106441
142066366,106137
142086366,106053
142106366,106114
142127366,106258
142147366,106436
142167366,106591
142187366,106759
142207366,106946
142227366,107087
142247366,107164
142267366,107182
142287366,107164
142307366,107130
142328366,107126
142348366,107173
142368366,107267
142388366,107367
142408366,107502
142428366,107633
142448366,107784
142468366,107917
142488366,108020
142508366,108148
142528366,108247
142549366,108348
142569366,108450
142589366,108551
142609366,108575
142629366,108078
142649366,107108
142669366,106394
142689366,106012
142709366,105871
142729366,105905
142750366,106037
142770366,106214
142790366,106394
142810366,106568
142830366,106765
142850366,106935
142870366,107050
142890366,107097
142910366,107083
142930366,107072
142950366,107059
142971366,107097
142991366,107182
143011366,107300
143031366,107421
143051366,107563
143071366,107712
143091366,107829
143111366,107939
143131366,108047
143151366,108153
143172366,108247
143192366,108324
143212366,108417
143232366,108497
143252366,108564
143272366,108241
143292366,107314
143312366,106544
143332366,106100
143352366,105928
143372366,105956
143393366,106109
143413366,106309
143433366,106522
143453366,106727
143473366,106937
143493366,107112
143513366,107203
143533366,107217
143553366,107202
143573366,107160
143594366,107123
143614366,107157
143634366,107220
143654366,107323
143674366,107430
143694366,107566
143714366,107699
143734366,107821
143754366,107939
143774366,108039
143795366,108130
143815366,108229
143835366,108341
143855366,108425
143875366,108544
143895366,108652
143915366,108510
143935366,107755
143955366,106930
143975366,106436
143995366,106235
144016366,106235
144036366,106373
144056366,106590
144076366,106826
144096366,107069
144116366,107305
144136366,107499
144156366,107611
144176366,107631
144196366,107585
144217366,107530
144237366,107503
144257366,107525
144277366,107591
144297366,107705
144317366,107845
144337366,107990
144357366,108117
144377366,108236
144397366,108351
144417366,108445
144438366,108521
144458366,108597
144478366,108687
144498366,108827
144518366,108831
144538366,108295
144558366,107423
144578366,106810
144598366,106503
144618366,106415
144639366,106495
144659366,106667
144679366,106898
144699366,107131
144719366,107388
144739366,107600
144759366,107735
144779366,107754
144799366,107710
144819366,107639
144839366,107615
144860366,107633
144880366,107684
144900366,107774
144920366,107895
144940366,108027
144960366,108150
144980366,108258
145000366,108361
145020366,108444
145040366,108526
145061366,108614
145081366,108696
145101366,108784
145121366,108818
145141366,108402
145161366,107433
145181366,106626
145201366,106187
145221366,106022
145241366,106036
145261366,106162
145282366,106342
145302366,106543
145322366,106739
145342366,106960
145362366,107131
145382366,107218
145402366,107240
145422366,107200
145442366,107137
145462366,107130
145483366,107162
145503366,107228
145523366,107363
145543366,107511
145563366,107652
145583366,107809
145603366,107927
145623366,108052
145643366,108151
145663366,108241
145683366,108329
145704366,108390
145724366,108462
145744366,108534
145764366,108455
145784366,107760
145804366,106797
145824366,106148
145844366,105827
145864366,105742
145884366,105807
145905366,105950
145925366,106142
145945366,106323
145965366,106499
145985366,106694
146005366,106850
146025366,106925
146045366,106960
146065366,106951
146085366,106919
146105366,106925
146126366,106960
146146366,107048
146166366,107151
146186366,107296
146206366,107418
146226366,107534
146246366,107642
146266366,107761
146286366,107859
146306366,107966
146327366,108060
146347366,108142
146367366,108232
146387366,108330
146407366,108318
146427366,107701
146447366,106769
146467366,106139
146487366,105819
146507366,105752
146527366,105838
146548366,106016
146568366,106242
146588366,106446
146608366,106664
146628366,106871
146648366,107008
146668366,107091
146688366,107088
146708366,107046
146728366,107029
146749366,107024
146769366,107076
146789366,107154
146809366,107266
146829366,107399
146849366,107531
146869366,107644
146889366,107757
146909366,107884
146929366,107993
146950366,108102
146970366,108184
146990366,108257
147010366,108340
147030366,108436
147050366,108518
147070366,108596
147090366,108330
147110366,107436
147130366,106613
147150366,106137
147171366,105959
147191366,105991
147211366,106145
147231366,106356
147251366,106571
147271366,106799
147291366,107019
147311366,107192
147331366,107254
147351366,107234
147372366,107156
147392366,107097
147412366,107083
147432366,107118
147452366,107179
147472366,107303
147492366,107429
147512366,107566
147532366,107693
147552366,107828
147572366,107937
147593366,108043
147613366,108144
147633366,108251
147653366,108318
147673366,108403
147693366,108516
147713366,108537
147733366,108052
147753366,107202
147773366,106582
147794366,106243
147814366,106153
147834366,106228
147854366,106407
147874366,106643
147894366,106891
147914366,107144
147934366,107360
147954366,107480
147974366,107490
147995366,107417
148015366,107350
148035366,107288
148055366,107277
148075366,107330
148095366,107413
148115366,107524
148135366,107645
148155366,107760
148175366,107872
148195366,107974
148216366,108054
148236366,108149
148256366,108221
148276366,108304
148296366,108410
148316366,108436
148336366,107913
148356366,107022
148376366,106353
148396366,106018
148417366,105912
148437366,105977
148457366,106122
148477366,106343
148497366,106584
148517366,106829
148537366,107049
148557366,107190
148577366,107230
148597366,107190
148617366,107102
148638366,107020
148658366,106982
148678366,106985
148698366,107069
148718366,107154
148738366,107256
148758366,107367
148778366,107487
148798366,107586
148818366,107678
148839366,107799
148859366,107896
148879366,107998
148899366,108103
148919366,108149
148939366,107749
148959366,106800
148979366,106048
148999366,105597
149019366,105445
149039366,105461
149060366,105581
149080366,105769
149100366,105942
149120366,106101
149140366,106291
149160366,106452
149180366,106548
149200366,106586
149220366,106562
149240366,106533
149261366,106511
149281366,106545
149301366,106610
149321366,106716
149341366,106835
149361366,106959
149381366,107082
149401366,107192
149421366,107305
149441366,107404
149461366,107501
149482366,107576
149502366,107660
149522366,107735
149542366,107808
149562366,107626
149582366,106828
149602366,105984
149622366,105426
149642366,105170
149662366,105151
149683366,105249
149703366,105423
149723366,105624
149743366,105776
149763366,105963
149783366,106144
149803366,106255
149823366,106313
149843366,106318
149863366,106287
149883366,106286
149904366,106308
149924366,106365
149944366,106482
149964366,106579
149984366,106705
150004366,106825
150024366,106973
150044366,107103
150064366,107215
150084366,107320
150105366,107405
150125366,107511
150145366,107617
150165366,107703
150185366,107795
150205366,107905
150225366,107856
150245366,107186
150265366,106279
150285366,105664
150305366,105377
150326366,105321
150346366,105425
150366366,105621
150386366,105845
150406366,106039
150426366,106235
150446366,106404
150466366,106512
150486366,106555
150506366,106533
150527366,106488
150547366,106477
150567366,106506
150587366,106579
150607366,106701
150627366,106816
150647366,106933
150667366,107065
150687366,107182
150707366,107294
150727366,107392
150748366,107475
150768366,107579
150788366,107661
150808366,107751
150828366,107829
150848366,107904
150868366,108005
150888366,108005
150908366,107435
150928366,106592
150949366,105986
150969366,105702
150989366,105645
151009366,105740
151029366,105945
151049366,106160
151069366,106390
151089366,106626
151109366,106825
151129366,106938
151149366,106942
151170366,106864
151190366,106790
151210366,106732
151230366,106749
151250366,106796
151270366,106868
151290366,106970
151310366,107086
151330366,107190
151350366,107320
151371366,107421
151391366,107519
151411366,107613
151431366,107690
151451366,107768
151471366,107833
151491366,107924
151511366,107946
151531366,107506
151551366,106626
151571366,105962
151592366,105594
151612366,105482
151632366,105534
151652366,105691
151672366,105899
151692366,106107
151712366,106312
151732366,106520
151752366,106650
151772366,106691
151793366,106638
151813366,106574
151833366,106534
151853366,106557
151873366,106591
151893366,106669
151913366,106784
151933366,106885
151953366,107003
151973366,107115
151993366,107230
152014366,107340
152034366,107426
152054366,107518
152074366,107619
152094366,107708
152114366,107777
152134366,107858
152154366,107763
152174366,107025
152194366,106113
152215366,105503
152235366,105189
152255366,105118
152275366,105208
152295366,105379
152315366,105561
152335366,105720
152355366,105886
152375366,106051
152395366,106173
152415366,106243
152436366,106238
152456366,106224
152476366,106219
152496366,106228
152516366,106288
152536366,106364
152556366,106474
152576366,106589
152596366,106697
152616366,106829
152637366,106932
152657366,107038
152677366,107160
152697366,107243
152717366,107345
152737366,107415
152757366,107486
152777366,107559
152797366,107429
152817366,106700
152837366,105857
152858366,105292
152878366,105042
152898366,105012
152918366,105122
152938366,105282
152958366,105466
152978366,105615
152998366,105777
153018366,105932
153038366,106090
153059366,106155
153079366,106192
153099366,106212
153119366,106223
153139366,106287
153159366,106373
153179366,106479
153199366,106591
153219366,106713
153239366,106819
153259366,106921
153280366,107038
153300366,107159
153320366,107272
153340366,107386
153360366,107479
153380366,107565
153400366,107661
153420366,107614
153440366,107017
153460366,106163
153481366,105568
153501366,105274
153521366,105197
153541366,105272
153561366,105456
153581366,105657
153601366,105821
153621366,106006
153641366,106170
153661366,106304
153681366,106361
153702366,106347
153722366,106332
153742366,106316
153762366,106342
153782366,106416
153802366,106514
153822366,106642
153842366,106779
153862366,106900
153882366,107023
153903366,107137
153923366,107259
153943366,107353
153963366,107441
153983366,107535
154003366,107625
154023366,107449
154043366,106727
154063366,105959
154083366,105468
154103366,105252
154124366,105247
154144366,105350
154164366,105528
154184366,105743
154204366,105961
154224366,106168
154244366,106331
154264366,106416
154284366,106423
154304366,106387
154325366,106330
154345366,106352
154365366,106394
154385366,106477
154405366,106591
154425366,106698
154445366,106808
154465366,106921
154485366,107020
154505366,107129
154525366,107228
154546366,107327
154566366,107442
154586366,107523
154606366,107252
154626366,106492
154646366,105797
154666366,105369
154686366,105215
154706366,105246
154726366,105398
154747366,105591
154767366,105791
154787366,106014
154807366,106208
154827366,106355
154847366,106406
154867366,106380
154887366,106346
154907366,106338
154927366,106331
154947366,106382
154968366,106454
154988366,106571
155008366,106705
155028366,106838
155048366,106953
155068366,107063
155088366,107176
155108366,107284
155128366,107369
155148366,107474
155169366,107587
155189366,107634
155209366,107217
155229366,106369
155249366,105731
155269366,105389
155289366,105294
155309366,105378
155329366,105558
155349366,105787
155370366,106006
155390366,106244
155410366,106461
155430366,106581
155450366,106599
155470366,106578
155490366,106509
155510366,106482
155530366,106510
155550366,106570
155570366,106649
155591366,106753
155611366,106874
155631366,107016
155651366,107141
155671366,107265
155691366,107367
155711366,107472
155731366,107572
155751366,107642
155771366,107731
155792366,107854
155812366,107778
155832366,107109
155852366,106310
155872366,105812
155892366,105587
155912366,105561
155932366,105680
155952366,105915
155972366,106142
155992366,106380
156013366,106607
156033366,106795
156053366,106838
156073366,106796
156093366,106724
156113366,106656
156133366,106624
156153366,106655
156173366,106713
156193366,106819
156214366,106931
156234366,107058
156254366,107187
156274366,107300
156294366,107421
156314366,107525
156334366,107609
156354366,107704
156374366,107808
156394366,107903
156414366,107783
156435366,107058
156455366,106241
156475366,105745
156495366,105526
156515366,105513
156535366,105614
156555366,105800
156575366,106007
156595366,106221
156615366,106455
156636366,106634
156656366,106692
156676366,106680
156696366,106626
156716366,106576
156736366,106566
156756366,106582
156776366,106641
156796366,106724
156816366,106833
156836366,106942
156857366,107057
156877366,107161
156897366,107244
156917366,107355
156937366,107457
156957366,107538
156977366,107606
156997366,107687
157017366,107582
157037366,106870
157058366,105943
157078366,105314
157098366,105010
157118366,104947
157138366,105022
157158366,105179
157178366,105365
157198366,105529
157218366,105687
157238366,105871
157259366,105997
157279366,106048
157299366,106057
157319366,106032
157339366,106030
157359366,106042
157379366,106084
157399366,106160
157419366,106262
157439366,106401
157459366,106527
157480366,106644
157500366,106748
157520366,106872
157540366,106985
157560366,107113
157580366,107213
157600366,107294
157620366,107380
157640366,107461
157660366,107313
157681366,106523
157701366,105646
157721366,105081
157741366,104832
157761366,104823
157781366,104924
157801366,105095
157821366,105280
157841366,105431
157861366,105590
157881366,105745
157902366,105845
157922366,105920
157942366,105927
157962366,105932
157982366,105909
158002366,105928
158022366,105973
158042366,106053
158062366,106174
158082366,106287
158103366,106404
158123366,106524
158143366,106651
158163366,106758
158183366,106866
158203366,106962
158223366,107064
158243366,107166
158263366,107267
158283366,107353
158304366,107435
158324366,107543
158344366,107420
158364366,106623
158384366,105743
158404366,105197
158424366,104952
158444366,104926
158464366,105041
158484366,105234
158504366,105431
158525366,105615
158545366,105803
158565366,105964
158585366,106093
158605366,106157
158625366,106145
158645366,106138
158665366,106134
158685366,106153
158705366,106208
158726366,106304
158746366,106421
158766366,106556
158786366,106688
158806366,106827
158826366,106965
158846366,107063
158866366,107168
158886366,107266
158906366,107338
158926366,107412
158947366,107501
158967366,107587
158987366,107672
159007366,107811
159027366,107765
159047366,107095
159067366,106246
159087366,105686
159107366,105435
159127366,105403
159148366,105513
159168366,105710
159188366,105948
159208366,106176
159228366,106428
159248366,106629
159268366,106733
159288366,106752
159308366,106688
159328366,106613
159349366,106562
159369366,106572
159389366,106649
159409366,106758
159429366,106869
159449366,107020
159469366,107154
159489366,107265
159509366,107378
159529366,107470
159549366,107552
159570366,107654
159590366,107742
159610366,107828
159630366,107950
159650366,108057
159670366,107843
159690366,107078
159710366,106324
159730366,105877
159750366,105699
159771366,105710
159791366,105849
159811366,106068
159831366,106291
159851366,106541
159871366,106792
159891366,106953
159911366,107024
159931366,106987
159951366,106912
159971366,106845
159992366,106825
160012366,106843
160032366,106903
160052366,107003
160072366,107120
160092366,107234
160112366,107353
160132366,107449
160152366,107564
160172366,107662
160193366,107764
160213366,107843
160233366,107938
160253366,108044
160273366,108040
160293366,107439
160313366,106513
160333366,105875
160353366,105546
160373366,105445
160393366,105519
160414366,105686
160434366,105913
160454366,106103
160474366,106306
160494366,106521
160514366,106671
160534366,106708
160554366,106685
160574366,106632
160594366,106600
160615366,106582
160635366,106608
160655366,106697
160675366,106797
160695366,106910
160715366,107044
160735366,107164
160755366,107280
160775366,107381
160795366,107484
160816366,107568
160836366,107638
160856366,107724
160876366,107819
160896366,107857
160916366,107319
160936366,106384
160956366,105699
160976366,105325
160996366,105212
161016366,105273
161037366,105407
161057366,105611
161077366,105797
161097366,105983
161117366,106175
161137366,106345
161157366,106441
161177366,106482
161197366,106460
161217366,106436
161238366,106422
161258366,106461
161278366,106557
161298366,106657
161318366,106792
161338366,106906
161358366,107025
161378366,107157
161398366,107274
161418366,107372
161438366,107472
161459366,107564
161479366,107654
161499366,107747
161519366,107852
161539366,107815
161559366,107137
161579366,106189
161599366,105554
161619366,105230
161639366,105157
161660366,105241
161680366,105393
161700366,105601
161720366,105780
161740366,105972
161760366,106164
161780366,106310
161800366,106378
161820366,106369
161840366,106365
161861366,106351
161881366,106350
161901366,106390
161921366,106495
161941366,106600
161961366,106734
161981366,106854
162001366,106983
162021366,107125
162041366,107212
162061366,107315
162082366,107391
162102366,107507
162122366,107604
162142366,107680
162162366,107791
162182366,107828
162202366,107400
162222366,106496
162242366,105779
162262366,105402
162283366,105273
162303366,105337
162323366,105514
162343366,105737
162363366,105963
162383366,106173
162403366,106381
162423366,106535
162443366,106602
162463366,106597
162483366,106563
162504366,106528
162524366,106541
162544366,106579
162564366,106672
162584366,106774
162604366,106897
162624366,107033
162644366,107157
162664366,107273
162684366,107370
162705366,107467
162725366,107560
162745366,107662
162765366,107749
162785366,107851
162805366,107953
162825366,107868
162845366,107213
162865366,106394
162885366,105857
162906366,105622
162926366,105602
162946366,105739
162966366,105933
162986366,106176
163006366,106425
163026366,106675
163046366,106866
163066366,106958
163086366,106939
163106366,106862
163127366,106796
163147366,106772
163167366,106812
163187366,106880
163207366,106999
163227366,107119
163247366,107242
163267366,107360
163287366,107472
163307366,107567
163328366,107680
163348366,107760
163368366,107847
163388366,107961
163408366,108055
163428366,107788
163448366,107036
163468366,106382
163488366,105996
163508366,105857
163529366,105878
163549366,106025
163569366,106241
163589366,106465
163609366,106725
163629366,106989
163649366,107152
163669366,107176
163689366,107110
163709366,107040
163729366,106983
163750366,106956
163770366,106997
163790366,107069
163810366,107183
163830366,107313
163850366,107422
163870366,107515
163890366,107609
163910366,107690
163930366,107772
163951366,107864
163971366,107972
163991366,107889
164011366,107246
164031366,106418
164051366,105881
164071366,105613
164091366,105573
164111366,105670
164131366,105822
164151366,106011
164172366,106226
164192366,106446
164212366,106635
164232366,106734
164252366,106733
164272366,106675
164292366,106622
164312366,106591
164332366,106618
164352366,106666
164373366,106735
164393366,106833
164413366,106955
164433366,107064
164453366,107177
164473366,107280
164493366,107383
164513366,107470
164533366,107553
164553366,107623
164573366,107451
164594366,106667
164614366,105862
164634366,105320
164654366,105085
164674366,105064
164694366,105145
164714366,105281
164734366,105435
164754366,105581
164774366,105739
164795366,105901
164815366,106011
164835366,106064
164855366,106080
164875366,106087
164895366,106082
164915366,106116
164935366,106177
164955366,106270
164975366,106377
164996366,106493
165016366,106612
165036366,106740
165056366,106849
165076366,106979
165096366,107073
165116366,107155
165136366,107268
165156366,107200
165176366,106568
165196366,105757
165217366,105169
165237366,104881
165257366,104836
165277366,104918
165297366,105082
165317366,105259
165337366,105432
165357366,105593
165377366,105746
165397366,105874
165418366,105932
165438366,105949
165458366,105941
165478366,105925
165498366,105944
165518366,106021
165538366,106114
165558366,106209
165578366,106337
165598366,106447
165619366,106565
165639366,106682
165659366,106776
165679366,106877
165699366,106976
165719366,107064
165739366,107140
165759366,107202
165779366,106888
165799366,106083
165819366,105349
165840366,104921
165860366,104770
165880366,104810
165900366,104969
165920366,105156
165940366,105332
165960366,105493
165980366,105674
166000366,105823
166020366,105904
166041366,105919
166061366,105903
166081366,105893
166101366,105905
166121366,105943
166141366,106011
166161366,106105
166181366,106213
166201366,106313
166221366,106435
166241366,106533
166262366,106640
166282366,106736
166302366,106828
166322366,106893
166342366,107002
166362366,107077
166382366,107145
166402366,107247
166422366,107142
166442366,106466
166463366,105658
166483366,105153
166503366,104939
166523366,104944
166543366,105093
166563366,105303
166583366,105504
166603366,105710
166623366,105935
166643366,106117
166664366,106221
166684366,106202
166704366,106132
166724366,106080
166744366,106069
166764366,106101
166784366,106182
166804366,106289
166824366,106396
166844366,106514
166864366,106643
166885366,106759
166905366,106872
166925366,106965
166945366,107063
166965366,107153
166985366,107223
167005366,107304
167025366,107415
167045366,107447
167065366,106988
167086366,106197
167106366,105596
167126366,105280
167146366,105194
167166366,105280
167186366,105447
167206366,105672
167226366,105902
167246366,106142
167266366,106372
167287366,106485
167307366,106507
167327366,106442
167347366,106369
167367366,106343
167387366,106358
167407366,106409
167427366,106488
167447366,106586
167467366,106708
167487366,106821
167508366,106923
167528366,107019
167548366,107113
167568366,107214
167588366,107296
167608366,107366
167628366,107455
167648366,107548
167668366,107317
167688366,106512
167709366,105731
167729366,105260
167749366,105067
167769366,105060
167789366,105167
167809366,105345
167829366,105512
167849366,105692
167869366,105879
167889366,106031
167910366,106117
167930366,106129
167950366,106112
167970366,106095
167990366,106082
168010366,106129
168030366,106201
168050366,106310
168070366,106437
168090366,106556
168110366,106684
168131366,106793
168151366,106917
168171366,107027
168191366,107116
168211366,107223
168231366,107319
168251366,107401
168271366,107464
168291366,107549
168311366,107582
168332366,107201
168352366,106274
168372366,105465
168392366,104982
168412366,104796
168432366,104803
168452366,104912
168472366,105080
168492366,105238
168512366,105386
168533366,105536
168553366,105690
168573366,105825
168593366,105883
168613366,105903
168633366,105914
168653366,105923
168673366,105964
168693366,106035
168713366,106134
168733366,106271
168754366,106400
168774366,106538
168794366,106671
168814366,106803
168834366,106924
168854366,107032
168874366,107142
168894366,107236
168914366,107309
168934366,107399
168955366,107460
168975366,107531
168995366,107608
169015366,107538
169035366,106856
169055366,105927
169075366,105281
169095366,104955
169115366,104858
169135366,104931
169156366,105078
169176366,105246
169196366,105407
169216366,105571
169236366,105757
169256366,105901
169276366,105993
169296366,106024
169316366,106032
169336366,106024
169356366,106025
169377366,106072
169397366,106145
169417366,106258
169437366,106390
169457366,106520
169477366,106639
169497366,106748
169517366,106867
169537366,106987
169557366,107117
169578366,107218
169598366,107335
169618366,107455
169638366,107561
169658366,107653
169678366,107731
169698366,107794
169718366,107547
169738366,106696
169758366,105882
169778366,105401
169799366,105223
169819366,105256
169839366,105409
169859366,105622
169879366,105831
169899366,106024
169919366,106255
169939366,106433
169959366,106542
169979366,106584
170000366,106564
170020366,106538
170040366,106528
170060366,106577
170080366,106666
170100366,106756
170120366,106870
170140366,107002
170160366,107132
170180366,107272
170201366,107398
170221366,107526
170241366,107645
170261366,107751
170281366,107855
170301366,107952
170321366,108028
170341366,108118
170361366,108224
170381366,108247
170401366,107784
170422366,106887
170442366,106236
170462366,105901
170482366,105829
170502366,105903
170522366,106082
170542366,106325
170562366,106566
170582366,106831
170602366,107079
170623366,107251
170643366,107316
170663366,107273
170683366,107213
170703366,107131
170723366,107109
170743366,107125
170763366,107202
170783366,107304
170803366,107440
170824366,107575
170844366,107697
170864366,107837
170884366,107940
170904366,108055
170924366,108151
170944366,108234
170964366,108320
170984366,108442
171004366,108489
171024366,108095
171045366,107212
171065366,106510
171085366,106129
171105366,105993
171125366,106036
171145366,106199
171165366,106423
171185366,106656
171205366,106917
171225366,107176
171246366,107353
171266366,107430
171286366,107407
171306366,107358
171326366,107314
171346366,107286
171366366,107318
171386366,107374
171406366,107452
171426366,107564
171447366,107695
171467366,107816
171487366,107913
171507366,108023
171527366,108158
171547366,108259
171567366,108331
171587366,108427
171607366,108531
171627366,108413
171647366,107628
171668366,106666
171688366,106059
171708366,105751
171728366,105667
171748366,105744
171768366,105914
171788366,106134
171808366,106326
171828366,106527
171848366,106713
171869366,106868
171889366,106940
171909366,106934
171929366,106910
171949366,106894
171969366,106885
171989366,106916
172009366,107004
172029366,107113
172049366,107219
172069366,107327
172090366,107437
172110366,107566
172130366,107678
172150366,107800
172170366,107912
172190366,107999
172210366,108063
172230366,108149
172250366,108028
172270366,107278
172291366,106354
172311366,105746
172331366,105452
172351366,105377
172371366,105481
172391366,105675
172411366,105872
172431366,106079
172451366,106276
172471366,106465
172492366,106609
172512366,106683
172532366,106716
172552366,106683
172572366,106669
172592366,106683
172612366,106750
172632366,106835
172652366,106924
172672366,107070
172692366,107182
172713366,107287
172733366,107418
172753366,107539
172773366,107650
172793366,107781
172813366,107885
172833366,107977
172853366,108067
172873366,108149
172893366,107950
172914366,107125
172934366,106256
172954366,105721
172974366,105482
172994366,105466
173014366,105585
173034366,105798
173054366,106020
173074366,106239
173094366,106468
173114366,106648
173135366,106771
173155366,106828
173175366,106799
173195366,106778
173215366,106747
173235366,106781
173255366,106860
173275366,106965
173295366,107076
173315366,107188
173336366,107311
173356366,107450
173376366,107583
173396366,107684
173416366,107805
173436366,107919
173456366,108020
173476366,108102
173496366,108179
173516366,108280
173537366,108261
173557366,107708
173577366,106821
173597366,106212
173617366,105925
173637366,105861
173657366,105964
173677366,106148
173697366,106376
173717366,106615
173737366,106854
173758366,107080
173778366,107228
173798366,107258
173818366,107230
173838366,107149
173858366,107101
173878366,107113
173898366,107169
173918366,107261
173938366,107371
173959366,107504
173979366,107644
173999366,107770
174019366,107890
174039366,108003
174059366,108107
174079366,108186
174099366,108269
174119366,108348
174139366,108453
174160366,108522
174180366,108288
174200366,107492
174220366,106723
174240366,106295
174260366,106136
174280366,106152
174300366,106300
174320366,106517
174340366,106739
174360366,107015
174381366,107259
174401366,107431
174421366,107522
174441366,107511
174461366,107464
174481366,107389
174501366,107367
174521366,107378
174541366,107427
174561366,107517
174582366,107634
174602366,107764
174622366,107884
174642366,107987
174662366,108105
174682366,108189
174702366,108274
174722366,108359
174742366,108469
174762366,108558
174783366,108279
174803366,107419
174823366,106615
174843366,106117
174863366,105915
174883366,105927
174903366,106060
174923366,106258
174943366,106464
174963366,106665
174983366,106882
175004366,107055
175024366,107151
175044366,107154
175064366,107109
175084366,107093
175104366,107077
175124366,107092
175144366,107160
175164366,107262
175184366,107393
175205366,107508
175225366,107643
175245366,107749
175265366,107861
175285366,107968
175305366,108072
175325366,108180
175345366,108261
175365366,108323
175385366,108386
175406366,108450
175426366,108391
175446366,107730
175466366,106716
175486366,105998
175506366,105622
175526366,105485
175546366,105525
175566366,105671
175586366,105839
175606366,106003
175627366,106162
175647366,106343
175667366,106507
175687366,106614
175707366,106661
175727366,106630
175747366,106611
175767366,106624
175787366,106686
175807366,106755
175828366,106862
175848366,106967
175868366,107104
175888366,107242
175908366,107381
175928366,107489
175948366,107583
175968366,107674
175988366,107753
176008366,107824
176028366,107898
176049366,107961
176069366,108026
176089366,108092
176109366,108185
176129366,107937
176149366,107042
176169366,106179
176189366,105650
176209366,105418
176229366,105409
176250366,105530
176270366,105718
176290366,105919
176310366,106084
176330366,106274
176350366,106457
176370366,106573
176390366,106647
176410366,106716
176430366,106736
176451366,106738
176471366,106788
176491366,106867
176511366,106977
176531366,107097
176551366,107219
176571366,107342
176591366,107494
176611366,107615
176631366,107741
176651366,107877
176672366,108000
176692366,108136
176712366,108238
176732366,108341
176752366,108437
176772366,108527
176792366,108605
176812366,108675
176832366,108739
176852366,108650
176873366,107948
176893366,106933
176913366,106241
176933366,105877
176953366,105791
176973366,105864
176993366,106016
177013366,106237
177033366,106416
177053366,106571
177074366,106741
177094366,106848
177114366,106919
177134366,106892
177154366,106850
177174366,106832
177194366,106847
177214366,106903
177234366,107001
177254366,107099
177274366,107220
177295366,107326
177315366,107472
177335366,107586
177355366,107686
177375366,107798
177395366,107889
177415366,107967
177435366,108036
177455366,108104
177475366,108180
177496366,108257
177516366,108330
177536366,108411
177556366,108496
177576366,108535
177596366,108087
177616366,107196
177636366,106529
177656366,106171
177676366,106056
177696366,106119
177717366,106318
177737366,106562
177757366,106812
177777366,107094
177797366,107336
177817366,107493
177837366,107560
177857366,107520
177877366,107433
177897366,107356
177918366,107340
177938366,107365
177958366,107435
177978366,107555
177998366,107704
178018366,107835
178038366,107975
178058366,108105
178078366,108186
178098366,108257
178119366,108313
178139366,108358
178159366,108413
178179366,108481
178199366,108573
178219366,108697
178239366,108521
178259366,107796
178279366,107011
178299366,106519
178319366,106300
178340366,106267
178360366,106395
178380366,106595
178400366,106813
178420366,107048
178440366,107267
178460366,107456
178480366,107554
178500366,107546
178520366,107483
178541366,107400
178561366,107357
178581366,107368
178601366,107419
178621366,107501
178641366,107617
178661366,107729
178681366,107843
178701366,107970
178721366,108068
178741366,108170
178762366,108260
178782366,108359
178802366,108448
178822366,108537
178842366,108627
178862366,108466
178882366,107662
178902366,106781
178922366,106218
178942366,105951
178963366,105893
178983366,105973
179003366,106137
179023366,106333
179043366,106518
179063366,106717
179083366,106912
179103366,107038
179123366,107087
179143366,107062
179164366,106991
179184366,106957
179204366,106968
179224366,107015
179244366,107118
179264366,107210
179284366,107313
179304366,107433
179324366,107556
179344366,107675
179364366,107784
179385366,107872
179405366,107974
179425366,108046
179445366,108144
179465366,108245
179485366,108304
179505366,108093
179525366,107224
179545366,106350
179565366,105787
179586366,105530
179606366,105483
179626366,105571
179646366,105751
179666366,105957
179686366,106114
179706366,106298
179726366,106471
179746366,106618
179766366,106686
179787366,106695
179807366,106683
179827366,106687
179847366,106699
179867366,106770
179887366,106881
179907366,106994
179927366,107114
179947366,107245
179967366,107361
179987366,107478
180008366,107585
180028366,107723
180048366,107813
180068366,107919
180088366,108024
180108366,108115
180128366,108226
180148366,108312
180168366,108047
180188366,107184
180209366,106367
180229366,105884
180249366,105661
180269366,105634
180289366,105743
180309366,105900
180329366,106119
180349366,106320
180369366,106522
180389366,106719
180410366,106846
180430366,106922
180450366,106920
180470366,106883
180490366,106902
180510366,106950
180530366,107012
180550366,107129
180570366,107256
180590366,107371
180611366,107492
180631366,107619
180651366,107770
180671366,107888
180691366,107982
180711366,108091
180731366,108202
180751366,108289
180771366,108368
180791366,108453
180811366,108513
180832366,108239
180852366,107392
180872366,106630
180892366,106208
180912366,106044
180932366,106070
180952366,106210
180972366,106430
180992366,106644
181012366,106880
181033366,107109
181053366,107289
181073366,107363
181093366,107338
181113366,107283
181133366,107233
181153366,107219
181173366,107255
181193366,107320
181213366,107425
181233366,107519
181254366,107643
181274366,107768
181294366,107877
181314366,107991
181334366,108098
181354366,108184
181374366,108262
181394366,108355
181414366,108479
181434366,108475
181455366,108019
181475366,107197
181495366,106615
181515366,106304
181535366,106236
181555366,106295
181575366,106453
181595366,106676
181615366,106893
181635366,107135
181656366,107344
181676366,107455
181696366,107475
181716366,107424
181736366,107343
181756366,107308
181776366,107303
181796366,107343
181816366,107413
181836366,107496
181857366,107594
181877366,107699
181897366,107821
181917366,107915
181937366,108012
181957366,108096
181977366,108165
181997366,108243
182017366,108323
182037366,108220
182057366,107526
182078366,106650
182098366,106073
182118366,105785
182138366,105701
182158366,105769
182178366,105928
182198366,106119
182218366,106283
182238366,106463
182258366,106631
182279366,106766
182299366,106797
182319366,106760
182339366,106722
182359366,106701
182379366,106714
182399366,106762
182419366,106842
182439366,106947
182459366,107062
182480366,107174
182500366,107288
182520366,107386
182540366,107476
182560366,107582
182580366,107672
182600366,107743
182620366,107826
182640366,107835
182660366,107349
182680366,106455
182701366,105732
182721366,105338
182741366,105179
182761366,105201
182781366,105332
182801366,105486
182821366,105638
182841366,105792
182861366,105960
182881366,106100
182902366,106182
182922366,106206
182942366,106211
182962366,106212
182982366,106231
183002366,106275
183022366,106344
183042366,106447
183062366,106559
183082366,106662
183103366,106763
183123366,106859
183143366,106978
183163366,107072
183183366,107151
183203366,107247
183223366,107322
183243366,107393
183263366,107477
183283366,107563
183304366,107485
183324366,106791
183344366,105936
183364366,105310
183384366,105007
183404366,104952
183424366,105020
183444366,105162
183464366,105318
183484366,105460
183504366,105595
183525366,105733
183545366,105842
183565366,105907
183585366,105918
183605366,105915
183625366,105915
183645366,105940
183665366,106014
183685366,106110
183705366,106207
183726366,106337
183746366,106439
183766366,106552
183786366,106669
183806366,106800
183826366,106909
183846366,107003
183866366,107094
183886366,107175
183906366,107261
183927366,107352
183947366,107433
183967366,107530
183987366,107573
184007366,107213
184027366,106372
184047366,105642
184067366,105223
184087366,105091
184107366,105134
184127366,105283
184148366,105472
184168366,105651
184188366,105807
184208366,105994
184228366,106146
184248366,106220
184268366,106214
184288366,106190
184308366,106156
184328366,106153
184349366,106175
184369366,106251
184389366,106343
184409366,106465
184429366,106587
184449366,106704
184469366,106812
184489366,106931
184509366,107023
184529366,107115
184550366,107200
184570366,107278
184590366,107359
184610366,107423
184630366,107516
184650366,107623
184670366,107581
184690366,107025
184710366,106209
184730366,105585
184751366,105292
184771366,105234
184791366,105325
184811366,105493
184831366,105697
184851366,105932
184871366,106154
184891366,106334
184911366,106426
184931366,106409
184951366,106346
184972366,106263
184992366,106237
185012366,106250
185032366,106291
185052366,106383
185072366,106511
185092366,106646
185112366,106760
185132366,106860
185152366,106953
185173366,107034
185193366,107112
185213366,107206
185233366,107265
185253366,107357
185273366,107455
185293366,107443
185313366,106960
185333366,106195
185353366,105611
185373366,105292
185394366,105190
185414366,105262
185434366,105395
185454366,105605
185474366,105817
185494366,106026
185514366,106229
185534366,106354
185554366,106378
185574366,106359
185595366,106325
185615366,106316
185635366,106336
185655366,106400
185675366,106503
185695366,106623
185715366,106743
185735366,106848
185755366,106943
185775366,107065
185796366,107154
185816366,107238
185836366,107324
185856366,107401
185876366,107457
185896366,107530
185916366,107589
185936366,107292
185956366,106442
185976366,105654
185997366,105141
186017366,104927
186037366,104905
186057366,104993
186077366,105153
186097366,105307
186117366,105432
186137366,105572
186157366,105720
186177366,105828
186197366,105886
186218366,105891
186238366,105870
186258366,105842
186278366,105862
186298366,105935
186318366,106040
186338366,106164
186358366,106272
186378366,106370
186398366,106473
186419366,106600
186439366,106690
186459366,106778
186479366,106873
186499366,106969
186519366,107046
186539366,107126
186559366,107202
186579366,107243
186599366,106879
186620366,106032
186640366,105298
186660366,104862
186680366,104697
186700366,104727
186720366,104840
186740366,104990
186760366,105149
186780366,105265
186800366,105427
186820366,105593
186841366,105709
186861366,105806
186881366,105831
186901366,105821
186921366,105853
186941366,105883
186961366,105966
186981366,106060
187001366,106195
187021366,106313
187042366,106437
187062366,106552
187082366,106678
187102366,106788
187122366,106911
187142366,107011
187162366,107082
187182366,107158
187202366,107231
187222366,107313
187242366,107392
187263366,107483
187283366,107562
187303366,107408
187323366,106626
187343366,105768
187363366,105201
187383366,104941
187403366,104884
187423366,104960
187443366,105144
187464366,105308
187484366,105472
187504366,105619
187524366,105778
187544366,105918
187564366,106001
187584366,106028
187604366,106020
187624366,106009
187644366,106046
187665366,106090
187685366,106159
187705366,106261
187725366,106388
187745366,106519
187765366,106658
187785366,106778
187805366,106915
187825366,107029
187845366,107137
187865366,107231
187886366,107306
187906366,107408
187926366,107498
187946366,107576
187966366,107660
187986366,107746
188006366,107752
188026366,107283
188046366,106383
188066366,105695
188087366,105314
188107366,105187
188127366,105242
188147366,105395
188167366,105601
188187366,105794
188207366,105987
188227366,106174
188247366,106318
188267366,106392
188287366,106391
188308366,106364
188328366,106365
188348366,106385
188368366,106448
188388366,106544
188408366,106644
188428366,106766
188448366,106908
188468366,107034
188488366,107143
188509366,107255
188529366,107355
188549366,107470
188569366,107576
188589366,107668
188609366,107757
188629366,107844
188649366,107903
188669366,107568
188689366,106744
188710366,106053
188730366,105677
188750366,105538
188770366,105560
188790366,105738
188810366,105959
188830366,106181
188850366,106426
188870366,106649
188890366,106840
188910366,106918
188931366,106902
188951366,106867
188971366,106852
188991366,106862
189011366,106928
189031366,107033
189051366,107139
189071366,107256
189091366,107373
189111366,107492
189132366,107618
189152366,107743
189172366,107858
189192366,107971
189212366,108097
189232366,108237
189252366,108173
189272366,107589
189292366,106829
189312366,106334
189333366,106110
189353366,106082
189373366,106218
189393366,106419
189413366,106662
189433366,106949
189453366,107235
189473366,107450
189493366,107566
189513366,107576
189533366,107505
189554366,107430
189574366,107391
189594366,107406
189614366,107470
189634366,107567
189654366,107674
189674366,107792
189694366,107905
189714366,108009
189734366,108131
189755366,108234
189775366,108346
189795366,108449
189815366,108376
189835366,107775
189855366,107009
189875366,106518
189895366,106293
189915366,106271
189935366,106388
189956366,106584
189976366,106812
189996366,107077
190016366,107351
190036366,107567
190056366,107683
190076366,107683
190096366,107615
190116366,107517
190136366,107457
190156366,107443
190177366,107445
190197366,107530
190217366,107614
190237366,107712
190257366,107837
190277366,107945
190297366,108021
190317366,108100
190337366,108177
190357366,108064
190378366,107379
190398366,106539
190418366,105985
190438366,105732
190458366,105682
190478366,105775
190498366,105951
190518366,106142
190538366,106328
190558366,106536
190579366,106723
190599366,106820
190619366,106818
190639366,106762
190659366,106696
190679366,106681
190699366,106702
190719366,106770
190739366,106871
190759366,106966
190779366,107076
190800366,107192
190820366,107328
190840366,107453
190860366,107559
190880366,107667
190900366,107694
190920366,107190
190940366,106289
190960366,105576
190980366,105190
191001366,105039
191021366,105078
191041366,105235
191061366,105399
191081366,105554
191101366,105711
191121366,105872
191141366,106036
191161366,106111
191181366,106139
191202366,106105
191222366,106099
191242366,106100
191262366,106158
191282366,106248
191302366,106354
191322366,106474
191342366,106597
191362366,106698
191382366,106821
191403366,106925
191423366,107007
191443366,107083
191463366,107187
191483366,107278
191503366,106988
191523366,106128
191543366,105342
191563366,104853
191583366,104680
191603366,104696
191624366,104810
191644366,104958
191664366,105105
191684366,105248
191704366,105403
191724366,105540
191744366,105652
191764366,105691
191784366,105701
191804366,105687
191825366,105703
191845366,105740
191865366,105811
191885366,105898
191905366,106017
191925366,106137
191945366,106250
191965366,106345
191985366,106464
192005366,106570
192026366,106667
192046366,106760
192066366,106854
192086366,106940
192106366,107024
192126366,107113
192146366,106929
192166366,106121
192186366,105282
192206366,104751
192226366,104529
192247366,104512
192267366,104631
192287366,104799
192307366,104980
192327366,105151
192347366,105321
192367366,105482
192387366,105582
192407366,105625
192427366,105629
192448366,105632
192468366,105650
192488366,105695
192508366,105795
192528366,105932
192548366,106070
192568366,106216
192588366,106342
192608366,106469
192628366,106575
192649366,106688
192669366,106784
192689366,106872
192709366,106952
192729366,107031
192749366,107111
192769366,107167
192789366,107237
192809366,107315
192829366,107179
192850366,106433
192870366,105588
192890366,105073
192910366,104845
192930366,104841
192950366,104987
192970366,105199
192990366,105391
193010366,105573
193030366,105755
193050366,105916
193071366,105983
193091366,105995
193111366,105966
193131366,105915
193151366,105934
193171366,106003
193191366,106081
193211366,106203
193231366,106337
193251366,106474
193272366,106597
193292366,106711
193312366,106823
193332366,106919
193352366,107008
193372366,107079
193392366,107167
193412366,107249
193432366,107319
193452366,107414
193473366,107391
193493366,106816
193513366,106043
193533366,105480
193553366,105221
193573366,105192
193593366,105303
193613366,105488
193633366,105686
193653366,105893
193673366,106110
193694366,106284
193714366,106385
193734366,106376
193754366,106330
193774366,106279
193794366,106235
193814366,106254
193834366,106312
193854366,106404
193874366,106537
193895366,106657
193915366,106767
193935366,106868
193955366,106965
193975366,107059
193995366,107129
194015366,107202
194035366,107270
194055366,107354
194075366,107449
194096366,107255
194116366,106500
194136366,105754
194156366,105278
194176366,105091
194196366,105086
194216366,105182
194236366,105356
194256366,105524
194276366,105695
194296366,105895
194317366,106041
194337366,106114
194357366,106117
194377366,106096
194397366,106056
194417366,106061
194437366,106110
194457366,106188
194477366,106292
194497366,106405
194518366,106512
194538366,106615
194558366,106698
194578366,106776
194598366,106878
194618366,106946
194638366,107036
194658366,107139
194678366,107222
194698366,107293
194719366,107336
194739366,106985
194759366,106096
194779366,105324
194799366,104842
194819366,104635
194839366,104635
194859366,104720
194879366,104833
194899366,104940
194920366,105047
194940366,105187
194960366,105362
194980366,105475
195000366,105557
195020366,105564
195040366,105538
195060366,105496
195080366,105467
195100366,105494
195120366,105579
195141366,105703
195161366,105859
195181366,106029
195201366,106194
195221366,106336
195241366,106461
195261366,106570
195281366,106664
195301366,106744
195321366,106827
195342366,106900
195362366,106983
195382366,107057
195402366,107136
195422366,107208
195442366,107207
195462366,106611
195482366,105677
195502366,104958
195522366,104568
195543366,104438
195563366,104464
195583366,104576
195603366,104700
195623366,104824
195643366,104926
195663366,105035
195683366,105182
195703366,105279
195723366,105332
195743366,105354
195764366,105355
195784366,105382
195804366,105419
195824366,105504
195844366,105617
195864366,105740
195884366,105870
195904366,105998
195924366,106106
195944366,106210
195965366,106324
195985366,106444
196005366,106545
196025366,106639
196045366,106725
196065366,106834
196085366,106920
196105366,107012
196125366,107097
196145366,107161
196166366,107242
196186366,107315
196206366,107417
196226366,107378
196246366,106695
196266366,105750
196286366,105092
196306366,104769
196326366,104677
196346366,104730
196366366,104859
196387366,105024
196407366,105173
196427366,105291
196447366,105464
196467366,105612
196487366,105713
196507366,105739
196527366,105727
196547366,105720
196567366,105722
196588366,105775
196608366,105855
196628366,105974
196648366,106134
196668366,106284
196688366,106425
196708366,106557
196728366,106663
196748366,106790
196768366,106910
196789366,107008
196809366,107103
196829366,107190
196849366,107293
196869366,107383
196889366,107458
196909366,107507
196929366,107583
196949366,107660
196969366,107741
196989366,107837
197010366,107923
197030366,107714
197050366,106828
197070366,105968
197090366,105471
197110366,105265
197130366,105236
197150366,105361
197170366,105537
197190366,105737
197211366,105909
197231366,106085
197251366,106258
197271366,106348
197291366,106394
197311366,106365
197331366,106316
197351366,106307
197371366,106314
197391366,106396
197412366,106495
197432366,106622
197452366,106776
197472366,106912
197492366,107029
197512366,107161
197532366,107277
197552366,107375
197572366,107483
197592366,107568
197612366,107633
197633366,107709
197653366,107779
197673366,107867
197693366,107967
197713366,108067
197733366,107907
197753366,107171
197773366,106396
197793366,105912
197813366,105696
197834366,105687
197854366,105829
197874366,106059
197894366,106293
197914366,106554
197934366,106819
197954366,107025
197974366,107132
197994366,107130
198014366,107059
198034366,106966
198055366,106912
198075366,106920
198095366,106973
198115366,107085
198135366,107208
198155366,107339
198175366,107454
198195366,107555
198215366,107657
198235366,107750
198256366,107830
198276366,107904
198296366,107984
198316366,108060
198336366,108203
198356366,108305
198376366,108076
198396366,107234
198416366,106424
198436366,105965
198457366,105771
198477366,105744
198497366,105880
198517366,106057
198537366,106235
198557366,106442
198577366,106660
198597366,106840
198617366,106926
198637366,106923
198657366,106855
198678366,106781
198698366,106734
198718366,106742
198738366,106804
198758366,106894
198778366,107011
198798366,107115
198818366,107230
198838366,107344
198858366,107440
198879366,107522
198899366,107609
198919366,107683
198939366,107748
198959366,107832
198979366,107915
198999366,107667
199019366,106796
199039366,105972
199059366,105446
199079366,105201
199100366,105132
199120366,105234
199140366,105394
199160366,105556
199180366,105681
199200366,105839
199220366,106004
199240366,106115
199260366,106153
199280366,106130
199301366,106076
199321366,106041
199341366,106075
199361366,106115
199381366,106209
199401366,106332
199421366,106456
199441366,106584
199461366,106707
199481366,106807
199501366,106911
199522366,106999
199542366,107105
199562366,107194
199582366,107293
199602366,107384
199622366,107450
199642366,107524
199662366,107508
199682366,106888
199702366,105921
199723366,105218
199743366,104844
199763366,104711
199783366,104743
199803366,104863
199823366,105007
199843366,105121
199863366,105213
199883366,105343
199903366,105490
199924366,105608
199944366,105655
199964366,105685
199984366,105682
200004366,105710
200024366,105748
200044366,105817
200064366,105925
200084366,106040
200104366,106162
200124366,106286
200145366,106408
200165366,106551
200185366,106671
200205366,106784
200225366,106892
200245366,106982
200265366,107058
200285366,107130
200305366,107196
200325366,107254
200346366,107345
200366366,107420
200386366,107198
200406366,106347
200426366,105511
200446366,104968
200466366,104737
200486366,104707
200506366,104807
200526366,104952
200547366,105119
200567366,105236
200587366,105376
200607366,105525
200627366,105665
200647366,105734
200667366,105745
200687366,105737
200707366,105719
200727366,105732
200747366,105783
200768366,105859
200788366,105982
200808366,106106
200828366,106251
200848366,106398
200868366,106528
200888366,106636
200908366,106761
200928366,106831
200948366,106931
200969366,107005
200989366,107109
201009366,107199
201029366,107289
201049366,107388
201069366,107477
201089366,107559
201109366,107647
201129366,107739
201149366,107835
201170366,107593
201190366,106674
201210366,105795
201230366,105269
201250366,105053
201270366,105044
201290366,105159
201310366,105346
201330366,105516
201350366,105676
201371366,105835
201391366,106002
201411366,106100
201431366,106119
201451366,106119
201471366,106090
201491366,106073
201511366,106099
201531366,106146
201551366,106237
201571366,106366
201592366,106494
201612366,106623
201632366,106749
201652366,106872
201672366,106987
201692366,107082
201712366,107175
201732366,107240
201752366,107319
201772366,107385
201793366,107454
201813366,107540
201833366,107623
201853366,107697
201873366,107784
201893366,107895
201913366,107957
201933366,107640
201953366,106738
201973366,106003
201994366,105598
202014366,105452
202034366,105475
202054366,105621
202074366,105850
202094366,106075
202114366,106298
202134366,106506
202154366,106686
202174366,106748
202194366,106753
202215366,106693
202235366,106625
202255366,106617
202275366,106644
202295366,106719
202315366,106824
202335366,106957
202355366,107104
202375366,107229
202395366,107337
202416366,107462
202436366,107547
202456366,107619
202476366,107705
202496366,107795
202516366,107896
202536366,107956
202556366,108017
202576366,108124
202596366,108184
202617366,107880
202637366,107014
202657366,106277
202677366,105857
202697366,105717
202717366,105727
202737366,105853
202757366,106044
202777366,106230
202797366,106414
202817366,106621
202838366,106790
202858366,106885
202878366,106873
202898366,106810
202918366,106761
202938366,106720
202958366,106715
202978366,106769
202998366,106855
203018366,106983
203039366,107110
203059366,107225
203079366,107366
203099366,107482
203119366,107577
203139366,107669
203159366,107762
203179366,107839
203199366,107927
203219366,108018
203240366,108078
203260366,107730
203280366,106843
203300366,106054
203320366,105577
203340366,105406
203360366,105393
203380366,105505
203400366,105665
203420366,105822
203440366,105932
203461366,106087
203481366,106256
203501366,106369
203521366,106416
203541366,106417
203561366,106385
203581366,106362
203601366,106363
203621366,106421
203641366,106480
203662366,106592
203682366,106716
203702366,106840
203722366,106956
203742366,107085
203762366,107212
203782366,107314
203802366,107391
203822366,107461
203842366,107539
203863366,107617
203883366,107695
203903366,107775
203923366,107856
203943366,107937
203963366,107973
203983366,107494
204003366,106470
204023366,105643
204043366,105169
204063366,104976
204084366,104976
204104366,105088
204124366,105237
204144366,105402
204164366,105512
204184366,105610
204204366,105751
204224366,105856
204244366,105930
204264366,105962
204285366,105971
204305366,105971
204325366,106001
204345366,106046
204365366,106163
204385366,106284
204405366,106407
204425366,106538
204445366,106668
204465366,106797
204486366,106926
204506366,107054
204526366,107169
204546366,107256
204566366,107335
204586366,107422
204606366,107502
204626366,107583
204646366,107646
204666366,107721
204686366,107778
204707366,107392
204727366,106412
204747366,105591
204767366,105115
204787366,104923
204807366,104906
204827366,105025
204847366,105164
204867366,105312
204887366,105445
204908366,105596
204928366,105746
204948366,105880
204968366,105948
204988366,105968
205008366,105962
205028366,105947
205048366,105975
205068366,106022
205088366,106115
205108366,106224
205129366,106353
205149366,106490
205169366,106637
205189366,106767
205209366,106912
205229366,107024
205249366,107118
205269366,107217
205289366,107331
205309366,107414
205330366,107517
205350366,107626
205370366,107708
205390366,107799
205410366,107904
205430366,107904
205450366,107372
205470366,106361
205490366,105631
205510366,105244
205531366,105118
205551366,105166
205571366,105332
205591366,105534
205611366,105749
205631366,105932
205651366,106113
205671366,106286
205691366,106380
205711366,106402
205731366,106385
205752366,106340
205772366,106332
205792366,106349
205812366,106432
205832366,106534
205852366,106653
205872366,106792
205892366,106937
205912366,107063
205932366,107206
205953366,107321
205973366,107426
205993366,107510
206013366,107596
206033366,107713
206053366,107826
206073366,107936
206093366,108060
206113366,108141
206133366,108249
206154366,108381
206174366,108471
206194366,108175
206214366,107276
206234366,106473
206254366,106027
206274366,105850
206294366,105877
206314366,106019
206334366,106242
206354366,106477
206375366,106718
206395366,106970
206415366,107167
206435366,107282
206455366,107298
206475366,107235
206495366,107153
206515366,107111
206535366,107128
206555366,107198
206576366,107292
206596366,107432
206616366,107577
206636366,107722
206656366,107863
206676366,108010
206696366,108104
206716366,108201
206736366,108284
206756366,108368
206776366,108420
206797366,108482
206817366,108602
206837366,108658
206857366,108407
206877366,107596
206897366,106805
206917366,106366
206937366,106170
206957366,106177
206977366,106313
206998366,106509
207018366,106726
207038366,106971
207058366,107222
207078366,107432
207098366,107522
207118366,107516
207138366,107451
207158366,107340
207178366,107258
207199366,107231
207219366,107267
207239366,107352
207259366,107449
207279366,107577
207299366,107703
207319366,107815
207339366,107915
207359366,108003
207379366,108083
207399366,108144
207420366,108201
207440366,108301
207460366,108328
207480366,107933
207500366,106992
207520366,106237
207540366,105786
207560366,105588
207580366,105581
207600366,105675
207621366,105862
207641366,106061
207661366,106253
207681366,106459
207701366,106638
207721366,106745
207741366,106772
207761366,106727
207781366,106673
207801366,106650
207822366,106667
207842366,106707
207862366,106782
207882366,106873
207902366,106985
207922366,107110
207942366,107215
207962366,107318
207982366,107425
208002366,107504
208022366,107589
208043366,107662
208063366,107765
208083366,107783
208103366,107290
208123366,106333
208143366,105605
208163366,105170
208183366,104996
208203366,105006
208223366,105114
208244366,105269
208264366,105428
208284366,105574
208304366,105733
208324366,105886
208344366,105991
208364366,106013
208384366,106027
208404366,106004
208424366,105985
208444366,105993
208465366,106044
208485366,106152
208505366,106260
208525366,106392
208545366,106522
208565366,106637
208585366,106761
208605366,106881
208625366,106975
208645366,107085
208666366,107174
208686366,107247
208706366,107328
208726366,107424
208746366,107464
208766366,106923
208786366,105987
208806366,105287
208826366,104931
208846366,104806
208866366,104834
208887366,104962
208907366,105148
208927366,105312
208947366,105481
208967366,105666
208987366,105809
209007366,105891
209027366,105933
209047366,105924
209067366,105895
209088366,105899
209108366,105943
209128366,106020
209148366,106144
209168366,106276
209188366,106394
209208366,106532
209228366,106659
209248366,106770
209268366,106887
209289366,106992
209309366,107102
209329366,107194
209349366,107277
209369366,107362
209389366,107460
209409366,107559
209429366,107517
209449366,106908
209469366,105984
209489366,105358
209510366,105044
209530366,104966
209550366,105053
209570366,105232
209590366,105453
209610366,105652
209630366,105838
209650366,106040
209670366,106176
209690366,106242
209711366,106240
209731366,106201
209751366,106188
209771366,106203
209791366,106254
209811366,106350
209831366,106464
209851366,106589
209871366,106728
209891366,106857
209911366,106993
209932366,107118
209952366,107230
209972366,107331
209992366,107433
210012366,107534
210032366,107642
210052366,107709
210072366,107780
210092366,107880
210112366,107975
210133366,107747
210153366,106913
210173366,106133
210193366,105691
210213366,105525
210233366,105542
210253366,105689
210273366,105899
210293366,106100
210313366,106317
210334366,106548
210354366,106745
210374366,106827
210394366,106805
210414366,106747
210434366,106681
210454366,106630
210474366,106636
210494366,106691
210514366,106792
210534366,106919
210555366,107053
210575366,107179
210595366,107315
210615366,107430
210635366,107551
210655366,107663
210675366,107757
210695366,107824
210715366,107908
210735366,108023
210756366,108073
210776366,107675
210796366,106850
210816366,106190
210836366,105847
210856366,105733
210876366,105764
210896366,105941
210916366,106131
210936366,106352
210956366,106609
210977366,106824
210997366,106979
211017366,107057
211037366,107016
211057366,106923
211077366,106819
211097366,106755
211117366,106768
211137366,106811
211157366,106897
211178366,106986
211198366,107108
211218366,107228
211238366,107332
211258366,107457
211278366,107556
211298366,107641
211318366,107728
211338366,107801
211358366,107888
211378366,107848
211399366,107219
211419366,106341
211439366,105737
211459366,105413
211479366,105335
211499366,105401
211519366,105549
211539366,105751
211559366,105925
211579366,106122
211600366,106310
211620366,106457
211640366,106527
211660366,106532
211680366,106498
211700366,106471
211720366,106454
211740366,106483
211760366,106559
211780366,106652
211801366,106776
211821366,106892
211841366,107026
211861366,107128
211881366,107245
211901366,107342
211921366,107447
211941366,107530
211961366,107592
211981366,107671
212001366,107712
212022366,107287
212042366,106342
212062366,105580
212082366,105137
212102366,104972
212122366,104968
212142366,105079
212162366,105230
212182366,105368
212202366,105514
212223366,105648
212243366,105797
212263366,105915
212283366,105949
212303366,105955
212323366,105947
212343366,105937
212363366,105978
212383366,106035
212403366,106124
212423366,106216
212444366,106320
212464366,106437
212484366,106556
212504366,106662
212524366,106771
212544366,106871
212564366,106941
212584366,107013
212604366,107082
212624366,107159
212645366,107170
212665366,106705
212685366,105842
212705366,105135
212725366,104746
212745366,104611
212765366,104638
212785366,104759
212805366,104916
212825366,105066
212846366,105220
212866366,105376
212886366,105521
212906366,105619
212926366,105677
212946366,105686
212966366,105665
212986366,105678
213006366,105723
213026366,105787
213046366,105885
213067366,105996
213087366,106122
213107366,106246
213127366,106379
213147366,106530
213167366,106647
213187366,106752
213207366,106875
213227366,106960
213247366,107058
213268366,107152
213288366,107244
213308366,107352
213328366,107466
213348366,107380
213368366,106629
213388366,105719
213408366,105118
213428366,104850
213448366,104813
213468366,104922
213489366,105081
213509366,105280
213529366,105467
213549366,105646
213569366,105830
213589366,105968
213609366,106025
213629366,106027
213649366,105997
213669366,105983
213690366,105983
213710366,106044
213730366,106131
213750366,106232
213770366,106345
213790366,106460
213810366,106570
213830366,106684
213850366,106812
213870366,106921
213890366,107004
213911366,107070
213931366,107171
213951366,107260
213971366,107359
213991366,107420
214011366,107519
214031366,107635
214051366,107574
214071366,106898
214091366,106054
214112366,105484
214132366,105213
214152366,105191
214172366,105298
214192366,105469
214212366,105674
214232366,105899
214252366,106134
214272366,106336
214292366,106437
214312366,106453
214333366,106398
214353366,106336
214373366,106288
214393366,106293
214413366,106349
214433366,106449
214453366,106552
214473366,106682
214493366,106809
214513366,106929
214534366,107052
214554366,107140
214574366,107244
214594366,107337
214614366,107418
214634366,107497
214654366,107617
214674366,107729
214694366,107653
214714366,107009
214734366,106227
214755366,105748
214775366,105529
214795366,105495
214815366,105631
214835366,105837
214855366,106048
214875366,106276
214895366,106510
214915366,106709
214935366,106820
214956366,106844
214976366,106810
214996366,106736
215016366,106701
215036366,106715
215056366,106758
215076366,106847
215096366,106961
215116366,107073
215136366,107190
215157366,107300
215177366,107408
215197366,107501
215217366,107579
215237366,107653
215257366,107724
215277366,107810
215297366,107790
215317366,107236
215337366,106345
215357366,105714
215378366,105357
215398366,105240
215418366,105284
215438366,105405
215458366,105597
215478366,105772
215498366,105972
215518366,106171
215538366,106304
215558366,106364
215579366,106345
215599366,106308
215619366,106279
215639366,106285
215659366,106334
215679366,106396
215699366,106465
215719366,106570
215739366,106682
215759366,106789
215779366,106874
215800366,106955
215820366,107052
215840366,107120
215860366,107196
215880366,107282
215900366,107355
215920366,107172
215940366,106414
215960366,105576
215980366,105038
216001366,104765
216021366,104702
216041366,104770
216061366,104881
216081366,105037
216101366,105155
216121366,105280
216141366,105432
216161366,105542
216181366,105621
216202366,105637
216222366,105611
216242366,105618
216262366,105638
216282366,105694
216302366,105802
216322366,105898
216342366,106014
216362366,106125
216382366,106219
216402366,106295
216423366,106352
216443366,106437
216463366,106511
216483366,106609
216503366,106690
216523366,106744
216543366,106838
216563366,106863
216583366,106407
216603366,105574
216624366,104892
216644366,104500
216664366,104376
216684366,104409
216704366,104529
216724366,104652
216744366,104744
216764366,104848
216784366,104985
216804366,105130
216825366,105244
216845366,105291
216865366,105308
216885366,105312
216905366,105318
216925366,105346
216945366,105400
216965366,105474
216985366,105526
217005366,105613
217025366,105720
217046366,105815
217066366,105919
217086366,106020
217106366,106119
217126366,106233
217146366,106324
217166366,106396
217186366,106473
217206366,106539
217226366,106600
217247366,106611
217267366,106211
217287366,105449
217307366,104767
217327366,104369
217347366,104232
217367366,104246
217387366,104383
217407366,104568
217427366,104713
217447366,104855
217468366,105026
217488366,105202
217508366,105313
217528366,105361
217548366,105367
217568366,105358
217588366,105381
217608366,105414
217628366,105479
217648366,105565
217669366,105658
217689366,105783
217709366,105914
217729366,106019
217749366,106148
217769366,106249
217789366,106351
217809366,106425
217829366,106492
217849366,106568
217870366,106658
217890366,106721
217910366,106793
217930366,106832
217950366,106477
217970366,105710
217990366,105042
218010366,104590
218030366,104440
218050366,104500
218070366,104628
218091366,104804
218111366,104977
218131366,105165
218151366,105357
218171366,105477
218191366,105537
218211366,105545
218231366,105508
218251366,105479
218271366,105490
218292366,105538
218312366,105631
218332366,105742
218352366,105852
218372366,105984
218392366,106107
218412366,106209
218432366,106312
218452366,106399
218472366,106492
218492366,106567
218513366,106634
218533366,106747
218553366,106878
218573366,106872
218593366,106375
218613366,105668
218633366,105124
218653366,104844
218673366,104785
218693366,104876
218714366,105027
218734366,105212
218754366,105392
218774366,105597
218794366,105796
218814366,105914
218834366,105935
218854366,105896
218874366,105846
218894366,105819
218915366,105837
218935366,105883
218955366,105973
218975366,106085
218995366,106203
219015366,106325
219035366,106411
219055366,106510
219075366,106558
219095366,106617
219115366,106678
219136366,106749
219156366,106817
219176366,106894
219196366,106951
219216366,106598
219236366,105771
219256366,105045
219276366,104601
219296366,104428
219316366,104449
219337366,104557
219357366,104697
219377366,104827
219397366,104942
219417366,105108
219437366,105265
219457366,105354
219477366,105397
219497366,105378
219517366,105361
219538366,105375
219558366,105401
219578366,105463
219598366,105551
219618366,105660
219638366,105776
219658366,105885
219678366,105982
219698366,106084
219718366,106185
219738366,106277
219759366,106338
219779366,106437
219799366,106508
219819366,106552
219839366,106619
219859366,106689
219879366,106723
219899366,106341
219919366,105485
219939366,104715
219960366,104257
219980366,104099
220000366,104102
220020366,104192
220040366,104319
220060366,104453
220080366,104556
220100366,104701
220120366,104843
220140366,104968
220160366,105037
220181366,105053
220201366,105059
220221366,105060
220241366,105085
220261366,105131
220281366,105214
220301366,105321
220321366,105415
220341366,105528
220361366,105649
220382366,105758
220402366,105860
220422366,105953
220442366,106040
220462366,106144
220482366,106254
220502366,106321
220522366,106397
220542366,106460
220562366,106541
220583366,106605
220603366,106682
220623366,106790
220643366,106661
220663366,105948
220683366,105080
220703366,104480
220723366,104199
220743366,104127
220763366,104194
220783366,104347
220804366,104501
220824366,104623
220844366,104731
220864366,104882
220884366,105027
220904366,105136
220924366,105191
220944366,105210
220964366,105201
220984366,105213
221005366,105250
221025366,105325
221045366,105425
221065366,105517
221085366,105631
221105366,105752
221125366,105858
221145366,105969
221165366,106082
221185366,106185
221205366,106262
221226366,106352
221246366,106452
221266366,106531
221286366,106639
221306366,106739
221326366,106836
221346366,106918
221366366,107005
221386366,106924
221406366,106303
221427366,105439
221447366,104814
221467366,104481
221487366,104384
221507366,104452
221527366,104590
221547366,104752
221567366,104897
221587366,105043
221607366,105205
221628366,105346
221648366,105419
221668366,105440
221688366,105411
221708366,105408
221728366,105418
221748366,105448
221768366,105545
221788366,105657
221808366,105778
221828366,105912
221849366,106019
221869366,106163
221889366,106285
221909366,106404
221929366,106505
221949366,106598
221969366,106704
221989366,106799
222009366,106902
222029366,106979
222050366,107047
222070366,107024
222090366,106466
222110366,105627
222130366,105026
222150366,104734
222170366,104678
222190366,104755
222210366,104931
222230366,105164
222251366,105401
222271366,105634
222291366,105823
222311366,105978
222331366,106050
222351366,106059
222371366,106024
222391366,106005
222411366,106004
222431366,106074
222452366,106176
222472366,106312
222492366,106433
222512366,106560
222532366,106717
222552366,106850
222572366,106967
222592366,107076
222612366,107167
222632366,107244
222652366,107318
222673366,107413
222693366,107485
222713366,107292
222733366,106572
222753366,105875
222773366,105424
222793366,105233
222813366,105257
222833366,105420
222853366,105634
222874366,105869
222894366,106114
222914366,106372
222934366,106563
222954366,106659
222974366,106658
222994366,106589
223014366,106516
223034366,106472
223054366,106473
223075366,106528
223095366,106621
223115366,106703
223135366,106807
223155366,106907
223175366,107001
223195366,107088
223215366,107159
223235366,107235
223255366,107340
223275366,107450
223296366,107403
223316366,106840
223336366,106090
223356366,105563
223376366,105296
223396366,105230
223416366,105316
223436366,105476
223456366,105690
223476366,105919
223497366,106189
223517366,106392
223537366,106494
223557366,106508
223577366,106463
223597366,106388
223617366,106360
223637366,106340
223657366,106364
223677366,106438
223698366,106534
223718366,106660
223738366,106738
223758366,106827
223778366,106936
223798366,107014
223818366,107083
223838366,107177
223858366,107222
223878366,106847
223898366,106038
223919366,105324
223939366,104909
223959366,104754
223979366,104776
223999366,104927
224019366,105128
224039366,105341
224059366,105546
224079366,105744
224099366,105929
224120366,105994
224140366,105969
224160366,105915
224180366,105882
224200366,105896
224220366,105905
224240366,105962
224260366,106066
224280366,106161
224300366,106269
224321366,106376
224341366,106474
224361366,106584
224381366,106668
224401366,106759
224421366,106844
224441366,106928
224461366,106937
224481366,106469
224501366,105549
224521366,104788
224542366,104363
224562366,104192
224582366,104195
224602366,104313
224622366,104484
224642366,104650
224662366,104776
224682366,104928
224702366,105062
224722366,105141
224743366,105179
224763366,105156
224783366,105141
224803366,105128
224823366,105165
224843366,105239
224863366,105343
224883366,105460
224903366,105568
224923366,105680
224944366,105803
224964366,105911
224984366,106011
225004366,106098
225024366,106210
225044366,106312
225064366,106388
225084366,106463
225104366,106536
225124366,106458
225144366,105801
225165366,104905
225185366,104228
225205366,103904
225225366,103836
225245366,103910
225265366,104049
225285366,104204
225305366,104348
225325366,104465
225345366,104630
225366366,104763
225386366,104849
225406366,104912
225426366,104913
225446366,104909
225466366,104918
225486366,104945
225506366,105025
225526366,105112
225546366,105225
225566366,105324
225587366,105449
225607366,105576
225627366,105681
225647366,105788
225667366,105891
225687366,105979
225707366,106070
225727366,106151
225747366,106243
225767366,106323
225788366,106383
225808366,106453
225828366,106554
225848366,106557
225868366,105986
225888366,105074
225908366,104379
225928366,104016
225948366,103919
225968366,103967
225989366,104104
226009366,104300
226029366,104474
226049366,104635
226069366,104819
226089366,104948
226109366,105023
226129366,105051
226149366,105055
226169366,105044
226189366,105050
226210366,105095
226230366,105162
226250366,105240
226270366,105346
226290366,105482
226310366,105612
226330366,105740
226350366,105862
226370366,105992
226390366,106100
226411366,106199
226431366,106277
226451366,106355
226471366,106437
226491366,106530
226511366,106621
226531366,106680
226551366,106780
226571366,106851
226591366,106549
226612366,105721
226632366,104951
226652366,104514
226672366,104355
226692366,104402
226712366,104558
226732366,104748
226752366,104954
226772366,105142
226792366,105348
226812366,105531
226833366,105605
226853366,105609
226873366,105577
226893366,105541
226913366,105541
226933366,105573
226953366,105641
226973366,105718
226993366,105821
227013366,105928
227034366,106041
227054366,106167
227074366,106269
227094366,106374
227114366,106472
227134366,106564
227154366,106630
227174366,106694
227194366,106736
227214366,106817
227235366,106902
227255366,106777
227275366,106130
227295366,105376
227315366,104880
227335366,104656
227355366,104652
227375366,104754
227395366,104943
227415366,105130
227436366,105345
227456366,105563
227476366,105757
227496366,105858
227516366,105833
227536366,105780
227556366,105704
227576366,105661
227596366,105650
227616366,105687
227636366,105772
227657366,105851
227677366,105958
227697366,106071
227717366,106159
227737366,106250
227757366,106335
227777366,106413
227797366,106486
227817366,106529
227837366,106617
227858366,106669
227878366,106488
227898366,105804
227918366,105018
227938366,104521
227958366,104275
227978366,104229
227998366,104333
228018366,104490
228038366,104673
228059366,104854
228079366,105040
228099366,105215
228119366,105298
228139366,105318
228159366,105285
228179366,105241
228199366,105225
228219366,105239
228239366,105284
228259366,105353
228280366,105436
228300366,105551
228320366,105651
228340366,105755
228360366,105860
228380366,105960
228400366,106049
228420366,106130
228440366,106209
228460366,106284
228481366,106363
228501366,106183
228521366,105461
228541366,104643
228561366,104085
228581366,103814
228601366,103784
228621366,103859
228641366,103984
228661366,104131
228681366,104240
228702366,104375
228722366,104516
228742366,104610
228762366,104677
228782366,104676
228802366,104654
228822366,104627
228842366,104639
228862366,104684
228882366,104750
228903366,104824
228923366,104920
228943366,105027
228963366,105139
228983366,105226
229003366,105337
229023366,105419
229043366,105497
229063366,105561
229083366,105639
229104366,105700
229124366,105575
229144366,104978
229164366,104218
229184366,103674
229204366,103401
229224366,103326
229244366,103360
229264366,103466
229284366,103596
229304366,103717
229325366,103833
229345366,103978
229365366,104076
229385366,104127
229405366,104146
229425366,104130
229445366,104112
229465366,104134
229485366,104170
229505366,104248
229526366,104332
229546366,104435
229566366,104554
229586366,104665
229606366,104804
229626366,104904
229646366,105023
229666366,105116
229686366,105198
229706366,105267
229727366,105316
229747366,105387
229767366,105461
229787366,105186
229807366,104499
229827366,103825
229847366,103402
229867366,103257
229887366,103276
229907366,103400
229928366,103590
229948366,103741
229968366,103896
229988366,104041
230008366,104167
230028366,104245
230048366,104269
230068366,104264
230088366,104251
230108366,104242
230128366,104270
230149366,104332
230169366,104425
230189366,104527
230209366,104643
230229366,104760
230249366,104865
230269366,104957
230289366,105052
230309366,105129
230329366,105217
230350366,105287
230370366,105367
230390366,105446
230410366,105522
230430366,105629
230450366,105582
230470366,105050
230490366,104316
230510366,103790
230530366,103539
230550366,103504
230571366,103595
230591366,103787
230611366,103948
230631366,104117
230651366,104308
230671366,104490
230691366,104586
230711366,104593
230731366,104553
230751366,104488
230772366,104458
230792366,104480
230812366,104543
230832366,104640
230852366,104747
230872366,104868
230892366,104980
230912366,105081
230932366,105156
230952366,105247
230973366,105341
230993366,105414
231013366,105492
231033366,105598
231053366,105706
231073366,105548
231093366,104970
231113366,104334
231133366,103898
231153366,103704
231173366,103699
231194366,103812
231214366,103993
231234366,104169
231254366,104394
231274366,104617
231294366,104761
231314366,104819
231334366,104797
231354366,104752
231374366,104712
231395366,104687
231415366,104705
231435366,104778
231455366,104878
231475366,104960
231495366,105078
231515366,105166
231535366,105251
231555366,105333
231575366,105416
231596366,105500
231616366,105562
231636366,105648
231656366,105726
231676366,105553
231696366,104882
231716366,104167
231736366,103708
231756366,103514
231776366,103511
231796366,103598
231817366,103728
231837366,103871
231857366,103984
231877366,104131
231897366,104289
231917366,104389
231937366,104410
231957366,104387
231977366,104345
231997366,104317
232018366,104344
232038366,104405
232058366,104476
232078366,104601
232098366,104701
232118366,104804
232138366,104874
232158366,104943
232178366,105010
232198366,105082
232219366,105160
232239366,105230
232259366,105321
232279366,105395
232299366,105446
232319366,105186
232339366,104455
232359366,103742
232379366,103292
232399366,103115
232419366,103129
232440366,103188
232460366,103317
232480366,103431
232500366,103516
232520366,103662
232540366,103804
232560366,103915
232580366,103995
232600366,104022
232620366,103991
232641366,103984
232661366,103992
232681366,104039
232701366,104131
232721366,104230
232741366,104334
232761366,104431
232781366,104542
232801366,104625
232821366,104719
232842366,104812
232862366,104922
232882366,105001
232902366,105093
232922366,105187
232942366,105265
232962366,105348
232982366,105416
233002366,105196
233022366,104532
233042366,103849
233063366,103387
233083366,103221
233103366,103217
233123366,103307
233143366,103432
233163366,103553
233183366,103655
233203366,103789
233223366,103938
233243366,104053
233264366,104120
233284366,104156
233304366,104150
233324366,104153
233344366,104187
233364366,104244
233384366,104301
233404366,104394
233424366,104497
233444366,104607
233464366,104710
233485366,104795
233505366,104902
233525366,104996
233545366,105092
233565366,105177
233585366,105257
233605366,105338
233625366,105404
233645366,105460
233665366,105533
233686366,105586
233706366,105317
233726366,104654
233746366,104007
233766366,103625
233786366,103473
233806366,103493
233826366,103604
233846366,103746
233866366,103902
233887366,104022
233907366,104165
233927366,104313
233947366,104412
233967366,104473
233987366,104484
234007366,104478
234027366,104472
234047366,104498
234067366,104558
234087366,104630
234108366,104722
234128366,104843
234148366,104964
234168366,105087
234188366,105203
234208366,105293
234228366,105406
234248366,105504
234268366,105610
234288366,105680
234309366,105772
234329366,105871
234349366,105951
234369366,106027
234389366,106095
234409366,106107
234429366,105712
234449366,105013
234469366,104417
234489366,104073
234510366,103956
234530366,104005
234550366,104130
234570366,104282
234590366,104445
234610366,104598
234630366,104763
234650366,104881
234670366,104940
234690366,104925
234710366,104897
234731366,104863
234751366,104867
234771366,104902
234791366,104978
234811366,105057
234831366,105154
234851366,105258
234871366,105357
234891366,105457
234911366,105557
234932366,105635
234952366,105721
234972366,105812
234992366,105901
235012366,105986
235032366,106054
235052366,106121
235072366,106218
235092366,106288
235112366,106087
235133366,105509
235153366,104909
235173366,104508
235193366,104335
235213366,104345
235233366,104456
235253366,104623
235273366,104799
235293366,104966
235313366,105135
235334366,105291
235354366,105362
235374366,105377
235394366,105327
235414366,105269
235434366,105236
235454366,105244
235474366,105288
235494366,105344
235514366,105428
235534366,105552
235555366,105655
235575366,105753
235595366,105830
235615366,105923
235635366,106006
235655366,106088
235675366,106178
235695366,106242
235715366,106307
235735366,106307
235756366,105916
235776366,105230
235796366,104644
235816366,104293
235836366,104153
235856366,104175
235876366,104290
235896366,104434
235916366,104577
235936366,104731
235957366,104894
235977366,105031
235997366,105113
236017366,105110
236037366,105107
236057366,105096
236077366,105093
236097366,105110
236117366,105154
236137366,105209
236157366,105278
236178366,105383
236198366,105464
236218366,105553
236238366,105642
236258366,105735
236278366,105814
236298366,105889
236318366,105967
236338366,106028
236358366,106086
236379366,106169
236399366,106086
236419366,105509
236439366,104753
236459366,104162
236479366,103820
236499366,103696
236519366,103706
236539366,103802
236559366,103928
236580366,104053
236600366,104160
236620366,104313
236640366,104445
236660366,104560
236680366,104616
236700366,104608
236720366,104595
236740366,104583
236760366,104603
236780366,104653
236801366,104706
236821366,104791
236841366,104885
236861366,104977
236881366,105070
236901366,105180
236921366,105285
236941366,105367
236961366,105463
236981366,105559
237002366,105649
237022366,105718
237042366,105789
237062366,105886
237082366,105882
237102366,105456
237122366,104725
237142366,104083
237162366,103689
237182366,103526
237203366,103537
237223366,103642
237243366,103794
237263366,103935
237283366,104098
237303366,104255
237323366,104378
237343366,104472
237363366,104504
237383366,104513
237404366,104512
237424366,104506
237444366,104546
237464366,104597
237484366,104665
237504366,104767
237524366,104866
237544366,104972
237564366,105077
237584366,105182
237604366,105284
237625366,105379
237645366,105483
237665366,105581
237685366,105682
237705366,105772
237725366,105851
237745366,105927
237765366,106008
237785366,105903
237805366,105325
237826366,104588
237846366,104045
237866366,103756
237886366,103688
237906366,103759
237926366,103926
237946366,104118
237966366,104298
237986366,104485
238006366,104663
238026366,104787
238047366,104866
238067366,104887
238087366,104869
238107366,104864
238127366,104870
238147366,104917
238167366,104991
238187366,105062
238207366,105158
238227366,105273
238248366,105391
238268366,105524
238288366,105650
238308366,105762
238328366,105888
238348366,105997
238368366,106103
238388366,106212
238408366,106285
238428366,106369
238449366,106481
238469366,106531
238489366,106200
238509366,105477
238529366,104855
238549366,104479
238569366,104350
238589366,104376
238609366,104507
238629366,104690
238649366,104899
238670366,105141
238690366,105358
238710366,105522
238730366,105610
238750366,105618
238770366,105589
238790366,105542
238810366,105535
238830366,105546
238850366,105613
238871366,105683
238891366,105772
238911366,105899
238931366,105990
238951366,106101
238971366,106214
238991366,106324
239011366,106422
239031366,106500
239051366,106563
239071366,106680
239092366,106771
239112366,106549
239132366,105906
239152366,105301
239172366,104896
239192366,104686
239212366,104655
239232366,104766
239252366,104929
239272366,105123
239293366,105341
239313366,105575
239333366,105740
239353366,105818
239373366,105830
239393366,105806
239413366,105745
239433366,105710
239453366,105701
239473366,105749
239494366,105821
239514366,105906
239534366,106000
239554366,106084
239574366,106197
239594366,106297
239614366,106394
239634366,106473
239654366,106555
239674366,106668
239694366,106671
239715366,106175
239735366,105408
239755366,104813
239775366,104451
239795366,104335
239815366,104355
239835366,104482
239855366,104663
239875366,104844
239895366,105058
239916366,105245
239936366,105367
239956366,105440
239976366,105442
239996366,105422
240016366,105379
240036366,105368
240056366,105394
240076366,105448
240096366,105527
240116366,105618
240137366,105716
240157366,105826
240177366,105919
240197366,106021
240217366,106135
240237366,106207
240257366,106290
240277366,106394
240297366,106382
240317366,105857
240338366,105021
240358366,104352
240378366,103949
240398366,103805
240418366,103837
240438366,103956
240458366,104097
240478366,104243
240498366,104383
240518366,104551
240539366,104676
240559366,104764
240579366,104786
240599366,104775
240619366,104768
240639366,104763
240659366,104790
240679366,104841
240699366,104919
240719366,105008
240739366,105117
240760366,105208
240780366,105301
240800366,105374
240820366,105433
240840366,105538
240860366,105611
240880366,105690
240900366,105771
240920366,105759
240940366,105278
240961366,104484
240981366,103813
241001366,103447
241021366,103316
241041366,103363
241061366,103472
241081366,103614
241101366,103747
241121366,103872
241141366,104015
241161366,104149
241182366,104237
241202366,104276
241222366,104271
241242366,104261
241262366,104283
241282366,104293
241302366,104347
241322366,104420
241342366,104525
241362366,104631
241383366,104725
241403366,104846
241423366,104970
241443366,105073
241463366,105163
241483366,105247
241503366,105338
241523366,105436
241543366,105511
241563366,105473
241584366,104957
241604366,104213
241624366,103626
241644366,103341
241664366,103279
241684366,103349
241704366,103517
241724366,103693
241744366,103851
241764366,104014
241784366,104171
241805366,104306
241825366,104370
241845366,104387
241865366,104393
241885366,104392
241905366,104427
241925366,104481
241945366,104563
241965366,104657
241985366,104768
242006366,104861
242026366,104951
242046366,105047
242066366,105130
242086366,105245
242106366,105342
242126366,105436
242146366,105528
242166366,105590
242186366,105671
242207366,105763
242227366,105652
242247366,105025
242267366,104310
242287366,103807
242307366,103587
242327366,103574
242347366,103689
242367366,103865
242387366,104059
242408366,104252
242428366,104456
242448366,104640
242468366,104721
242488366,104744
242508366,104713
242528366,104657
242548366,104650
242568366,104666
242588366,104720
242608366,104810
242629366,104915
242649366,105029
242669366,105143
242689366,105240
242709366,105326
242729366,105411
242749366,105504
242769366,105574
242789366,105669
242809366,105788
242830366,105822
242850366,105499
242870366,104834
242890366,104251
242910366,103925
242930366,103825
242950366,103873
242970366,104023
242990366,104200
243010366,104379
243031366,104548
243051366,104733
243071366,104836
243091366,104851
243111366,104831
243131366,104785
243151366,104743
243171366,104758
243191366,104801
243211366,104889
243232366,104976
243252366,105097
243272366,105214
243292366,105334
243312366,105431
243332366,105524
243352366,105594
243372366,105683
243392366,105756
243412366,105842
243433366,105884
243453366,105551
243473366,104853
243493366,104241
243513366,103892
243533366,103774
243553366,103795
243573366,103913
243593366,104033
243613366,104140
243633366,104261
243654366,104418
243674366,104560
243694366,104668
243714366,104714
243734366,104714
243754366,104699
243774366,104712
243794366,104737
243814366,104794
243834366,104876
243855366,104978
243875366,105075
243895366,105190
243915366,105299
243935366,105409
243955366,105500
243975366,105583
243995366,105680
244015366,105763
244035366,105839
244056366,105904
244076366,105866
244096366,105405
244116366,104728
244136366,104185
244156366,103885
244176366,103782
244196366,103818
244216366,103904
244236366,104002
244256366,104089
244277366,104176
244297366,104332
244317366,104463
244337366,104580
244357366,104643
244377366,104664
244397366,104652
244417366,104651
244437366,104669
244457366,104744
244478366,104814
244498366,104907
244518366,105024
244538366,105132
244558366,105232
244578366,105309
244598366,105407
244618366,105502
244638366,105568
244658366,105645
244679366,105707
244699366,105774
244719366,105857
244739366,105924
244759366,105898
244779366,105465
244799366,104823
244819366,104269
244839366,103947
244859366,103854
244880366,103864
244900366,103937
244920366,104037
244940366,104126
244960366,104238
244980366,104382
245000366,104514
245020366,104607
245040366,104646
245060366,104631
245080366,104595
245101366,104589
245121366,104617
245141366,104685
245161366,104789
245181366,104901
245201366,105009
245221366,105113
245241366,105204
245261366,105295
245281366,105368
245302366,105455
245322366,105551
245342366,105642
245362366,105727
245382366,105840
245402366,105926
245422366,106006
245442366,106087
245462366,106169
245482366,106099
245503366,105632
245523366,105021
245543366,104566
245563366,104325
245583366,104283
245603366,104357
245623366,104476
245643366,104593
245663366,104699
245683366,104823
245704366,104972
245724366,105098
245744366,105198
245764366,105231
245784366,105235
245804366,105236
245824366,105249
245844366,105305
245864366,105362
245884366,105437
245904366,105534
245925366,105632
245945366,105739
245965366,105830
245985366,105922
246005366,106021
246025366,106117
246045366,106206
246065366,106282
246085366,106344
246105366,106417
246126366,106506
246146366,106565
246166366,106647
246186366,106757
246206366,106775
246226366,106404
246246366,105800
246266366,105320
246286366,105050
246306366,104948
246327366,105002
246347366,105136
246367366,105296
246387366,105432
246407366,105602
246427366,105765
246447366,105869
246467366,105909
246487366,105890
246507366,105832
246527366,105791
246548366,105782
246568366,105812
246588366,105867
246608366,105952
246628366,106055
246648366,106140
246668366,106238
246688366,106333
246708366,106401
246728366,106468
246749366,106532
246769366,106602
246789366,106666
246809366,106725
246829366,106792
246849366,106789
246869366,106482
246889366,105900
246909366,105383
246929366,105028
246950366,104900
246970366,104915
246990366,105012
247010366,105142
247030366,105282
247050366,105432
247070366,105593
247090366,105717
247110366,105768
247130366,105765
247151366,105736
247171366,105702
247191366,105697
247211366,105727
247231366,105799
247251366,105867
247271366,105942
247291366,106036
247311366,106133
247331366,106219
247351366,106293
247372366,106367
247392366,106448
247412366,106509
247432366,106589
247452366,106650
247472366,106703
247492366,106766
247512366,106836
247532366,106831
247552366,106498
247573366,105801
247593366,105153
247613366,104711
247633366,104497
247653366,104466
247673366,104526
247693366,104631
247713366,104735
247733366,104822
247753366,104929
247774366,105062
247794366,105171
247814366,105237
247834366,105248
247854366,105227
247874366,105212
247894366,105216
247914366,105252
247934366,105308
247954366,105400
247975366,105501
247995366,105607
248015366,105726
248035366,105821
248055366,105935
248075366,106034
248095366,106126
248115366,106207
248135366,106261
248155366,106334
248175366,106396
248196366,106449
248216366,106522
248236366,106584
248256366,106583
248276366,106152
248296366,105436
248316366,104820
248336366,104436
248356366,104313
248376366,104349
248397366,104493
248417366,104659
248437366,104813
248457366,104933
248477366,105084
248497366,105220
248517366,105330
248537366,105381
248557366,105366
248577366,105333
248598366,105289
248618366,105271
248638366,105296
248658366,105360
248678366,105441
248698366,105536
248718366,105634
248738366,105735
248758366,105841
248778366,105940
248799366,106024
248819366,106136
248839366,106250
248859366,106323
248879366,106440
248899366,106538
248919366,106628
248939366,106710
248959366,106781
248979366,106862
249000366,106948
249020366,107040
249040366,107012
249060366,106440
249080366,105675
249100366,105097
249120366,104759
249140366,104662
249160366,104705
249180366,104848
249200366,105007
249221366,105150
249241366,105302
249261366,105440
249281366,105553
249301366,105627
249321366,105644
249341366,105612
249361366,105561
249381366,105562
249401366,105587
249422366,105640
249442366,105718
249462366,105802
249482366,105902
249502366,106012
249522366,106111
249542366,106221
249562366,106325
249582366,106428
249602366,106521
249623366,106605
249643366,106671
249663366,106742
249683366,106816
249703366,106877
249723366,106918
249743366,107015
249763366,107076
249783366,106859
249803366,106221
249824366,105586
249844366,105162
249864366,104966
249884366,104962
249904366,105096
249924366,105286
249944366,105473
249964366,105667
249984366,105871
250004366,106049
250025366,106162
250045366,106191
250065366,106138
250085366,106082
250105366,106054
250125366,106066
250145366,106115
250165366,106190
250185366,106277
250205366,106402
250225366,106537
250246366,106651
250266366,106744
250286366,106831
250306366,106925
250326366,107005
250346366,107086
250366366,107164
250386366,107257
250406366,107367
250426366,107238
250447366,106642
250467366,105958
250487366,105480
250507366,105225
250527366,105161
250547366,105261
250567366,105435
250587366,105627
250607366,105831
250627366,106046
250648366,106231
250668366,106349
250688366,106402
250708366,106384
250728366,106330
250748366,106291
250768366,106284
250788366,106325
250808366,106379
250828366,106469
250849366,106584
250869366,106683
250889366,106774
250909366,106886
250929366,106998
250949366,107090
250969366,107201
250989366,107290
251009366,107354
251029366,107454
251049366,107439
251070366,106949
251090366,106107
251110366,105423
251130366,105002
251150366,104832
251170366,104838
251190366,104958
251210366,105114
251230366,105271
251250366,105424
251271366,105589
251291366,105746
251311366,105877
251331366,105923
251351366,105928
251371366,105899
251391366,105864
251411366,105868
251431366,105912
251451366,105983
251472366,106084
251492366,106195
251512366,106317
251532366,106433
251552366,106538
251572366,106635
251592366,106726
251612366,106811
251632366,106889
251652366,106949
251672366,107032
251693366,107091
251713366,106896
251733366,106139
251753366,105321
251773366,104748
251793366,104430
251813366,104364
251833366,104422
251853366,104545
251873366,104704
251894366,104817
251914366,104942
251934366,105089
251954366,105242
251974366,105339
251994366,105396
252014366,105382
252034366,105362
252054366,105350
252074366,105374
252095366,105439
252115366,105519
252135366,105628
252155366,105747
252175366,105864
252195366,105981
252215366,106089
252235366,106193
252255366,106284
252275366,106362
252296366,106449
252316366,106531
252336366,106609
252356366,106672
252376366,106748
252396366,106758
252416366,106300
252436366,105443
252456366,104691
252476366,104223
252497366,104041
252517366,104047
252537366,104177
252557366,104350
252577366,104518
252597366,104666
252617366,104841
252637366,105004
252657366,105106
252677366,105161
252698366,105165
252718366,105161
252738366,105135
252758366,105152
252778366,105201
252798366,105287
252818366,105391
252838366,105507
252858366,105621
252878366,105736
252898366,105852
252919366,105956
252939366,106063
252959366,106166
252979366,106282
252999366,106371
253019366,106458
253039366,106542
253059366,106611
253079366,106686
253099366,106765
253120366,106541
253140366,105808
253160366,105036
253180366,104516
253200366,104306
253220366,104303
253240366,104418
253260366,104603
253280366,104814
253300366,105006
253321366,105206
253341366,105375
253361366,105491
253381366,105553
253401366,105553
253421366,105514
253441366,105483
253461366,105489
253481366,105510
253501366,105572
253522366,105655
253542366,105761
253562366,105886
253582366,105990
253602366,106129
253622366,106228
253642366,106296
253662366,106391
253682366,106486
253702366,106563
253723366,106639
253743366,106719
253763366,106788
253783366,106880
253803366,106825
253823366,106227
253843366,105456
253863366,104914
253883366,104629
253903366,104585
253923366,104673
253944366,104866
253964366,105106
253984366,105358
254004366,105622
254024366,105852
254044366,105993
254064366,106011
254084366,105969
254104366,105891
254124366,105859
254145366,105844
254165366,105899
254185366,105979
254205366,106079
254225366,106208
254245366,106335
254265366,106431
254285366,106548
254305366,106638
254325366,106739
254346366,106821
254366366,106903
254386366,106988
254406366,107084
254426366,107220
254446366,107170
254466366,106585
254486366,105820
254506366,105273
254526366,104967
254546366,104891
254567366,104976
254587366,105181
254607366,105417
254627366,105659
254647366,105929
254667366,106159
254687366,106283
254707366,106318
254727366,106269
254747366,106209
254768366,106158
254788366,106153
254808366,106197
254828366,106296
254848366,106413
254868366,106519
254888366,106621
254908366,106725
254928366,106816
254948366,106886
254969366,106962
254989366,107036
255009366,107101
255029366,107191
255049366,107263
255069366,106905
255089366,106039
255109366,105291
255129366,104838
255149366,104656
255169366,104668
255190366,104786
255210366,104986
255230366,105166
255250366,105351
255270366,105547
255290366,105693
255310366,105778
255330366,105796
255350366,105756
255370366,105692
255391366,105653
255411366,105661
255431366,105719
255451366,105818
255471366,105921
255491366,106036
255511366,106139
255531366,106253
255551366,106327
255571366,106389
255592366,106461
255612366,106525
255632366,106604
255652366,106668
255672366,106654
255692366,106171
255712366,105295
255732366,104581
255752366,104144
255772366,104010
255793366,104045
255813366,104172
255833366,104364
255853366,104536
255873366,104692
255893366,104857
255913366,105000
255933366,105109
255953366,105146
255973366,105130
255993366,105113
256014366,105113
256034366,105142
256054366,105202
256074366,105283
256094366,105407
256114366,105532
256134366,105662
256154366,105783
256174366,105882
256194366,106004
256215366,106090
256235366,106170
256255366,106247
256275366,106312
256295366,106401
256315366,106504
256335366,106453
256355366,105747
256375366,104911
256395366,104343
256416366,104072
256436366,104059
256456366,104165
256476366,104337
256496366,104545
256516366,104715
256536366,104888
256556366,105060
256576366,105199
256596366,105267
256616366,105272
256637366,105254
256657366,105228
256677366,105251
256697366,105290
256717366,105393
256737366,105509
256757366,105634
256777366,105750
256797366,105883
256817366,105995
256838366,106109
256858366,106204
256878366,106314
256898366,106421
256918366,106497
256938366,106581
256958366,106655
256978366,106732
256998366,106807
257018366,106871
257039366,106597
257059366,105720
257079366,104914
257099366,104411
257119366,104234
257139366,104261
257159366,104390
257179366,104587
257199366,104764
257219366,104935
257240366,105099
257260366,105252
257280366,105378
257300366,105419
257320366,105436
257340366,105404
257360366,105380
257380366,105409
257400366,105449
257420366,105544
257440366,105648
257461366,105755
257481366,105883
257501366,106013
257521366,106123
257541366,106238
257561366,106338
257581366,106442
257601366,106520
257621366,106580
257641366,106650
257662366,106725
257682366,106786
257702366,106839
257722366,106911
257742366,107022
257762366,107059
257782366,106585
257802366,105678
257822366,104972
257842366,104599
257863366,104489
257883366,104566
257903366,104772
257923366,105023
257943366,105241
257963366,105439
257983366,105626
258003366,105761
258023366,105802
258043366,105787
258064366,105739
258084366,105689
258104366,105696
258124366,105733
258144366,105834
258164366,105941
258184366,106074
258204366,106199
258224366,106329
258244366,106461
258265366,106581
258285366,106667
258305366,106758
258325366,106842
258345366,106943
258365366,107047
258385366,107127
258405366,107209
258425366,107317
258445366,107390
258465366,107124
258486366,106357
258506366,105647
258526366,105211
258546366,105043
258566366,105085
258586366,105247
258606366,105484
258626366,105751
258646366,106016
258666366,106303
258687366,106506
258707366,106588
258727366,106560
258747366,106470
258767366,106404
258787366,106375
258807366,106408
258827366,106460
258847366,106535
258867366,106658
258888366,106773
258908366,106892
258928366,107000
258948366,107087
258968366,107159
258988366,107233
259008366,107295
259028366,107358
259048366,107456
259068366,107521
259089366,107240
259109366,106425
259129366,105710
259149366,105263
259169366,105097
259189366,105131
259209366,105298
259229366,105521
259249366,105739
259269366,105978
259289366,106221
259310366,106416
259330366,106507
259350366,106505
259370366,106453
259390366,106400
259410366,106367
259430366,106384
259450366,106447
259470366,106542
259490366,106643
259511366,106752
259531366,106858
259551366,106985
259571366,107093
259591366,107173
259611366,107259
259631366,107328
259651366,107422
259671366,107483
259691366,107310
259712366,106501
259732366,105642
259752366,105052
259772366,104773
259792366,104757
259812366,104867
259832366,105049
259852366,105251
259872366,105414
259892366,105602
259913366,105803
259933366,105940
259953366,105982
259973366,105975
259993366,105950
260013366,105932
260033366,105936
260053366,105980
260073366,106070
260093366,106170
260113366,106286
260134366,106394
260154366,106496
260174366,106606
260194366,106734
260214366,106865
260234366,106963
260254366,107051
260274366,107129
260294366,107127
260314366,106608
260335366,105696
260355366,104974
260375366,104563
260395366,104426
260415366,104455
260435366,104606
260455366,104801
260475366,104961
260495366,105120
260515366,105303
260536366,105465
260556366,105571
260576366,105615
260596366,105585
260616366,105571
260636366,105559
260656366,105583
260676366,105646
260696366,105729
260716366,105838
260737366,105965
260757366,106083
260777366,106226
260797366,106340
260817366,106472
260837366,106584
260857366,106669
260877366,106759
260897366,106818
260917366,106888
260937366,106911
260958366,106447
260978366,105562
260998366,104833
261018366,104417
261038366,104286
261058366,104351
261078366,104502
261098366,104685
261118366,104826
261138366,104964
261159366,105124
261179366,105282
261199366,105379
261219366,105411
261239366,105416
261259366,105382
261279366,105370
261299366,105406
261319366,105458
261339366,105556
261360366,105665
261380366,105802
261400366,105917
261420366,106036
261440366,106164
261460366,106278
261480366,106373
261500366,106456
261520366,106544
261540366,106616
261561366,106689
261581366,106757
261601366,106841
261621366,106858
261641366,106400
261661366,105520
261681366,104794
261701366,104405
261721366,104289
261741366,104335
261761366,104472
261782366,104668
261802366,104843
261822366,105024
261842366,105234
261862366,105390
261882366,105474
261902366,105489
261922366,105465
261942366,105439
261962366,105439
261983366,105474
262003366,105546
262023366,105668
262043366,105796
262063366,105934
262083366,106051
262103366,106178
262123366,106288
262143366,106398
262163366,106501
262184366,106585
262204366,106678
262224366,106754
262244366,106842
262264366,106944
262284366,107028
262304366,107088
262324366,107187
262344366,107210
262364366,106722
262385366,105831
262405366,105129
262425366,104758
262445366,104669
262465366,104756
262485366,104961
262505366,105209
262525366,105433
262545366,105656
262565366,105862
262586366,106030
262606366,106077
262626366,106024
262646366,105939
262666366,105897
262686366,105895
262706366,105938
262726366,106017
262746366,106116
262766366,106245
262786366,106375
262807366,106498
262827366,106628
262847366,106726
262867366,106833
262887366,106931
262907366,107024
262927366,107103
262947366,107170
262967366,107267
262987366,107347
263008366,107141
263028366,106420
263048366,105655
263068366,105170
263088366,104979
263108366,104981
263128366,105149
263148366,105376
263168366,105601
263188366,105845
263209366,106106
263229366,106302
263249366,106384
263269366,106381
263289366,106318
263309366,106233
263329366,106189
263349366,106194
263369366,106243
263389366,106336
263410366,106450
263430366,106559
263450366,106683
263470366,106794
263490366,106908
263510366,107020
263530366,107109
263550366,107192
263570366,107265
263590366,107358
263610366,107220
263631366,106495
263651366,105645
263671366,105076
263691366,104823
263711366,104793
263731366,104905
263751366,105093
263771366,105299
263791366,105493
263811366,105708
263832366,105894
263852366,106008
263872366,106044
263892366,106028
263912366,105988
263932366,105964
263952366,105958
263972366,106007
263992366,106089
264012366,106182
264033366,106297
264053366,106397
264073366,106524
264093366,106633
264113366,106740
264133366,106832
264153366,106908
264173366,106967
264193366,107050
264213366,107082
264233366,106804
264254366,105934
264274366,105097
264294366,104557
264314366,104345
264334366,104331
264354366,104441
264374366,104613
264394366,104795
264414366,104929
264434366,105092
264455366,105247
264475366,105400
264495366,105504
264515366,105542
264535366,105553
264555366,105566
264575366,105607
264595366,105671
264615366,105781
264635366,105897
264656366,106038
264676366,106166
264696366,106292
264716366,106407
264736366,106504
264756366,106594
264776366,106670
264796366,106755
264816366,106817
264836366,106892
264857366,106959
264877366,106879
264897366,106262
264917366,105341
264937366,104644
264957366,104284
264977366,104181
264997366,104243
265017366,104398
265037366,104560
265057366,104693
265078366,104843
265098366,105004
265118366,105157
265138366,105278
265158366,105331
265178366,105339
265198366,105334
265218366,105340
265238366,105372
265258366,105454
265279366,105572
265299366,105685
265319366,105808
265339366,105941
265359366,106069
265379366,106190
265399366,106276
265419366,106376
265439366,106467
265459366,106556
265480366,106628
265500366,106679
265520366,106736
265540366,106796
265560366,106875
265580366,106866
265600366,106357
265620366,105435
265640366,104707
265660366,104330
265681366,104228
265701366,104306
265721366,104468
265741366,104677
265761366,104856
265781366,105030
265801366,105205
265821366,105361
265841366,105456
265861366,105481
265882366,105475
265902366,105447
265922366,105460
265942366,105511
265962366,105611
265982366,105726
266002366,105840
266022366,105972
266042366,106107
266062366,106231
266082366,106366
266103366,106489
266123366,106620
266143366,106735
266163366,106827
266183366,106909
266203366,106983
266223366,107054
266243366,107136
266263366,107228
266283366,107290
266304366,107396
266324366,107497
266344366,107395
266364366,106659
266384366,105765
266404366,105188
266424366,104919
266444366,104908
266464366,105045
266484366,105257
266505366,105500
266525366,105724
266545366,105976
266565366,106199
266585366,106325
266605366,106355
266625366,106316
266645366,106259
266665366,106203
266685366,106205
266706366,106246
266726366,106319
266746366,106398
266766366,106514
266786366,106650
266806366,106775
266826366,106889
266846366,107003
266866366,107086
266886366,107182
266907366,107256
266927366,107328
266947366,107421
266967366,107500
266987366,107612
267007366,107684
267027366,107395
267047366,106579
267067366,105834
267087366,105379
267107366,105215
267128366,105261
267148366,105435
267168366,105670
267188366,105911
267208366,106149
267228366,106408
267248366,106596
267268366,106682
267288366,106657
267308366,106599
267329366,106509
267349366,106464
267369366,106478
267389366,106509
267409366,106613
267429366,106718
267449366,106842
267469366,106955
267489366,107057
267509366,107142
267530366,107227
267550366,107313
267570366,107404
267590366,107479
267610366,107558
267630366,107639
267650366,107653
267670366,107202
267690366,106254
267710366,105490
267731366,105056
267751366,104902
267771366,104953
267791366,105112
267811366,105318
267831366,105514
267851366,105699
267871366,105919
267891366,106094
267911366,106200
267931366,106220
267952366,106176
267972366,106141
267992366,106126
268012366,106145
268032366,106207
268052366,106300
268072366,106421
268092366,106531
268112366,106658
268132366,106775
268153366,106897
268173366,107023
268193366,107117
268213366,107202
268233366,107294
268253366,107368
268273366,107447
268293366,107532
268313366,107534
268333366,107023
268354366,106055
268374366,105306
268394366,104888
268414366,104733
268434366,104791
268454366,104937
268474366,105133
268494366,105315
268514366,105466
268534366,105658
268555366,105828
268575366,105938
268595366,106003
268615366,105988
268635366,105959
268655366,105951
268675366,105988
268695366,106054
268715366,106140
268735366,106261
268756366,106385
268776366,106497
268796366,106609
268816366,106729
268836366,106863
268856366,106985
268876366,107079
268896366,107191
268916366,107285
268936366,107375
268956366,107458
268977366,107531
268997366,107624
269017366,107544
269037366,106851
269057366,105886
269077366,105207
269097366,104879
269117366,104825
269137366,104918
269157366,105095
269178366,105311
269198366,105494
269218366,105675
269238366,105870
269258366,106035
269278366,106130
269298366,106139
269318366,106113
269338366,106082
269358366,106081
269379366,106118
269399366,106188
269419366,106306
269439366,106441
269459366,106583
269479366,106716
269499366,106838
269519366,106965
269539366,107073
269559366,107184
269580366,107271
269600366,107360
269620366,107443
269640366,107529
269660366,107612
269680366,107705
269700366,107768
269720366,107426
269740366,106520
269760366,105751
269780366,105309
269801366,105153
269821366,105204
269841366,105341
269861366,105529
269881366,105741
269901366,105969
269921366,106221
269941366,106421
269961366,106514
269981366,106518
270002366,106461
270022366,106428
270042366,106398
270062366,106427
270082366,106473
270102366,106531
270122366,106632
270142366,106751
270162366,106883
270182366,107015
270203366,107139
270223366,107243
270243366,107349
270263366,107457
270283366,107548
270303366,107653
270323366,107763
270343366,107849
270363366,107630
270383366,106844
270404366,106070
270424366,105608
270444366,105416
270464366,105437
270484366,105574
270504366,105807
270524366,106059
270544366,106328
270564366,106577
270584366,106774
270605366,106895
270625366,106903
270645366,106843
270665366,106764
270685366,106726
270705366,106736
270725366,106763
270745366,106849
270765366,106949
270785366,107054
270806366,107153
270826366,107259
270846366,107361
270866366,107464
270886366,107555
270906366,107621
270926366,107701
270946366,107803
270966366,107697
270986366,106996
271006366,106112
271027366,105534
271047366,105253
271067366,105205
271087366,105343
271107366,105547
271127366,105773
271147366,105990
271167366,106230
271187366,106441
271207366,106576
271228366,106599
271248366,106558
271268366,106483
271288366,106444
271308366,106470
271328366,106520
271348366,106616
271368366,106722
271388366,106837
271408366,106949
271429366,107074
271449366,107187
271469366,107298
271489366,107412
271509366,107502
271529366,107596
271549366,107683
271569366,107764
271589366,107720
271609366,107106
271630366,106106
271650366,105381
271670366,105002
271690366,104900
271710366,104989
271730366,105156
271750366,105345
271770366,105512
271790366,105677
271810366,105855
271831366,106003
271851366,106083
271871366,106112
271891366,106117
271911366,106073
271931366,106066
271951366,106095
271971366,106191
271991366,106273
272011366,106383
272032366,106496
272052366,106632
272072366,106753
272092366,106866
272112366,106964
272132366,107049
272152366,107137
272172366,107208
272192366,107263
272212366,107332
272233366,107394
272253366,107129
272273366,106284
272293366,105420
272313366,104904
272333366,104665
272353366,104648
272373366,104771
272393366,104944
272413366,105123
272433366,105288
272454366,105454
272474366,105612
272494366,105726
272514366,105792
272534366,105800
272554366,105774
272574366,105777
272594366,105787
272614366,105835
272634366,105928
272655366,106058
272675366,106189
272695366,106309
272715366,106444
272735366,106540
272755366,106649
272775366,106765
272795366,106869
272815366,106971
272835366,107058
272856366,107123
272876366,107194
272896366,107273
272916366,107368
272936366,107310
272956366,106675
272976366,105794
272996366,105163
273016366,104844
273036366,104773
273057366,104869
273077366,105056
273097366,105274
273117366,105454
273137366,105651
273157366,105838
273177366,105966
273197366,106016
273217366,106006
273237366,105970
273258366,105945
273278366,105962
273298366,106016
273318366,106114
273338366,106238
273358366,106366
273378366,106500
273398366,106629
273418366,106737
273438366,106844
273458366,106939
273479366,107014
273499366,107095
273519366,107182
273539366,107271
273559366,107330
273579366,107393
273599366,107491
273619366,107466
273639366,106909
273659366,106069
273680366,105484
273700366,105179
273720366,105125
273740366,105252
273760366,105479
273780366,105705
273800366,105934
273820366,106155
273840366,106363
273860366,106457
273881366,106457
273901366,106398
273921366,106313
273941366,106260
273961366,106289
273981366,106345
274001366,106445
274021366,106565
274041366,106693
274061366,106816
274082366,106937
274102366,107047
274122366,107160
274142366,107265
274162366,107378
274182366,107460
274202366,107529
274222366,107643
274242366,107755
274262366,107693
274283366,107093
274303366,106264
274323366,105723
274343366,105436
274363366,105401
274383366,105510
274403366,105718
274423366,105950
274443366,106166
274463366,106416
274484366,106636
274504366,106749
274524366,106775
274544366,106720
274564366,106650
274584366,106596
274604366,106600
274624366,106670
274644366,106747
274664366,106859
274684366,106980
274705366,107089
274725366,107232
274745366,107338
274765366,107441
274785366,107555
274805366,107634
274825366,107687
274845366,107758
274865366,107813
274885366,107528
274906366,106684
274926366,105892
274946366,105406
274966366,105229
274986366,105242
275006366,105372
275026366,105568
275046366,105783
275066366,105974
275086366,106180
275107366,106345
275127366,106451
275147366,106490
275167366,106458
275187366,106423
275207366,106415
275227366,106449
275247366,106510
275267366,106604
275287366,106734
275308366,106858
275328366,106989
275348366,107114
275368366,107241
275388366,107389
275408366,107504
275428366,107635
275448366,107754
275468366,107847
275488366,107945
275509366,108005
275529366,107731
275549366,106799
275569366,105912
275589366,105385
275609366,105147
275629366,105116
275649366,105225
275669366,105374
275689366,105542
275709366,105694
275730366,105851
275750366,106019
275770366,106140
275790366,106213
275810366,106226
275830366,106200
275850366,106182
275870366,106205
275890366,106241
275910366,106324
275931366,106425
275951366,106542
275971366,106688
275991366,106815
276011366,106951
276031366,107064
276051366,107171
276071366,107263
276091366,107342
276111366,107411
276132366,107484
276152366,107552
276172366,107626
276192366,107685
276212366,107570
276232366,106820
276252366,105886
276272366,105235
276292366,104924
276312366,104840
276333366,104912
276353366,105073
276373366,105256
276393366,105408
276413366,105584
276433366,105773
276453366,105908
276473366,105974
276493366,106003
276513366,105977
276533366,105963
276554366,105981
276574366,106043
276594366,106124
276614366,106254
276634366,106388
276654366,106520
276674366,106640
276694366,106753
276714366,106863
276734366,106975
276755366,107081
276775366,107160
276795366,107250
276815366,107341
276835366,107420
276855366,107510
276875366,107576
276895366,107668
276915366,107738
276935366,107816
276956366,107783
276976366,107172
276996366,106205
277016366,105530
277036366,105199
277056366,105142
277076366,105225
277096366,105406
277116366,105599
277136366,105758
277156366,105946
277177366,106139
277197366,106286
277217366,106354
277237366,106329
277257366,106301
277277366,106261
277297366,106259
277317366,106319
277337366,106395
277357366,106509
277378366,106641
277398366,106775
277418366,106909
277438366,107027
277458366,107140
277478366,107238
277498366,107323
277518366,107397
277538366,107473
277558366,107545
277579366,107600
277599366,107664
277619366,107745
277639366,107710
277659366,107210
277679366,106394
277699366,105819
277719366,105518
277739366,105445
277759366,105552
277780366,105746
277800366,105943
277820366,106185
277840366,106413
277860366,106616
277880366,106735
277900366,106742
277920366,106663
277940366,106575
277960366,106519
277980366,106525
278001366,106577
278021366,106655
278041366,106767
278061366,106902
278081366,107035
278101366,107148
278121366,107237
278141366,107322
278161366,107410
278181366,107483
278202366,107544
278222366,107633
278242366,107742
278262366,107680
278282366,107074
278302366,106281
278322366,105732
278342366,105478
278362366,105428
278382366,105518
278403366,105679
278423366,105883
278443366,106100
278463366,106334
278483366,106539
278503366,106683
278523366,106722
278543366,106686
278563366,106634
278583366,106590
278603366,106585
278624366,106635
278644366,106737
278664366,106855
278684366,107002
278704366,107136
278724366,107263
278744366,107375
278764366,107486
278784366,107594
278804366,107697
278825366,107772
278845366,107847
278865366,107905
278885366,107567
278905366,106683
278925366,105902
278945366,105428
278965366,105258
278985366,105254
279005366,105390
279026366,105552
279046366,105717
279066366,105871
279086366,106041
279106366,106233
279126366,106351
279146366,106394
279166366,106411
279186366,106357
279206366,106339
279227366,106357
279247366,106423
279267366,106507
279287366,106628
279307366,106756
279327366,106884
279347366,106993
279367366,107103
279387366,107190
279407366,107265
279427366,107336
279448366,107405
279468366,107494
279488366,107554
279508366,107641
279528366,107645
279548366,107153
279568366,106209
279588366,105459
279608366,105017
279628366,104872
279649366,104899
279669366,105021
279689366,105179
279709366,105326
279729366,105463
279749366,105608
279769366,105754
279789366,105881
279809366,105943
279829366,105942
279850366,105919
279870366,105914
279890366,105945
279910366,105993
279930366,106095
279950366,106214
279970366,106322
279990366,106459
280010366,106574
280030366,106678
280051366,106803
280071366,106890
280091366,106967
280111366,107032
280131366,107108
280151366,107179
280171366,107241
280191366,107296
280211366,107347
280231366,107434
280251366,107502
280272366,107344
280292366,106537
280312366,105636
280332366,105044
280352366,104773
280372366,104744
280392366,104831
280412366,104990
280432366,105153
280452366,105294
280473366,105432
280493366,105625
280513366,105785
280533366,105882
280553366,105909
280573366,105899
280593366,105879
280613366,105900
280633366,105935
280653366,106020
280674366,106120
280694366,106247
280714366,106389
280734366,106523
280754366,106641
280774366,106779
280794366,106877
280814366,106986
280834366,107060
280854366,107144
280875366,107220
280895366,107294
280915366,107380
280935366,107452
280955366,107545
280975366,107628
280995366,107727
281015366,107757
281035366,107368
281055366,106451
281075366,105710
281096366,105281
281116366,105144
281136366,105198
281156366,105372
281176366,105589
281196366,105790
281216366,105986
281236366,106193
281256366,106344
281276366,106410
281297366,106396
281317366,106332
281337366,106286
281357366,106248
281377366,106274
281397366,106343
281417366,106458
281437366,106570
281457366,106707
281477366,106837
281498366,106966
281518366,107089
281538366,107192
281558366,107277
281578366,107373
281598366,107461
281618366,107545
281638366,107614
281658366,107685
281678366,107762
281699366,107613
281719366,106924
281739366,106111
281759366,105574
281779366,105355
281799366,105309
281819366,105411
281839366,105609
281859366,105827
281879366,106038
281899366,106252
281920366,106444
281940366,106572
281960366,106591
281980366,106553
282000366,106466
282020366,106422
282040366,106435
282060366,106506
282080366,106598
282100366,106731
282121366,106860
282141366,106991
282161366,107101
282181366,107219
282201366,107351
282221366,107456
282241366,107546
282261366,107638
282281366,107719
282301366,107794
282322366,107865
282342366,107942
282362366,107973
282382366,107535
282402366,106561
282422366,105781
282442366,105331
282462366,105148
282482366,105164
282502366,105279
282523366,105458
282543366,105622
282563366,105769
282583366,105935
282603366,106101
282623366,106245
282643366,106301
282663366,106300
282683366,106253
282703366,106239
282723366,106260
282744366,106304
282764366,106403
282784366,106497
282804366,106642
282824366,106768
282844366,106888
282864366,106996
282884366,107117
282904366,107218
282924366,107306
282945366,107399
282965366,107485
282985366,107567
283005366,107642
283025366,107742
283045366,107752
283065366,107337
283085366,106441
283105366,105684
283125366,105235
283146366,105060
283166366,105087
283186366,105229
283206366,105404
283226366,105591
283246366,105746
283266366,105930
283286366,106088
283306366,106193
283326366,106241
283347366,106233
283367366,106210
283387366,106218
283407366,106254
283427366,106331
283447366,106417
283467366,106518
283487366,106649
283507366,106774
283527366,106896
283548366,107021
283568366,107134
283588366,107239
283608366,107320
283628366,107410
283648366,107491
283668366,107583
283688366,107664
283708366,107742
283728366,107828
283749366,107902
283769366,107708
283789366,106949
283809366,106133
283829366,105635
283849366,105409
283869366,105421
283889366,105556
283909366,105744
283929366,105955
283949366,106146
283970366,106326
283990366,106500
284010366,106627
284030366,106679
284050366,106670
284070366,106626
284090366,106605
284110366,106617
284130366,106664
284150366,106754
284171366,106884
284191366,107007
284211366,107147
284231366,107287
284251366,107419
284271366,107530
284291366,107626
284311366,107688
284331366,107766
284351366,107829
284372366,107897
284392366,107963
284412366,108045
284432366,108135
284452366,108223
284472366,107965
284492366,107178
284512366,106479
284532366,106063
284552366,105900
284573366,105940
284593366,106106
284613366,106312
284633366,106516
284653366,106758
284673366,106993
284693366,107169
284713366,107253
284733366,107248
284753366,107186
284774366,107106
284794366,107065
284814366,107080
284834366,107139
284854366,107242
284874366,107359
284894366,107462
284914366,107600
284934366,107719
284954366,107825
284974366,107927
284995366,108025
285015366,108119
285035366,108215
285055366,108300
285075366,108390
285095366,108496
285115366,108514
285135366,108042
285155366,107181
285175366,106546
285196366,106188
285216366,106081
285236366,106166
285256366,106358
285276366,106586
285296366,106790
285316366,107018
285336366,107226
285356366,107374
285376366,107421
285397366,107400
285417366,107337
285437366,107269
285457366,107245
285477366,107277
285497366,107334
285517366,107437
285537366,107524
285557366,107651
285577366,107769
285598366,107876
285618366,107969
285638366,108066
285658366,108171
285678366,108271
285698366,108347
285718366,108436
285738366,108470
285758366,108057
285778366,107142
285799366,106387
285819366,105917
285839366,105728
285859366,105749
285879366,105883
285899366,106079
285919366,106255
285939366,106433
285959366,106617
285979366,106790
285999366,106905
286020366,106946
286040366,106932
286060366,106882
286080366,106823
286100366,106833
286120366,106879
286140366,106952
286160366,107035
286180366,107143
286200366,107261
286221366,107390
286241366,107522
286261366,107634
286281366,107742
286301366,107852
286321366,107946
286341366,108020
286361366,108113
286381366,108141
286401366,107714
286422366,106765
286442366,105978
286462366,105502
286482366,105312
286502366,105347
286522366,105466
286542366,105630
286562366,105808
286582366,105942
286602366,106096
286623366,106272
286643366,106395
286663366,106486
286683366,106487
286703366,106467
286723366,106441
286743366,106435
286763366,106476
286783366,106552
286803366,106658
286823366,106769
286844366,106883
286864366,107022
286884366,107137
286904366,107235
286924366,107351
286944366,107443
286964366,107530
286984366,107619
287004366,107693
287024366,107765
287045366,107845
287065366,107669
287085366,106860
287105366,105984
287125366,105403
287145366,105132
287165366,105103
287185366,105203
287205366,105396
287225366,105588
287246366,105768
287266366,105966
287286366,106174
287306366,106351
287326366,106473
287346366,106519
287366366,106501
287386366,106480
287406366,106473
287426366,106505
287447366,106595
287467366,106698
287487366,106799
287507366,106926
287527366,107066
287547366,107195
287567366,107319
287587366,107439
287607366,107541
287627366,107642
287648366,107723
287668366,107824
287688366,107912
287708366,107983
287728366,108082
287748366,108119
287768366,107782
287788366,106832
287808366,106011
287828366,105535
287848366,105335
287869366,105377
287889366,105558
287909366,105803
287929366,106058
287949366,106289
287969366,106516
287989366,106705
288009366,106824
288029366,106847
288049366,106810
288070366,106749
288090366,106711
288110366,106743
288130366,106804
288150366,106917
288170366,107041
288190366,107198
288210366,107317
288230366,107444
288250366,107567
288271366,107688
288291366,107787
288311366,107893
288331366,107980
288351366,108087
288371366,108177
288391366,108272
288411366,108340
288431366,108386
288451366,108495
288472366,108557
288492366,108188
288512366,107257
288532366,106481
288552366,106074
288572366,105926
288592366,105967
288612366,106144
288632366,106392
288652366,106641
288672366,106897
288693366,107135
288713366,107299
288733366,107369
288753366,107346
288773366,107252
288793366,107161
288813366,107105
288833366,107099
288853366,107163
288873366,107254
288894366,107363
288914366,107500
288934366,107620
288954366,107754
288974366,107858
288994366,107948
289014366,108043
289034366,108122
289054366,108173
289074366,108268
289095366,108378
289115366,108421
289135366,108035
289155366,107184
289175366,106500
289195366,106095
289215366,105951
289235366,105993
289255366,106166
289275366,106394
289296366,106627
289316366,106891
289336366,107159
289356366,107311
289376366,107383
289396366,107345
289416366,107242
289436366,107148
289456366,107102
289476366,107107
289497366,107181
289517366,107280
289537366,107388
289557366,107507
289577366,107637
289597366,107733
289617366,107834
289637366,107918
289657366,108008
289677366,108079
289697366,108154
289718366,108238
289738366,108106
289758366,107344
289778366,106428
289798366,105824
289818366,105509
289838366,105437
289858366,105539
289878366,105728
289898366,105922
289919366,106117
289939366,106298
289959366,106503
289979366,106645
289999366,106697
290019366,106683
290039366,106608
290059366,106557
290079366,106535
290099366,106555
290120366,106637
290140366,106745
290160366,106861
290180366,106957
290200366,107076
290220366,107180
290240366,107267
290260366,107367
290280366,107438
290300366,107509
290321366,107584
290341366,107649
290361366,107729
290381366,107559
290401366,106762
290421366,105856
290441366,105233
290461366,104929
290481366,104868
290501366,104928
290522366,105067
290542366,105227
290562366,105360
290582366,105479
290602366,105655
290622366,105810
290642366,105905
290662366,105956
290682366,105926
290702366,105890
290723366,105877
290743366,105905
290763366,105997
290783366,106084
290803366,106206
290823366,106313
290843366,106420
290863366,106534
290883366,106649
290903366,106741
290923366,106828
290944366,106912
290964366,106997
290984366,107081
291004366,107150
291024366,107240
291044366,107295
291064366,107379
291084366,107410
291104366,107038
291124366,106160
291145366,105385
291165366,104923
291185366,104747
291205366,104767
291225366,104889
291245366,105039
291265366,105185
291285366,105296
291305366,105430
291325366,105600
291346366,105718
291366366,105788
291386366,105815
291406366,105806
291426366,105797
291446366,105802
291466366,105853
291486366,105928
291506366,106012
291526366,106140
291547366,106269
291567366,106377
291587366,106500
291607366,106601
291627366,106716
291647366,106803
291667366,106894
291687366,106974
291707366,107045
291727366,107111
291748366,107171
291768366,107237
291788366,107329
291808366,107387
291828366,107465
291848366,107502
291868366,107110
291888366,106266
291908366,105551
291928366,105118
291948366,104947
291969366,104964
291989366,105103
292009366,105283
292029366,105475
292049366,105623
292069366,105790
292089366,105922
292109366,106031
292129366,106046
292149366,106038
292170366,105990
292190366,105971
292210366,106001
292230366,106065
292250366,106155
292270366,106238
292290366,106343
292310366,106437
292330366,106534
292350366,106625
292371366,106717
292391366,106797
292411366,106865
292431366,106925
292451366,107007
292471366,107085
292491366,107135
292511366,107198
292531366,107250
292551366,107313
292572366,107360
292592366,107437
292612366,107410
292632366,106871
292652366,106115
292672366,105541
292692366,105220
292712366,105140
292732366,105221
292752366,105370
292772366,105553
292793366,105740
292813366,105958
292833366,106147
292853366,106261
292873366,106303
292893366,106262
292913366,106176
292933366,106113
292953366,106098
292973366,106107
292994366,106175
293014366,106273
293034366,106385
293054366,106510
293074366,106652
293094366,106775
293114366,106872
293134366,106968
293154366,107035
293174366,107112
293195366,107191
293215366,107253
293235366,107322
293255366,107426
293275366,107539
293295366,107418
293315366,106792
293335366,106074
293355366,105584
293375366,105312
293396366,105267
293416366,105354
293436366,105550
293456366,105767
293476366,105964
293496366,106186
293516366,106392
293536366,106514
293556366,106517
293576366,106459
293597366,106375
293617366,106314
293637366,106330
293657366,106338
293677366,106414
293697366,106504
293717366,106602
293737366,106706
293757366,106791
293777366,106873
293797366,106946
293818366,107015
293838366,107085
293858366,107147
293878366,107198
293898366,107277
293918366,107345
293938366,107308
293958366,106740
293978366,105907
293998366,105247
294019366,104864
294039366,104721
294059366,104768
294079366,104913
294099366,105077
294119366,105239
294139366,105373
294159366,105553
294179366,105709
294199366,105800
294220366,105834
294240366,105821
294260366,105785
294280366,105744
294300366,105767
294320366,105824
294340366,105907
294360366,106016
294380366,106120
294400366,106226
294421366,106331
294441366,106409
294461366,106520
294481366,106589
294501366,106669
294521366,106763
294541366,106846
294561366,106905
294581366,106958
294601366,106994
294621366,106732
294642366,105943
294662366,105156
294682366,104611
294702366,104350
294722366,104334
294742366,104428
294762366,104565
294782366,104728
294802366,104847
294822366,104978
294843366,105131
294863366,105287
294883366,105380
294903366,105404
294923366,105401
294943366,105380
294963366,105387
294983366,105411
295003366,105462
295023366,105562
295044366,105685
295064366,105814
295084366,105940
295104366,106054
295124366,106175
295144366,106280
295164366,106345
295184366,106423
295204366,106502
295224366,106588
295245366,106651
295265366,106722
295285366,106809
295305366,106694
295325366,106039
295345366,105222
295365366,104625
295385366,104326
295405366,104255
295425366,104329
295446366,104514
295466366,104699
295486366,104888
295506366,105064
295526366,105249
295546366,105384
295566366,105469
295586366,105482
295606366,105457
295626366,105449
295646366,105451
295667366,105492
295687366,105586
295707366,105682
295727366,105804
295747366,105934
295767366,106046
295787366,106161
295807366,106272
295827366,106392
295847366,106486
295868366,106572
295888366,106670
295908366,106757
295928366,106863
295948366,106935
295968366,106996
295988366,107097
296008366,107070
296028366,106506
296048366,105659
296069366,105017
296089366,104675
296109366,104585
296129366,104631
296149366,104817
296169366,105039
296189366,105244
296209366,105459
296229366,105642
296249366,105793
296270366,105867
296290366,105856
296310366,105809
296330366,105744
296350366,105754
296370366,105790
296390366,105877
296410366,105986
296430366,106093
296450366,106219
296470366,106340
296491366,106439
296511366,106538
296531366,106618
296551366,106728
296571366,106793
296591366,106870
296611366,106944
296631366,107050
296651366,107122
296671366,106918
296692366,106222
296712366,105495
296732366,105007
296752366,104779
296772366,104764
296792366,104890
296812366,105089
296832366,105297
296852366,105510
296872366,105728
296893366,105894
296913366,105951
296933366,105952
296953366,105929
296973366,105874
296993366,105849
297013366,105862
297033366,105910
297053366,105990
297073366,106097
297094366,106216
297114366,106325
297134366,106415
297154366,106527
297174366,106632
297194366,106725
297214366,106819
297234366,106885
297254366,106959
297274366,107037
297295366,107002
297315366,106448
297335366,105581
297355366,104902
297375366,104533
297395366,104408
297415366,104433
297435366,104575
297455366,104737
297475366,104913
297496366,105076
297516366,105270
297536366,105457
297556366,105558
297576366,105596
297596366,105570
297616366,105531
297636366,105507
297656366,105532
297676366,105596
297696366,105691
297717366,105800
297737366,105916
297757366,106038
297777366,106153
297797366,106267
297817366,106359
297837366,106445
297857366,106520
297877366,106608
297897366,106670
297918366,106742
297938366,106813
297958366,106868
297978366,106605
297998366,105742
298018366,104894
298038366,104346
298058366,104088
298078366,104056
298098366,104145
298119366,104294
298139366,104468
298159366,104622
298179366,104780
298199366,104956
298219366,105106
298239366,105175
298259366,105196
298279366,105173
298299366,105145
298320366,105143
298340366,105183
298360366,105261
298380366,105352
298400366,105475
298420366,105584
298440366,105684
298460366,105788
298480366,105896
298500366,106016
298521366,106104
298541366,106203
298561366,106308
298581366,106408
298601366,106519
298621366,106589
298641366,106658
298661366,106740
298681366,106594
298701366,105829
298722366,104948
298742366,104362
298762366,104086
298782366,104038
298802366,104137
298822366,104326
298842366,104533
298862366,104711
298882366,104856
298902366,105023
298923366,105154
298943366,105227
298963366,105259
298983366,105240
299003366,105227
299023366,105243
299043366,105282
299063366,105372
299083366,105463
299103366,105574
299123366,105697
299144366,105830
299164366,105979
299184366,106112
299204366,106230
299224366,106347
299244366,106443
299264366,106557
299284366,106641
299304366,106730
299324366,106803
299345366,106878
299365366,106960
299385366,107056
299405366,106911
299425366,106199
299445366,105332
299465366,104760
299485366,104489
299505366,104462
299525366,104572
299546366,104781
299566366,104985
299586366,105194
299606366,105418
299626366,105621
299646366,105759
299666366,105772
299686366,105735
299706366,105666
299726366,105626
299747366,105620
299767366,105662
299787366,105742
299807366,105844
299827366,105969
299847366,106101
299867366,106222
299887366,106319
299907366,106406
299927366,106500
299948366,106582
299968366,106676
299988366,106762
300008366,106857
300028366,106994
300048366,107040
300068366,106679
300088366,105879
300108366,105214
300128366,104824
300148366,104664
300169366,104697
300189366,104877
300209366,105107
300229366,105340
300249366,105595
300269366,105835
300289366,106004
300309366,106070
300329366,106053
300349366,105990
300370366,105919
300390366,105879
300410366,105878
300430366,105924
300450366,106029
300470366,106126
300490366,106252
300510366,106363
300530366,106465
300550366,106545
300571366,106616
300591366,106708
300611366,106790
300631366,106880
300651366,106990
300671366,106989
300691366,106515
300711366,105620
300731366,104907
300751366,104509
300772366,104376
300792366,104411
300812366,104564
300832366,104767
300852366,104975
300872366,105177
300892366,105365
300912366,105518
300932366,105589
300952366,105598
300973366,105568
300993366,105524
301013366,105521
301033366,105554
301053366,105636
301073366,105721
301093366,105816
301113366,105925
301133366,106009
301153366,106126
301174366,106228
301194366,106308
301214366,106405
301234366,106488
301254366,106574
301274366,106675
301294366,106759
301314366,106678
301334366,106015
301354366,105105
301374366,104465
301395366,104139
301415366,104065
301435366,104136
301455366,104295
301475366,104512
301495366,104687
301515366,104866
301535366,105037
301555366,105183
301575366,105260
301596366,105291
301616366,105260
301636366,105241
301656366,105243
301676366,105289
301696366,105353
301716366,105443
301736366,105547
301756366,105643
301776366,105737
301797366,105839
301817366,105953
301837366,106066
301857366,106156
301877366,106248
301897366,106328
301917366,106388
301937366,106464
301957366,106498
301977366,106115
301998366,105257
302018366,104545
302038366,104155
302058366,103988
302078366,104046
302098366,104196
302118366,104397
302138366,104584
302158366,104767
302178366,104982
302199366,105143
302219366,105234
302239366,105272
302259366,105254
302279366,105207
302299366,105184
302319366,105215
302339366,105288
302359366,105362
302379366,105450
302400366,105574
302420366,105696
302440366,105819
302460366,105926
302480366,106044
302500366,106139
302520366,106206
302540366,106290
302560366,106362
302580366,106419
302601366,106481
302621366,106536
302641366,106611
302661366,106344
302681366,105544
302701366,104766
302721366,104272
302741366,104072
302761366,104088
302781366,104244
302801366,104434
302822366,104634
302842366,104859
302862366,105082
302882366,105257
302902366,105350
302922366,105345
302942366,105285
302962366,105220
302982366,105155
303002366,105159
303023366,105209
303043366,105306
303063366,105424
303083366,105544
303103366,105681
303123366,105781
303143366,105889
303163366,105983
303183366,106077
303203366,106174
303224366,106244
303244366,106318
303264366,106422
303284366,106548
303304366,106474
303324366,105873
303344366,105098
303364366,104570
303384366,104300
303404366,104258
303425366,104379
303445366,104588
303465366,104821
303485366,105046
303505366,105299
303525366,105517
303545366,105628
303565366,105657
303585366,105627
303605366,105570
303626366,105533
303646366,105535
303666366,105603
303686366,105683
303706366,105797
303726366,105920
303746366,106050
303766366,106165
303786366,106278
303806366,106371
303827366,106449
303847366,106513
303867366,106602
303887366,106673
303907366,106760
303927366,106808
303947366,106449
303967366,105595
303987366,104816
304007366,104329
304028366,104134
304048366,104157
304068366,104293
304088366,104475
304108366,104694
304128366,104897
304148366,105107
304168366,105270
304188366,105369
304208366,105358
304228366,105331
304249366,105285
304269366,105253
304289366,105251
304309366,105321
304329366,105416
304349366,105524
304369366,105638
304389366,105755
304409366,105859
304429366,105956
304450366,106047
304470366,106130
304490366,106217
304510366,106306
304530366,106399
304550366,106483
304570366,106577
304590366,106522
304610366,105916
304630366,105007
304651366,104331
304671366,103994
304691366,103903
304711366,103965
304731366,104134
304751366,104339
304771366,104513
304791366,104678
304811366,104873
304831366,105028
304852366,105101
304872366,105122
304892366,105120
304912366,105092
304932366,105110
304952366,105144
304972366,105234
304992366,105362
305012366,105507
305032366,105659
305053366,105801
305073366,105933
305093366,106068
305113366,106175
305133366,106283
305153366,106380
305173366,106465
305193366,106548
305213366,106627
305233366,106705
305254366,106560
305274366,105832
305294366,104961
305314366,104332
305334366,104048
305354366,103971
305374366,104016
305394366,104120
305414366,104278
305434366,104450
305454366,104657
305475366,104838
305495366,104950
305515366,105008
305535366,105017
305555366,105014
305575366,105012
305595366,105037
305615366,105075
305635366,105141
305655366,105219
305676366,105333
305696366,105448
305716366,105586
305736366,105706
305756366,105819
305776366,105939
305796366,106038
305816366,106117
305836366,106204
305856366,106270
305877366,106347
305897366,106437
305917366,106555
305937366,106510
305957366,105920
305977366,105048
305997366,104434
306017366,104129
306037366,104089
306057366,104198
306078366,104398
306098366,104619
306118366,104846
306138366,105077
306158366,105294
306178366,105421
306198366,105437
306218366,105392
306238366,105324
306258366,105269
306279366,105262
306299366,105305
306319366,105407
306339366,105489
306359366,105628
306379366,105761
306399366,105887
306419366,106013
306439366,106118
